date_index,product,price,competitor_price,marketing_spend,visibility_index,units_sold,revenue,profit,unit_cost
0,AlphaWatch,81.13,81.45,152.33,0.768,6,486.81,246.81,40
1,AlphaWatch,77.49,55.66,46.03,1.023,4,309.95,149.95,40
2,AlphaWatch,74.88,71.98,38.51,1.073,5,374.38,174.38,40
3,AlphaWatch,84.06,63.82,4.36,1.023,1,84.06,44.06,40
4,AlphaWatch,83.67,78.5,26.41,0.553,6,502.03,262.03,40
5,AlphaWatch,86.8,70.35,8.89,0.824,1,86.8,46.8,40
6,AlphaWatch,91.18,71.17,64.47,1.278,4,364.71,204.71,40
7,AlphaWatch,96.99,89.4,33.94,0.857,5,484.94,284.94,40
8,AlphaWatch,75.15,64.01,14.14,1.328,3,225.45,105.45,40
9,AlphaWatch,68.88,98.09,64.06,0.774,7,482.18,202.18,40
10,AlphaWatch,91.73,93.37,14.9,0.508,1,91.73,51.73,40
11,AlphaWatch,81.77,85.25,18.18,1.441,2,163.54,83.54,40
12,AlphaWatch,91.07,102.7,32.69,1.373,1,91.07,51.07,40
13,AlphaWatch,66.78,55.42,7.74,1.035,2,133.55,53.55,40
14,AlphaWatch,69.37,63.56,14.65,0.776,4,277.49,117.49,40
15,AlphaWatch,96.19,102.08,49.14,1.156,3,288.56,168.56,40
16,AlphaWatch,93.42,52.95,53.32,0.688,1,93.42,53.42,40
17,AlphaWatch,79.02,78.9,31.55,1.13,2,158.05,78.05,40
18,AlphaWatch,79.31,84.21,29.89,1.347,6,475.83,235.83,40
19,AlphaWatch,75.95,57.04,21.73,1.062,4,303.78,143.78,40
20,AlphaWatch,78.45,78.88,19.24,1.389,0,0.0,0.0,40
21,AlphaWatch,86.12,93.4,16.59,0.665,1,86.12,46.12,40
22,AlphaWatch,64.95,83.57,38.32,1.024,1,64.95,24.95,40
23,AlphaWatch,74.79,59.46,20.22,1.438,1,74.79,34.79,40
24,AlphaWatch,70.86,57.62,26.93,1.109,6,425.18,185.18,40
25,AlphaWatch,83.8,66.01,59.16,0.977,1,83.8,43.8,40
26,AlphaWatch,95.27,71.53,25.58,0.552,2,190.54,110.54,40
27,AlphaWatch,71.26,89.78,28.24,1.241,1,71.26,31.26,40
28,AlphaWatch,70.52,91.82,39.53,0.997,6,423.09,183.09,40
29,AlphaWatch,74.83,66.47,4.01,1.429,3,224.5,104.5,40
30,AlphaWatch,84.74,97.91,35.92,1.49,6,508.45,268.45,40
31,AlphaWatch,104.85,93.56,2.06,1.481,0,0.0,0.0,40
32,AlphaWatch,80.79,100.11,3.27,1.45,2,161.58,81.58,40
33,AlphaWatch,105.9,98.88,20.99,0.959,5,529.52,329.52,40
34,AlphaWatch,69.27,57.91,6.2,1.075,3,207.81,87.81,40
35,AlphaWatch,89.33,58.33,13.07,1.02,6,535.96,295.96,40
36,AlphaWatch,60.04,68.4,21.8,1.299,2,120.08,40.08,40
37,AlphaWatch,92.18,50.63,22.27,1.461,3,276.53,156.53,40
38,AlphaWatch,86.71,87.71,8.31,0.838,2,173.41,93.41,40
39,AlphaWatch,70.98,60.62,0.21,0.817,3,212.95,92.95,40
40,AlphaWatch,86.67,101.26,11.07,0.51,5,433.36,233.36,40
41,AlphaWatch,57.02,61.73,60.87,1.363,7,399.12,119.12,40
42,AlphaWatch,56.61,53.56,14.74,1.411,1,56.61,16.61,40
43,AlphaWatch,77.17,64.8,14.21,1.159,1,77.17,37.17,40
44,AlphaWatch,66.88,60.39,17.95,1.456,6,401.27,161.27,40
45,AlphaWatch,71.95,80.24,33.36,0.95,5,359.75,159.75,40
46,AlphaWatch,66.76,48.58,40.67,1.015,0,0.0,0.0,40
47,AlphaWatch,69.88,67.85,41.83,1.048,2,139.76,59.76,40
48,AlphaWatch,81.62,55.37,27.36,0.57,1,81.62,41.62,40
49,AlphaWatch,70.12,80.87,61.48,1.375,4,280.46,120.46,40
50,AlphaWatch,53.38,55.37,7.94,1.119,1,53.38,13.38,40
51,AlphaWatch,69.54,86.01,67.67,1.385,2,139.08,59.08,40
52,AlphaWatch,68.51,71.69,28.58,0.616,4,274.05,114.05,40
53,AlphaWatch,60.62,67.34,7.48,1.321,4,242.47,82.47,40
54,AlphaWatch,91.99,71.56,28.0,1.413,0,0.0,0.0,40
55,AlphaWatch,76.04,61.95,61.78,0.643,1,76.04,36.04,40
56,AlphaWatch,63.74,78.26,30.56,1.334,4,254.94,94.94,40
57,AlphaWatch,67.48,62.4,95.95,0.911,12,809.71,329.71,40
58,AlphaWatch,74.07,80.97,14.45,0.571,3,222.21,102.21,40
59,AlphaWatch,93.2,71.63,15.72,1.219,4,372.78,212.78,40
60,AlphaWatch,103.2,82.93,19.96,1.007,0,0.0,0.0,40
61,AlphaWatch,88.32,85.66,19.87,1.071,4,353.27,193.27,40
62,AlphaWatch,62.65,74.46,28.5,1.487,3,187.95,67.95,40
63,AlphaWatch,87.11,54.2,42.94,0.553,4,348.43,188.43,40
64,AlphaWatch,111.02,100.89,60.33,0.698,2,222.03,142.03,40
65,AlphaWatch,77.97,86.28,55.72,0.979,6,467.81,227.81,40
66,AlphaWatch,74.27,88.29,14.83,0.959,3,222.82,102.82,40
67,AlphaWatch,103.33,81.13,13.84,0.642,2,206.65,126.65,40
68,AlphaWatch,74.09,55.66,35.13,0.811,5,370.44,170.44,40
69,AlphaWatch,75.67,85.93,17.35,0.601,2,151.35,71.35,40
70,AlphaWatch,100.07,82.28,6.79,1.239,5,500.34,300.34,40
71,AlphaWatch,83.06,76.22,39.39,0.897,5,415.31,215.31,40
72,AlphaWatch,69.09,65.19,38.62,0.661,1,69.09,29.09,40
73,AlphaWatch,56.06,63.35,51.37,0.673,9,504.53,144.53,40
74,AlphaWatch,96.89,66.58,63.88,0.642,5,484.45,284.45,40
75,AlphaWatch,80.8,83.48,15.23,1.36,3,242.4,122.4,40
76,AlphaWatch,81.11,79.15,48.44,1.395,0,0.0,0.0,40
77,AlphaWatch,73.13,65.49,27.99,1.386,2,146.25,66.25,40
78,AlphaWatch,73.15,69.96,45.26,0.62,5,365.76,165.76,40
79,AlphaWatch,75.98,99.72,19.14,1.45,2,151.97,71.97,40
80,AlphaWatch,72.6,80.25,26.01,0.815,1,72.6,32.6,40
81,AlphaWatch,57.94,59.41,59.91,0.933,6,347.64,107.64,40
82,AlphaWatch,79.18,71.4,36.41,1.063,1,79.18,39.18,40
83,AlphaWatch,89.92,91.38,37.34,1.257,4,359.69,199.69,40
84,AlphaWatch,86.32,84.27,30.36,1.253,6,517.92,277.92,40
85,AlphaWatch,89.31,88.25,8.53,1.046,0,0.0,0.0,40
86,AlphaWatch,81.65,67.62,21.51,0.624,1,81.65,41.65,40
87,AlphaWatch,80.24,82.09,12.26,0.86,3,240.71,120.71,40
88,AlphaWatch,87.2,83.05,14.14,1.258,1,87.2,47.2,40
89,AlphaWatch,83.45,65.19,16.7,1.258,3,250.36,130.36,40
90,AlphaWatch,88.63,76.59,43.98,0.523,0,0.0,0.0,40
91,AlphaWatch,56.67,54.32,43.07,1.308,9,510.07,150.07,40
92,AlphaWatch,92.83,99.49,44.99,0.567,1,92.83,52.83,40
93,AlphaWatch,64.93,80.85,58.17,1.196,11,714.25,274.25,40
94,AlphaWatch,82.1,71.57,46.45,1.274,7,574.72,294.72,40
95,AlphaWatch,100.6,93.04,23.88,1.36,1,100.6,60.6,40
96,AlphaWatch,56.54,48.35,18.89,0.943,6,339.21,99.21,40
97,AlphaWatch,78.55,59.48,39.62,0.822,5,392.75,192.75,40
98,AlphaWatch,66.45,64.14,11.2,1.361,3,199.34,79.34,40
99,AlphaWatch,61.91,57.01,31.35,0.569,6,371.46,131.46,40
100,AlphaWatch,102.69,91.26,33.96,1.065,1,102.69,62.69,40
101,AlphaWatch,88.52,89.93,30.78,1.029,3,265.56,145.56,40
102,AlphaWatch,69.81,56.01,16.28,0.798,2,139.61,59.61,40
103,AlphaWatch,69.48,76.75,42.96,1.173,5,347.39,147.39,40
104,AlphaWatch,60.93,65.77,23.43,0.957,7,426.53,146.53,40
105,AlphaWatch,77.12,50.18,10.46,0.918,1,77.12,37.12,40
106,AlphaWatch,92.87,67.96,70.64,1.306,3,278.6,158.6,40
107,AlphaWatch,55.72,48.93,69.05,1.338,8,445.78,125.78,40
108,AlphaWatch,90.2,74.01,50.82,1.28,5,451.01,251.01,40
109,AlphaWatch,72.22,77.88,27.84,1.133,6,433.33,193.33,40
110,AlphaWatch,77.57,56.54,20.36,1.18,6,465.43,225.43,40
111,AlphaWatch,72.98,59.5,43.27,1.142,5,364.91,164.91,40
112,AlphaWatch,77.88,105.75,21.0,1.064,2,155.76,75.76,40
113,AlphaWatch,72.16,58.87,26.9,0.847,2,144.33,64.33,40
114,AlphaWatch,83.17,68.61,57.84,0.859,1,83.17,43.17,40
115,AlphaWatch,87.46,78.34,75.39,1.047,4,349.83,189.83,40
116,AlphaWatch,56.29,64.14,31.83,0.6,2,112.58,32.58,40
117,AlphaWatch,83.42,85.07,9.16,1.23,2,166.85,86.85,40
118,AlphaWatch,86.32,51.97,2.86,0.715,2,172.65,92.65,40
119,AlphaWatch,71.7,90.04,14.44,1.168,5,358.48,158.48,40
120,AlphaWatch,93.45,82.86,54.23,1.397,4,373.81,213.81,40
121,AlphaWatch,55.8,64.29,81.19,1.368,6,334.82,94.82,40
122,AlphaWatch,89.46,51.12,43.69,1.118,5,447.31,247.31,40
123,AlphaWatch,68.74,63.51,27.83,1.066,5,343.7,143.7,40
124,AlphaWatch,94.62,89.48,32.2,0.882,3,283.87,163.87,40
125,AlphaWatch,71.67,76.66,7.31,1.255,3,215.01,95.01,40
126,AlphaWatch,72.19,64.41,40.92,0.615,6,433.12,193.12,40
127,AlphaWatch,81.28,97.64,52.74,0.543,2,162.57,82.57,40
128,AlphaWatch,67.77,75.43,42.36,0.973,3,203.32,83.32,40
129,AlphaWatch,80.38,64.34,57.31,1.254,3,241.14,121.14,40
130,AlphaWatch,94.04,79.33,34.76,1.122,0,0.0,0.0,40
131,AlphaWatch,76.04,85.25,5.79,0.511,2,152.09,72.09,40
132,AlphaWatch,86.42,96.26,25.84,0.613,3,259.25,139.25,40
133,AlphaWatch,90.37,90.85,10.23,0.566,1,90.37,50.37,40
134,AlphaWatch,63.91,66.79,14.58,0.635,2,127.83,47.83,40
135,AlphaWatch,98.78,86.87,31.83,0.666,2,197.57,117.57,40
136,AlphaWatch,72.77,62.38,15.98,1.402,6,436.61,196.61,40
137,AlphaWatch,87.55,77.84,11.79,0.981,2,175.09,95.09,40
138,AlphaWatch,105.03,91.48,25.75,0.858,5,525.16,325.16,40
139,AlphaWatch,69.35,64.77,16.72,0.87,6,416.11,176.11,40
140,AlphaWatch,89.67,100.71,33.48,1.074,5,448.34,248.34,40
141,AlphaWatch,95.19,83.59,88.65,1.12,4,380.74,220.74,40
142,AlphaWatch,96.58,91.76,50.85,1.466,5,482.89,282.89,40
143,AlphaWatch,81.34,89.66,10.82,0.738,4,325.36,165.36,40
144,AlphaWatch,71.47,88.11,70.07,1.339,6,428.81,188.81,40
145,AlphaWatch,70.18,81.17,5.68,0.693,3,210.55,90.55,40
146,AlphaWatch,65.04,53.45,9.39,0.809,1,65.04,25.04,40
147,AlphaWatch,94.77,80.23,24.63,1.405,0,0.0,0.0,40
148,AlphaWatch,91.29,56.07,75.76,0.836,0,0.0,0.0,40
149,AlphaWatch,66.02,68.14,16.62,0.781,3,198.06,78.06,40
150,AlphaWatch,90.14,83.62,19.25,0.586,2,180.27,100.27,40
151,AlphaWatch,84.2,103.35,31.58,1.35,1,84.2,44.2,40
152,AlphaWatch,90.91,89.54,8.25,0.539,5,454.56,254.56,40
153,AlphaWatch,72.52,88.9,13.59,1.162,3,217.56,97.56,40
154,AlphaWatch,88.69,92.27,3.24,0.565,0,0.0,0.0,40
155,AlphaWatch,107.65,92.6,21.05,0.938,1,107.65,67.65,40
156,AlphaWatch,104.35,98.95,27.93,1.238,1,104.35,64.35,40
157,AlphaWatch,92.3,77.21,47.92,0.592,1,92.3,52.3,40
158,AlphaWatch,79.7,76.14,15.64,1.078,2,159.39,79.39,40
159,AlphaWatch,71.79,60.76,28.98,0.787,5,358.93,158.93,40
160,AlphaWatch,85.22,59.16,68.64,0.713,4,340.9,180.9,40
161,AlphaWatch,84.29,62.45,21.32,1.109,3,252.88,132.88,40
162,AlphaWatch,81.02,55.78,21.08,0.96,5,405.09,205.09,40
163,AlphaWatch,75.67,99.81,71.59,1.132,4,302.68,142.68,40
164,AlphaWatch,76.95,53.98,8.14,0.974,1,76.95,36.95,40
165,AlphaWatch,94.9,60.95,15.78,1.203,3,284.71,164.71,40
166,AlphaWatch,82.36,52.35,21.98,1.014,3,247.09,127.09,40
167,AlphaWatch,80.28,56.27,16.38,1.07,2,160.56,80.56,40
168,AlphaWatch,57.02,60.68,38.89,1.465,7,399.14,119.14,40
169,AlphaWatch,91.41,67.46,131.92,1.253,2,182.81,102.81,40
170,AlphaWatch,77.02,97.56,26.36,0.851,1,77.02,37.02,40
171,AlphaWatch,84.27,74.55,7.09,0.657,0,0.0,0.0,40
172,AlphaWatch,67.62,77.74,59.7,0.504,1,67.62,27.62,40
173,AlphaWatch,100.39,70.65,15.66,1.473,1,100.39,60.39,40
174,AlphaWatch,94.98,88.27,31.39,0.572,2,189.96,109.96,40
175,AlphaWatch,99.39,72.3,43.13,0.965,3,298.18,178.18,40
176,AlphaWatch,82.52,62.71,33.52,0.771,2,165.04,85.04,40
177,AlphaWatch,95.22,91.1,120.42,0.606,2,190.45,110.45,40
178,AlphaWatch,82.81,86.9,14.38,1.48,5,414.07,214.07,40
179,AlphaWatch,70.26,77.22,65.64,0.608,1,70.26,30.26,40
180,AlphaWatch,89.22,93.63,44.32,0.502,4,356.89,196.89,40
181,AlphaWatch,50.8,50.27,21.78,1.127,3,152.39,32.39,40
182,AlphaWatch,82.73,78.23,16.37,1.238,1,82.73,42.73,40
183,AlphaWatch,70.87,68.44,18.96,0.809,6,425.2,185.2,40
184,AlphaWatch,72.73,63.52,44.14,0.755,5,363.67,163.67,40
185,AlphaWatch,80.8,59.59,99.91,0.936,7,565.57,285.57,40
186,AlphaWatch,85.35,76.92,38.99,1.15,2,170.71,90.71,40
187,AlphaWatch,56.39,67.78,50.57,0.644,4,225.55,65.55,40
188,AlphaWatch,97.83,80.1,17.76,1.259,1,97.83,57.83,40
189,AlphaWatch,75.27,67.73,14.54,1.287,3,225.8,105.8,40
190,AlphaWatch,64.12,53.68,48.5,0.834,3,192.35,72.35,40
191,AlphaWatch,68.93,84.42,17.34,1.228,1,68.93,28.93,40
192,AlphaWatch,55.74,56.38,70.27,1.048,3,167.21,47.21,40
193,AlphaWatch,83.11,89.02,55.77,1.287,7,581.77,301.77,40
194,AlphaWatch,93.86,70.2,11.8,0.804,1,93.86,53.86,40
195,AlphaWatch,64.49,82.03,40.86,0.935,7,451.44,171.44,40
196,AlphaWatch,60.23,61.4,73.96,1.428,2,120.47,40.47,40
197,AlphaWatch,84.22,74.47,34.35,0.502,2,168.44,88.44,40
198,AlphaWatch,86.09,63.66,28.75,1.328,2,172.18,92.18,40
199,AlphaWatch,76.46,62.99,5.9,1.486,7,535.23,255.23,40
200,AlphaWatch,74.13,55.41,68.98,1.121,3,222.39,102.39,40
201,AlphaWatch,82.19,62.79,103.17,0.578,4,328.78,168.78,40
202,AlphaWatch,80.58,73.88,6.59,1.39,3,241.75,121.75,40
203,AlphaWatch,99.53,86.64,37.61,0.581,4,398.14,238.14,40
204,AlphaWatch,96.8,87.16,6.61,0.85,2,193.6,113.6,40
205,AlphaWatch,64.55,80.68,7.31,0.752,4,258.19,98.19,40
206,AlphaWatch,98.03,77.86,30.5,0.56,7,686.23,406.23,40
207,AlphaWatch,66.8,81.88,17.21,1.056,7,467.59,187.59,40
208,AlphaWatch,64.34,72.71,30.51,1.389,3,193.02,73.02,40
209,AlphaWatch,66.85,83.49,39.88,1.179,8,534.79,214.79,40
210,AlphaWatch,84.08,72.22,37.59,0.764,7,588.58,308.58,40
211,AlphaWatch,77.62,84.01,47.56,1.031,4,310.48,150.48,40
212,AlphaWatch,87.73,70.0,52.77,0.79,3,263.2,143.2,40
213,AlphaWatch,64.92,56.4,7.41,1.016,5,324.61,124.61,40
214,AlphaWatch,52.95,55.22,23.68,0.673,7,370.66,90.66,40
215,AlphaWatch,76.82,49.37,60.54,1.093,4,307.3,147.3,40
216,AlphaWatch,86.18,81.85,25.39,0.577,5,430.88,230.88,40
217,AlphaWatch,81.28,59.52,63.46,1.384,6,487.65,247.65,40
218,AlphaWatch,102.66,80.15,67.78,0.646,1,102.66,62.66,40
219,AlphaWatch,69.15,98.35,19.27,0.87,3,207.45,87.45,40
220,AlphaWatch,58.9,73.61,8.44,0.966,4,235.6,75.6,40
221,AlphaWatch,78.16,99.73,95.61,0.638,4,312.65,152.65,40
222,AlphaWatch,72.63,74.75,71.29,0.633,4,290.52,130.52,40
223,AlphaWatch,97.63,64.38,19.57,1.032,3,292.89,172.89,40
224,AlphaWatch,78.69,97.97,34.5,1.356,4,314.77,154.77,40
225,AlphaWatch,71.92,74.88,71.08,0.892,4,287.67,127.67,40
226,AlphaWatch,92.83,65.78,12.25,0.8,2,185.66,105.66,40
227,AlphaWatch,100.52,81.96,21.49,1.395,5,502.59,302.59,40
228,AlphaWatch,82.27,98.14,6.08,1.322,5,411.33,211.33,40
229,AlphaWatch,75.51,58.54,7.22,0.847,2,151.02,71.02,40
230,AlphaWatch,108.14,94.38,16.71,1.305,2,216.27,136.27,40
231,AlphaWatch,68.27,88.27,65.81,0.896,4,273.07,113.07,40
232,AlphaWatch,94.23,101.33,73.74,1.187,1,94.23,54.23,40
233,AlphaWatch,92.31,69.11,18.2,1.432,3,276.94,156.94,40
234,AlphaWatch,98.08,85.39,21.45,1.473,4,392.32,232.32,40
235,AlphaWatch,71.99,60.81,42.75,1.269,6,431.97,191.97,40
236,AlphaWatch,95.39,65.19,6.9,1.259,0,0.0,0.0,40
237,AlphaWatch,85.31,65.79,24.66,0.75,2,170.62,90.62,40
238,AlphaWatch,69.25,79.49,5.26,0.695,4,276.99,116.99,40
239,AlphaWatch,86.32,54.31,4.01,0.564,1,86.32,46.32,40
240,AlphaWatch,67.46,68.92,44.35,0.631,2,134.91,54.91,40
241,AlphaWatch,104.92,89.3,34.73,0.563,6,629.54,389.54,40
242,AlphaWatch,93.76,64.02,17.28,0.573,1,93.76,53.76,40
243,AlphaWatch,100.25,95.64,47.41,1.123,5,501.26,301.26,40
244,AlphaWatch,94.46,73.28,59.73,0.545,3,283.39,163.39,40
245,AlphaWatch,79.07,76.47,14.43,1.371,5,395.34,195.34,40
246,AlphaWatch,105.46,94.42,28.74,1.097,6,632.75,392.75,40
247,AlphaWatch,94.22,84.31,32.49,1.051,1,94.22,54.22,40
248,AlphaWatch,103.35,73.92,82.94,0.515,8,826.76,506.76,40
249,AlphaWatch,94.42,94.5,38.02,0.648,2,188.83,108.83,40
250,AlphaWatch,60.53,53.33,28.93,1.017,4,242.11,82.11,40
251,AlphaWatch,95.24,73.43,30.02,0.553,3,285.72,165.72,40
252,AlphaWatch,78.24,92.63,15.76,1.416,1,78.24,38.24,40
253,AlphaWatch,85.79,56.19,8.15,0.823,0,0.0,0.0,40
254,AlphaWatch,65.48,57.55,56.26,0.73,4,261.9,101.9,40
255,AlphaWatch,95.6,73.93,10.62,1.481,4,382.42,222.42,40
256,AlphaWatch,61.9,68.56,59.34,0.997,6,371.4,131.4,40
257,AlphaWatch,59.16,61.04,14.8,0.938,6,354.95,114.95,40
258,AlphaWatch,93.58,65.18,4.96,0.926,1,93.58,53.58,40
259,AlphaWatch,87.92,75.9,10.36,0.72,2,175.84,95.84,40
260,AlphaWatch,81.52,80.75,2.33,0.501,1,81.52,41.52,40
261,AlphaWatch,71.74,85.71,40.59,1.482,5,358.69,158.69,40
262,AlphaWatch,67.01,72.62,40.15,1.188,5,335.05,135.05,40
263,AlphaWatch,70.58,67.4,33.72,0.526,5,352.88,152.88,40
264,AlphaWatch,66.93,69.77,18.35,1.3,3,200.79,80.79,40
265,AlphaWatch,78.19,60.07,14.22,0.649,4,312.75,152.75,40
266,AlphaWatch,72.49,52.86,18.3,1.148,3,217.47,97.47,40
267,AlphaWatch,71.98,79.94,56.29,1.248,6,431.9,191.9,40
268,AlphaWatch,84.05,92.43,29.16,0.571,6,504.33,264.33,40
269,AlphaWatch,70.92,85.56,43.76,0.916,4,283.7,123.7,40
270,AlphaWatch,72.87,81.63,15.8,0.506,4,291.48,131.48,40
271,AlphaWatch,75.14,55.54,14.68,1.438,10,751.38,351.38,40
272,AlphaWatch,87.98,106.25,6.92,0.76,4,351.9,191.9,40
273,AlphaWatch,74.26,64.07,45.21,1.44,1,74.26,34.26,40
274,AlphaWatch,91.97,59.23,25.47,0.798,4,367.88,207.88,40
275,AlphaWatch,102.15,84.25,23.28,1.108,2,204.31,124.31,40
276,AlphaWatch,80.22,65.44,89.44,1.363,4,320.87,160.87,40
277,AlphaWatch,83.9,78.44,26.57,1.168,9,755.1,395.1,40
278,AlphaWatch,99.09,77.84,24.27,1.207,3,297.27,177.27,40
279,AlphaWatch,69.66,62.72,15.55,0.606,4,278.64,118.64,40
280,AlphaWatch,92.42,106.29,54.42,1.028,1,92.42,52.42,40
281,AlphaWatch,88.51,93.09,4.57,1.148,1,88.51,48.51,40
282,AlphaWatch,63.17,80.51,23.89,0.826,8,505.38,185.38,40
283,AlphaWatch,74.95,65.16,22.49,1.338,5,374.74,174.74,40
284,AlphaWatch,58.61,60.91,27.51,1.471,3,175.82,55.82,40
285,AlphaWatch,71.43,83.12,17.99,1.069,4,285.72,125.72,40
286,AlphaWatch,69.59,72.94,11.99,1.147,8,556.7,236.7,40
287,AlphaWatch,70.27,59.9,16.56,0.806,2,140.53,60.53,40
288,AlphaWatch,71.88,87.17,48.68,0.947,5,359.39,159.39,40
289,AlphaWatch,102.24,81.22,12.61,0.535,4,408.97,248.97,40
290,AlphaWatch,90.14,71.21,17.67,0.709,2,180.29,100.29,40
291,AlphaWatch,96.55,95.53,22.75,1.277,5,482.73,282.73,40
292,AlphaWatch,91.97,72.69,16.13,1.12,0,0.0,0.0,40
293,AlphaWatch,53.42,56.32,36.59,0.982,4,213.67,53.67,40
294,AlphaWatch,100.5,95.48,21.8,1.449,0,0.0,0.0,40
295,AlphaWatch,59.06,55.83,5.19,1.358,1,59.06,19.06,40
296,AlphaWatch,90.43,69.05,31.49,1.302,7,633.0,353.0,40
297,AlphaWatch,83.55,65.07,9.88,0.909,3,250.66,130.66,40
298,AlphaWatch,70.78,69.16,33.61,0.691,3,212.34,92.34,40
299,AlphaWatch,79.2,81.19,16.92,0.804,4,316.8,156.8,40
300,AlphaWatch,91.91,91.8,12.82,0.646,5,459.55,259.55,40
301,AlphaWatch,77.5,53.69,58.56,0.58,4,309.99,149.99,40
302,AlphaWatch,97.94,81.1,46.99,1.321,9,881.47,521.47,40
303,AlphaWatch,86.96,65.09,33.8,1.184,3,260.87,140.87,40
304,AlphaWatch,65.74,50.46,41.04,0.68,3,197.23,77.23,40
305,AlphaWatch,81.26,92.17,36.99,0.573,2,162.52,82.52,40
306,AlphaWatch,92.77,59.1,3.9,0.857,2,185.54,105.54,40
307,AlphaWatch,96.25,59.99,47.1,0.833,4,384.99,224.99,40
308,AlphaWatch,79.21,78.02,16.95,1.421,5,396.07,196.07,40
309,AlphaWatch,64.37,69.08,19.0,0.881,8,514.99,194.99,40
310,AlphaWatch,101.32,104.75,10.95,1.127,4,405.29,245.29,40
311,AlphaWatch,72.27,102.86,20.82,0.733,4,289.1,129.1,40
312,AlphaWatch,75.08,90.91,28.79,1.011,5,375.38,175.38,40
313,AlphaWatch,91.84,77.03,16.21,0.966,5,459.19,259.19,40
314,AlphaWatch,88.63,92.33,69.54,0.96,6,531.76,291.76,40
315,AlphaWatch,105.88,87.18,36.72,1.413,6,635.31,395.31,40
316,AlphaWatch,98.83,77.12,60.59,0.515,5,494.15,294.15,40
317,AlphaWatch,79.49,85.92,46.1,1.493,3,238.46,118.46,40
318,AlphaWatch,79.17,71.15,29.29,0.867,5,395.85,195.85,40
319,AlphaWatch,58.45,57.4,3.86,1.114,5,292.25,92.25,40
320,AlphaWatch,89.28,74.35,41.88,0.969,2,178.57,98.57,40
321,AlphaWatch,96.56,100.81,21.15,0.82,5,482.82,282.82,40
322,AlphaWatch,102.37,104.47,24.57,1.357,5,511.85,311.85,40
323,AlphaWatch,70.82,58.41,29.24,1.198,7,495.71,215.71,40
324,AlphaWatch,86.78,66.72,38.78,0.797,4,347.13,187.13,40
325,AlphaWatch,90.82,74.98,30.97,0.806,2,181.64,101.64,40
326,AlphaWatch,67.91,71.88,21.18,0.682,5,339.56,139.56,40
327,AlphaWatch,61.57,62.49,23.39,1.384,5,307.84,107.84,40
328,AlphaWatch,68.12,81.44,50.33,0.938,10,681.25,281.25,40
329,AlphaWatch,90.05,69.85,7.44,1.396,2,180.11,100.11,40
330,AlphaWatch,92.34,57.23,14.02,1.393,0,0.0,0.0,40
331,AlphaWatch,80.98,93.78,31.7,1.218,2,161.96,81.96,40
332,AlphaWatch,98.37,88.98,72.14,0.587,2,196.74,116.74,40
333,AlphaWatch,57.16,58.23,51.91,0.935,7,400.09,120.09,40
334,AlphaWatch,56.86,49.0,26.36,0.754,8,454.88,134.88,40
335,AlphaWatch,88.44,76.51,61.18,1.116,9,795.97,435.97,40
336,AlphaWatch,68.0,59.67,37.73,0.737,7,476.02,196.02,40
337,AlphaWatch,83.47,78.08,25.77,0.94,3,250.41,130.41,40
338,AlphaWatch,87.52,61.54,46.75,1.332,3,262.57,142.57,40
339,AlphaWatch,79.42,52.55,22.1,0.888,2,158.84,78.84,40
340,AlphaWatch,64.41,73.77,42.22,1.152,5,322.06,122.06,40
341,AlphaWatch,87.39,47.53,20.33,1.001,3,262.18,142.18,40
342,AlphaWatch,75.69,95.73,24.29,1.396,2,151.38,71.38,40
343,AlphaWatch,101.49,72.64,9.93,1.46,1,101.49,61.49,40
344,AlphaWatch,95.03,85.1,31.98,0.523,3,285.1,165.1,40
345,AlphaWatch,88.66,86.6,10.94,0.606,3,265.99,145.99,40
346,AlphaWatch,68.67,74.25,6.84,0.514,0,0.0,0.0,40
347,AlphaWatch,65.12,83.75,8.68,1.123,2,130.24,50.24,40
348,AlphaWatch,82.4,98.49,31.52,0.691,9,741.58,381.58,40
349,AlphaWatch,76.88,93.56,75.17,0.782,6,461.25,221.25,40
350,AlphaWatch,81.12,57.68,46.04,1.12,4,324.47,164.47,40
351,AlphaWatch,77.72,47.46,14.3,1.417,6,466.33,226.33,40
352,AlphaWatch,67.73,83.35,81.17,0.612,3,203.2,83.2,40
353,AlphaWatch,100.09,89.09,11.65,0.516,2,200.18,120.18,40
354,AlphaWatch,82.59,92.29,14.4,1.314,5,412.97,212.97,40
355,AlphaWatch,101.51,87.63,27.38,0.794,3,304.53,184.53,40
356,AlphaWatch,74.64,58.96,7.49,1.003,2,149.28,69.28,40
357,AlphaWatch,68.82,51.11,34.77,1.104,7,481.72,201.72,40
358,AlphaWatch,91.86,88.7,42.48,1.451,5,459.32,259.32,40
359,AlphaWatch,62.3,54.45,20.38,0.531,1,62.3,22.3,40
360,AlphaWatch,86.98,54.33,66.38,0.816,5,434.88,234.88,40
361,AlphaWatch,60.4,50.48,6.23,0.677,5,302.01,102.01,40
362,AlphaWatch,91.59,105.44,13.7,1.15,3,274.77,154.77,40
363,AlphaWatch,71.7,102.79,11.33,1.407,6,430.18,190.18,40
364,AlphaWatch,55.69,52.99,54.75,0.695,6,334.14,94.14,40
0,BetaBuds,79.21,41.39,60.08,1.272,3,237.64,162.64,25
1,BetaBuds,76.37,79.1,17.66,0.714,9,687.37,462.37,25
2,BetaBuds,52.4,59.25,34.69,0.755,19,995.54,520.54,25
3,BetaBuds,80.24,51.22,62.89,1.01,5,401.21,276.21,25
4,BetaBuds,95.95,84.44,34.7,0.726,9,863.51,638.51,25
5,BetaBuds,69.11,78.36,40.53,0.578,11,760.17,485.17,25
6,BetaBuds,45.15,44.34,68.65,0.648,26,1173.92,523.92,25
7,BetaBuds,57.49,89.58,10.97,0.579,16,919.86,519.86,25
8,BetaBuds,70.36,44.77,21.47,0.735,3,211.08,136.08,25
9,BetaBuds,82.28,54.32,6.07,1.233,10,822.82,572.82,25
10,BetaBuds,67.82,59.19,57.54,0.69,15,1017.35,642.35,25
11,BetaBuds,64.7,40.66,77.14,1.469,16,1035.24,635.24,25
12,BetaBuds,75.67,63.44,18.2,1.264,14,1059.37,709.37,25
13,BetaBuds,68.26,65.98,35.2,0.934,13,887.34,562.34,25
14,BetaBuds,57.05,78.13,15.82,1.119,10,570.45,320.45,25
15,BetaBuds,80.59,81.32,36.34,1.022,6,483.52,333.52,25
16,BetaBuds,77.88,80.26,53.74,0.783,16,1246.12,846.12,25
17,BetaBuds,78.95,75.8,9.78,0.519,7,552.68,377.68,25
18,BetaBuds,67.98,64.82,36.33,0.875,10,679.83,429.83,25
19,BetaBuds,55.88,60.82,21.61,1.255,18,1005.91,555.91,25
20,BetaBuds,70.42,72.81,21.78,0.709,11,774.67,499.67,25
21,BetaBuds,55.08,47.71,16.94,1.421,13,715.99,390.99,25
22,BetaBuds,46.88,51.05,31.19,1.202,14,656.26,306.26,25
23,BetaBuds,73.19,55.27,56.78,1.346,18,1317.5,867.5,25
24,BetaBuds,59.22,48.32,55.27,0.966,22,1302.87,752.87,25
25,BetaBuds,63.15,65.9,23.35,1.219,19,1199.82,724.82,25
26,BetaBuds,86.91,65.27,71.85,1.463,6,521.43,371.43,25
27,BetaBuds,50.89,48.97,9.41,0.679,15,763.32,388.32,25
28,BetaBuds,47.85,48.16,5.51,1.16,7,334.96,159.96,25
29,BetaBuds,74.89,49.7,19.44,0.5,6,449.31,299.31,25
30,BetaBuds,73.23,57.84,26.13,0.941,9,659.05,434.05,25
31,BetaBuds,53.29,38.13,30.8,1.294,26,1385.51,735.51,25
32,BetaBuds,54.13,56.61,26.59,0.681,17,920.25,495.25,25
33,BetaBuds,67.05,48.16,21.36,1.177,13,871.61,546.61,25
34,BetaBuds,59.74,35.0,25.47,0.665,14,836.31,486.31,25
35,BetaBuds,59.42,52.92,28.85,0.62,10,594.22,344.22,25
36,BetaBuds,71.17,47.5,5.9,1.014,4,284.7,184.7,25
37,BetaBuds,63.22,74.02,24.14,0.505,4,252.9,152.9,25
38,BetaBuds,68.27,72.66,23.9,0.629,16,1092.35,692.35,25
39,BetaBuds,69.3,35.2,32.4,1.367,15,1039.45,664.45,25
40,BetaBuds,49.14,52.27,13.79,1.325,13,638.78,313.78,25
41,BetaBuds,50.41,55.0,10.58,0.69,11,554.55,279.55,25
42,BetaBuds,66.69,70.17,76.0,0.639,15,1000.3,625.3,25
43,BetaBuds,76.3,43.29,55.47,1.455,12,915.56,615.56,25
44,BetaBuds,74.48,60.51,32.95,1.275,17,1266.09,841.09,25
45,BetaBuds,61.02,73.77,5.2,0.797,12,732.28,432.28,25
46,BetaBuds,61.53,71.59,43.94,0.74,11,676.78,401.78,25
47,BetaBuds,65.7,73.13,1.24,0.98,11,722.72,447.72,25
48,BetaBuds,71.89,71.1,27.36,0.645,8,575.12,375.12,25
49,BetaBuds,44.31,40.92,17.63,1.294,17,753.3,328.3,25
50,BetaBuds,75.67,72.93,32.99,0.99,12,908.09,608.09,25
51,BetaBuds,76.17,56.95,20.53,1.364,12,913.99,613.99,25
52,BetaBuds,79.44,73.07,40.83,1.196,12,953.24,653.24,25
53,BetaBuds,56.89,53.09,6.33,0.776,12,682.71,382.71,25
54,BetaBuds,57.73,80.81,19.65,1.373,20,1154.55,654.55,25
55,BetaBuds,70.24,85.61,9.15,1.326,12,842.83,542.83,25
56,BetaBuds,77.94,61.36,19.42,0.527,5,389.69,264.69,25
57,BetaBuds,79.42,69.42,24.99,1.174,11,873.61,598.61,25
58,BetaBuds,82.55,72.69,28.12,0.905,11,908.01,633.01,25
59,BetaBuds,47.53,38.7,18.34,0.989,16,760.51,360.51,25
60,BetaBuds,69.79,46.92,22.17,0.506,7,488.53,313.53,25
61,BetaBuds,90.66,75.82,3.2,0.721,5,453.32,328.32,25
62,BetaBuds,55.66,43.41,28.62,1.143,13,723.55,398.55,25
63,BetaBuds,77.71,82.38,8.96,1.409,17,1321.05,896.05,25
64,BetaBuds,68.57,61.38,22.51,0.938,8,548.59,348.59,25
65,BetaBuds,76.9,38.62,12.63,1.328,14,1076.53,726.53,25
66,BetaBuds,80.8,38.07,26.88,1.487,14,1131.25,781.25,25
67,BetaBuds,37.23,35.41,13.65,1.49,15,558.44,183.44,25
68,BetaBuds,59.52,65.2,60.12,0.745,7,416.65,241.65,25
69,BetaBuds,79.82,51.29,13.09,1.176,8,638.55,438.55,25
70,BetaBuds,82.37,59.79,31.17,1.298,8,658.96,458.96,25
71,BetaBuds,73.04,49.21,12.52,0.869,14,1022.5,672.5,25
72,BetaBuds,66.59,54.37,26.6,0.609,3,199.77,124.77,25
73,BetaBuds,70.75,82.85,4.39,0.603,7,495.26,320.26,25
74,BetaBuds,88.91,68.03,6.76,1.379,9,800.21,575.21,25
75,BetaBuds,59.18,60.83,20.11,1.459,12,710.13,410.13,25
76,BetaBuds,88.21,75.14,19.24,0.682,5,441.06,316.06,25
77,BetaBuds,71.06,79.87,5.71,0.962,9,639.55,414.55,25
78,BetaBuds,62.23,80.02,34.59,1.212,16,995.72,595.72,25
79,BetaBuds,49.45,38.98,27.74,0.662,13,642.87,317.87,25
80,BetaBuds,72.86,62.71,17.4,1.445,15,1092.83,717.83,25
81,BetaBuds,50.02,57.5,21.25,0.785,15,750.24,375.24,25
82,BetaBuds,74.4,72.46,31.9,0.813,12,892.75,592.75,25
83,BetaBuds,69.53,68.22,54.54,1.037,16,1112.51,712.51,25
84,BetaBuds,91.75,79.74,27.34,0.811,5,458.76,333.76,25
85,BetaBuds,36.04,31.8,23.58,0.797,16,576.65,176.65,25
86,BetaBuds,73.77,52.89,21.96,1.486,9,663.9,438.9,25
87,BetaBuds,91.75,75.09,25.04,1.065,14,1284.51,934.51,25
88,BetaBuds,63.86,68.77,16.87,0.553,10,638.62,388.62,25
89,BetaBuds,57.65,66.16,8.48,1.482,11,634.14,359.14,25
90,BetaBuds,61.31,59.04,44.85,1.038,8,490.48,290.48,25
91,BetaBuds,72.35,58.1,29.55,0.667,5,361.77,236.77,25
92,BetaBuds,78.4,61.92,41.21,1.13,7,548.78,373.78,25
93,BetaBuds,84.9,59.52,9.18,1.356,4,339.58,239.58,25
94,BetaBuds,72.54,51.84,27.72,0.828,11,797.97,522.97,25
95,BetaBuds,80.04,45.71,19.27,0.756,7,560.31,385.31,25
96,BetaBuds,86.23,74.86,26.05,0.951,6,517.4,367.4,25
97,BetaBuds,54.09,65.45,71.74,0.833,40,2163.53,1163.53,25
98,BetaBuds,75.64,72.94,21.24,0.962,15,1134.59,759.59,25
99,BetaBuds,70.84,56.87,20.01,1.044,6,425.02,275.02,25
100,BetaBuds,71.62,75.38,17.64,0.743,7,501.36,326.36,25
101,BetaBuds,45.87,39.99,125.92,0.642,28,1284.49,584.49,25
102,BetaBuds,68.38,83.28,13.18,0.616,8,547.05,347.05,25
103,BetaBuds,69.59,59.2,46.32,0.785,10,695.87,445.87,25
104,BetaBuds,49.26,62.88,30.54,1.341,20,985.3,485.3,25
105,BetaBuds,63.3,59.99,26.07,0.687,14,886.15,536.15,25
106,BetaBuds,72.97,56.66,49.82,0.593,12,875.58,575.58,25
107,BetaBuds,52.44,51.14,51.09,0.682,13,681.72,356.72,25
108,BetaBuds,68.54,76.24,28.91,1.061,14,959.58,609.58,25
109,BetaBuds,72.17,78.13,16.47,1.406,9,649.56,424.56,25
110,BetaBuds,75.89,80.0,36.87,0.664,19,1441.86,966.86,25
111,BetaBuds,34.98,32.53,34.36,0.634,16,559.61,159.61,25
112,BetaBuds,46.28,55.4,8.71,0.511,5,231.42,106.42,25
113,BetaBuds,45.14,54.54,33.05,0.967,20,902.84,402.84,25
114,BetaBuds,90.31,74.62,29.93,1.109,13,1174.05,849.05,25
115,BetaBuds,96.4,84.6,50.06,0.726,8,771.22,571.22,25
116,BetaBuds,60.08,63.59,160.34,0.965,29,1742.28,1017.28,25
117,BetaBuds,76.57,71.46,5.29,0.771,7,535.97,360.97,25
118,BetaBuds,56.56,53.51,58.55,1.052,20,1131.24,631.24,25
119,BetaBuds,65.6,39.69,45.89,1.008,8,524.79,324.79,25
120,BetaBuds,95.36,89.51,8.95,0.747,5,476.82,351.82,25
121,BetaBuds,82.4,53.77,21.28,1.097,5,411.99,286.99,25
122,BetaBuds,64.21,66.94,69.91,0.884,4,256.83,156.83,25
123,BetaBuds,43.29,47.05,4.37,1.064,20,865.81,365.81,25
124,BetaBuds,65.66,68.42,77.21,0.732,17,1116.27,691.27,25
125,BetaBuds,55.29,51.13,34.12,0.763,16,884.63,484.63,25
126,BetaBuds,68.14,52.13,20.99,1.4,9,613.3,388.3,25
127,BetaBuds,50.28,40.66,36.25,0.785,11,553.04,278.04,25
128,BetaBuds,70.83,65.13,25.49,1.299,12,849.97,549.97,25
129,BetaBuds,70.58,47.49,8.65,1.032,11,776.36,501.36,25
130,BetaBuds,54.48,51.92,34.7,1.029,11,599.31,324.31,25
131,BetaBuds,42.4,45.41,19.34,1.451,18,763.18,313.18,25
132,BetaBuds,67.34,39.18,15.79,1.274,5,336.72,211.72,25
133,BetaBuds,48.56,35.05,29.11,0.592,18,874.11,424.11,25
134,BetaBuds,59.24,76.56,50.64,0.837,12,710.94,410.94,25
135,BetaBuds,50.51,37.83,17.48,1.031,13,656.64,331.64,25
136,BetaBuds,62.87,43.9,29.81,1.212,11,691.6,416.6,25
137,BetaBuds,46.83,35.36,12.52,0.615,22,1030.33,480.33,25
138,BetaBuds,81.42,81.34,10.61,0.872,10,814.18,564.18,25
139,BetaBuds,51.02,61.71,86.19,0.847,22,1122.53,572.53,25
140,BetaBuds,82.75,49.51,12.08,0.827,3,248.26,173.26,25
141,BetaBuds,54.17,49.12,73.79,0.996,16,866.68,466.68,25
142,BetaBuds,84.81,74.64,46.56,0.521,11,932.9,657.9,25
143,BetaBuds,62.53,45.05,28.61,0.585,11,687.84,412.84,25
144,BetaBuds,73.1,35.66,30.8,1.19,10,730.96,480.96,25
145,BetaBuds,41.17,35.33,36.46,0.807,26,1070.44,420.44,25
146,BetaBuds,75.8,63.41,62.99,1.347,14,1061.14,711.14,25
147,BetaBuds,59.98,76.47,2.87,1.482,26,1559.37,909.37,25
148,BetaBuds,88.55,89.27,65.98,1.443,16,1416.78,1016.78,25
149,BetaBuds,57.67,64.1,12.0,0.977,11,634.39,359.39,25
150,BetaBuds,70.48,45.57,74.63,0.581,8,563.87,363.87,25
151,BetaBuds,45.57,54.1,9.9,0.535,7,318.98,143.98,25
152,BetaBuds,82.96,54.05,5.43,1.45,3,248.87,173.87,25
153,BetaBuds,50.11,40.45,32.01,1.359,19,952.11,477.11,25
154,BetaBuds,52.81,72.12,42.8,0.586,18,950.58,500.58,25
155,BetaBuds,44.06,50.92,20.68,0.592,20,881.28,381.28,25
156,BetaBuds,74.53,39.35,64.86,1.322,8,596.25,396.25,25
157,BetaBuds,75.71,82.83,19.19,0.603,11,832.78,557.78,25
158,BetaBuds,51.05,67.32,30.67,0.629,17,867.8,442.8,25
159,BetaBuds,86.94,69.28,9.08,0.933,6,521.63,371.63,25
160,BetaBuds,78.65,73.88,68.72,0.573,10,786.52,536.52,25
161,BetaBuds,55.96,63.51,24.02,0.598,20,1119.11,619.11,25
162,BetaBuds,53.17,55.79,25.65,0.817,9,478.54,253.54,25
163,BetaBuds,46.44,51.94,26.58,0.872,21,975.33,450.33,25
164,BetaBuds,69.53,60.85,20.02,0.929,16,1112.44,712.44,25
165,BetaBuds,67.07,67.59,26.85,1.443,9,603.66,378.66,25
166,BetaBuds,74.18,41.24,24.35,0.619,9,667.64,442.64,25
167,BetaBuds,69.65,64.62,2.14,0.725,9,626.89,401.89,25
168,BetaBuds,63.32,73.22,42.0,0.884,16,1013.17,613.17,25
169,BetaBuds,56.34,56.2,11.37,0.729,14,788.8,438.8,25
170,BetaBuds,68.02,76.52,14.03,0.818,11,748.2,473.2,25
171,BetaBuds,65.81,76.33,28.02,1.086,14,921.34,571.34,25
172,BetaBuds,51.82,52.17,9.8,1.263,16,829.04,429.04,25
173,BetaBuds,57.63,72.64,14.11,0.924,15,864.48,489.48,25
174,BetaBuds,49.27,42.12,38.57,1.271,18,886.84,436.84,25
175,BetaBuds,80.39,46.37,72.28,1.401,25,2009.83,1384.83,25
176,BetaBuds,61.07,37.66,62.86,1.289,22,1343.57,793.57,25
177,BetaBuds,59.34,44.45,49.52,1.408,16,949.49,549.49,25
178,BetaBuds,87.5,86.17,37.02,1.077,10,875.0,625.0,25
179,BetaBuds,73.05,57.14,41.24,0.974,9,657.47,432.47,25
180,BetaBuds,70.4,60.32,42.29,0.823,11,774.45,499.45,25
181,BetaBuds,82.15,61.53,15.71,1.283,10,821.5,571.5,25
182,BetaBuds,75.15,56.36,57.15,1.274,15,1127.23,752.23,25
183,BetaBuds,52.53,44.43,20.86,0.911,11,577.83,302.83,25
184,BetaBuds,52.72,45.5,35.7,1.185,15,790.82,415.82,25
185,BetaBuds,63.41,64.9,41.03,0.574,6,380.46,230.46,25
186,BetaBuds,44.26,42.79,92.3,0.879,27,1195.15,520.15,25
187,BetaBuds,73.22,71.58,30.49,1.385,13,951.88,626.88,25
188,BetaBuds,69.63,88.77,14.41,0.982,21,1462.19,937.19,25
189,BetaBuds,76.94,57.49,69.29,0.905,12,923.31,623.31,25
190,BetaBuds,67.74,49.15,34.25,0.822,11,745.1,470.1,25
191,BetaBuds,63.85,66.02,31.76,0.994,14,893.87,543.87,25
192,BetaBuds,47.54,38.75,106.08,1.138,22,1045.98,495.98,25
193,BetaBuds,46.33,57.89,56.88,0.865,22,1019.35,469.35,25
194,BetaBuds,68.12,59.71,27.38,1.053,16,1089.92,689.92,25
195,BetaBuds,72.45,44.77,12.78,0.867,5,362.26,237.26,25
196,BetaBuds,51.86,59.79,16.64,0.776,11,570.5,295.5,25
197,BetaBuds,51.35,72.21,16.73,0.952,12,616.14,316.14,25
198,BetaBuds,83.46,73.45,99.42,0.583,10,834.59,584.59,25
199,BetaBuds,60.29,38.11,33.62,1.233,4,241.18,141.18,25
200,BetaBuds,59.57,58.07,48.09,1.421,20,1191.31,691.31,25
201,BetaBuds,62.81,63.8,8.48,0.702,10,628.14,378.14,25
202,BetaBuds,70.21,56.1,56.15,1.348,13,912.72,587.72,25
203,BetaBuds,70.14,65.42,5.6,1.105,9,631.3,406.3,25
204,BetaBuds,53.22,73.91,30.75,0.663,10,532.22,282.22,25
205,BetaBuds,76.49,79.06,19.68,1.428,14,1070.81,720.81,25
206,BetaBuds,59.56,77.65,48.06,0.83,13,774.25,449.25,25
207,BetaBuds,60.36,35.79,63.77,0.576,7,422.51,247.51,25
208,BetaBuds,45.88,40.94,10.07,0.571,22,1009.39,459.39,25
209,BetaBuds,84.02,75.35,4.23,1.0,5,420.08,295.08,25
210,BetaBuds,44.04,47.71,27.19,1.093,29,1277.26,552.26,25
211,BetaBuds,58.22,49.13,46.08,1.189,11,640.47,365.47,25
212,BetaBuds,61.62,68.29,43.32,1.443,5,308.1,183.1,25
213,BetaBuds,70.75,71.02,47.87,1.238,9,636.71,411.71,25
214,BetaBuds,63.41,57.87,24.12,0.774,9,570.65,345.65,25
215,BetaBuds,83.28,74.08,26.06,1.042,9,749.52,524.52,25
216,BetaBuds,62.92,72.0,22.84,0.771,17,1069.6,644.6,25
217,BetaBuds,49.74,40.17,18.27,0.856,19,945.1,470.1,25
218,BetaBuds,69.58,80.17,16.21,0.705,14,974.15,624.15,25
219,BetaBuds,57.1,79.65,29.46,0.778,5,285.49,160.49,25
220,BetaBuds,57.19,72.56,15.39,1.481,8,457.56,257.56,25
221,BetaBuds,62.24,87.6,39.0,0.725,8,497.9,297.9,25
222,BetaBuds,62.98,87.97,6.8,1.334,14,881.67,531.67,25
223,BetaBuds,61.39,60.63,5.0,0.988,8,491.14,291.14,25
224,BetaBuds,65.85,70.33,12.26,0.576,4,263.39,163.39,25
225,BetaBuds,76.82,66.73,4.96,0.771,16,1229.13,829.13,25
226,BetaBuds,57.83,56.45,110.55,0.69,16,925.21,525.21,25
227,BetaBuds,59.94,77.82,23.21,1.007,19,1138.85,663.85,25
228,BetaBuds,83.25,79.17,9.97,0.885,10,832.48,582.48,25
229,BetaBuds,75.58,79.64,58.7,0.556,5,377.91,252.91,25
230,BetaBuds,69.35,79.59,25.4,0.691,2,138.7,88.7,25
231,BetaBuds,57.31,49.65,18.18,1.244,12,687.76,387.76,25
232,BetaBuds,45.07,44.08,26.18,1.444,23,1036.55,461.55,25
233,BetaBuds,61.32,40.14,26.57,0.978,16,981.08,581.08,25
234,BetaBuds,77.72,52.12,27.65,0.959,14,1088.12,738.12,25
235,BetaBuds,52.36,78.71,50.93,1.138,24,1256.67,656.67,25
236,BetaBuds,89.31,81.16,22.22,1.115,8,714.47,514.47,25
237,BetaBuds,63.28,50.65,2.49,0.704,6,379.65,229.65,25
238,BetaBuds,50.1,68.86,22.48,1.098,14,701.33,351.33,25
239,BetaBuds,53.6,58.74,29.77,0.821,8,428.8,228.8,25
240,BetaBuds,68.83,73.78,19.62,1.288,6,412.97,262.97,25
241,BetaBuds,71.77,76.4,22.63,0.985,16,1148.29,748.29,25
242,BetaBuds,55.45,70.68,3.92,1.479,13,720.8,395.8,25
243,BetaBuds,64.21,61.62,23.49,0.753,13,834.68,509.68,25
244,BetaBuds,58.36,68.88,18.13,0.804,13,758.66,433.66,25
245,BetaBuds,60.18,33.73,13.56,1.082,18,1083.32,633.32,25
246,BetaBuds,77.82,43.76,43.02,0.977,8,622.55,422.55,25
247,BetaBuds,69.76,51.15,26.34,1.387,12,837.11,537.11,25
248,BetaBuds,68.68,69.76,28.69,1.443,11,755.45,480.45,25
249,BetaBuds,81.59,63.06,21.44,0.893,9,734.27,509.27,25
250,BetaBuds,86.23,87.93,33.38,1.02,11,948.51,673.51,25
251,BetaBuds,50.71,69.23,7.6,1.006,9,456.43,231.43,25
252,BetaBuds,55.71,76.78,80.6,1.253,23,1281.32,706.32,25
253,BetaBuds,49.5,60.52,16.61,0.81,14,693.04,343.04,25
254,BetaBuds,74.29,61.82,14.77,0.741,7,520.05,345.05,25
255,BetaBuds,65.35,37.49,56.74,0.643,7,457.42,282.42,25
256,BetaBuds,81.13,83.38,46.47,1.249,21,1703.68,1178.68,25
257,BetaBuds,88.98,77.4,32.39,1.448,16,1423.71,1023.71,25
258,BetaBuds,73.2,70.72,28.06,0.712,4,292.78,192.78,25
259,BetaBuds,67.46,36.96,39.52,1.342,7,472.21,297.21,25
260,BetaBuds,79.93,42.12,7.0,0.891,3,239.8,164.8,25
261,BetaBuds,46.44,39.04,12.47,1.451,17,789.54,364.54,25
262,BetaBuds,60.16,77.53,33.39,0.741,10,601.61,351.61,25
263,BetaBuds,80.13,68.5,15.78,1.323,10,801.3,551.3,25
264,BetaBuds,65.3,74.57,28.39,1.253,13,848.96,523.96,25
265,BetaBuds,56.61,67.61,19.64,1.348,19,1075.51,600.51,25
266,BetaBuds,87.94,59.12,5.97,1.178,5,439.71,314.71,25
267,BetaBuds,81.61,77.67,95.34,0.532,4,326.46,226.46,25
268,BetaBuds,66.53,60.52,21.22,0.738,16,1064.48,664.48,25
269,BetaBuds,58.85,64.57,11.01,0.592,13,765.1,440.1,25
270,BetaBuds,72.17,56.37,18.47,0.831,9,649.54,424.54,25
271,BetaBuds,69.85,73.5,48.84,0.948,22,1536.72,986.72,25
272,BetaBuds,61.87,43.42,25.9,1.468,15,928.03,553.03,25
273,BetaBuds,62.49,82.75,17.74,0.633,14,874.86,524.86,25
274,BetaBuds,54.69,67.38,12.82,1.449,10,546.94,296.94,25
275,BetaBuds,47.24,48.39,74.54,1.395,26,1228.22,578.22,25
276,BetaBuds,72.99,36.5,2.61,0.949,3,218.96,143.96,25
277,BetaBuds,61.31,85.8,37.7,1.208,23,1410.08,835.08,25
278,BetaBuds,86.0,57.71,7.89,0.746,10,859.96,609.96,25
279,BetaBuds,42.7,46.22,22.46,0.981,25,1067.45,442.45,25
280,BetaBuds,75.74,65.09,14.09,1.26,13,984.57,659.57,25
281,BetaBuds,83.28,66.71,7.74,0.538,10,832.76,582.76,25
282,BetaBuds,67.87,78.54,45.64,1.2,25,1696.72,1071.72,25
283,BetaBuds,69.36,73.1,0.45,1.467,11,762.94,487.94,25
284,BetaBuds,77.69,66.41,24.4,0.545,7,543.8,368.8,25
285,BetaBuds,81.81,70.38,27.94,1.119,15,1227.22,852.22,25
286,BetaBuds,60.4,67.51,33.0,1.249,31,1872.32,1097.32,25
287,BetaBuds,51.6,74.32,19.84,0.583,12,619.19,319.19,25
288,BetaBuds,71.05,39.36,32.77,1.496,12,852.54,552.54,25
289,BetaBuds,52.39,67.89,25.12,1.063,16,838.25,438.25,25
290,BetaBuds,88.6,66.29,12.31,0.526,8,708.82,508.82,25
291,BetaBuds,70.66,42.93,8.77,1.259,7,494.6,319.6,25
292,BetaBuds,77.31,52.24,19.59,1.317,14,1082.36,732.36,25
293,BetaBuds,63.93,80.92,14.69,0.88,19,1214.71,739.71,25
294,BetaBuds,61.39,63.3,18.52,0.944,18,1105.08,655.08,25
295,BetaBuds,33.67,36.59,12.83,0.561,22,740.75,190.75,25
296,BetaBuds,91.98,75.85,18.69,1.465,12,1103.8,803.8,25
297,BetaBuds,65.75,60.62,32.84,0.93,19,1249.25,774.25,25
298,BetaBuds,74.07,40.79,44.28,1.13,3,222.22,147.22,25
299,BetaBuds,63.32,35.04,57.82,0.763,21,1329.69,804.69,25
300,BetaBuds,49.33,51.51,22.97,1.228,18,887.87,437.87,25
301,BetaBuds,53.29,55.27,46.73,1.484,22,1172.34,622.34,25
302,BetaBuds,57.0,52.15,49.31,0.962,23,1311.07,736.07,25
303,BetaBuds,57.76,64.27,26.56,0.814,24,1386.14,786.14,25
304,BetaBuds,80.17,54.77,11.81,0.954,9,721.54,496.54,25
305,BetaBuds,51.17,73.63,11.95,0.973,13,665.23,340.23,25
306,BetaBuds,88.68,70.26,41.78,1.171,10,886.77,636.77,25
307,BetaBuds,73.89,39.63,17.53,1.033,7,517.26,342.26,25
308,BetaBuds,71.78,74.39,30.7,0.992,14,1004.92,654.92,25
309,BetaBuds,42.77,39.45,10.37,0.56,16,684.34,284.34,25
310,BetaBuds,50.13,37.54,18.94,0.843,11,551.45,276.45,25
311,BetaBuds,82.69,57.43,36.87,1.065,5,413.44,288.44,25
312,BetaBuds,74.1,77.82,39.22,0.56,6,444.58,294.58,25
313,BetaBuds,54.57,73.25,15.45,1.133,11,600.31,325.31,25
314,BetaBuds,67.81,63.95,8.77,0.6,13,881.47,556.47,25
315,BetaBuds,69.51,46.49,32.74,0.672,18,1251.2,801.2,25
316,BetaBuds,53.02,51.43,44.34,1.227,22,1166.44,616.44,25
317,BetaBuds,62.42,83.69,54.81,0.747,18,1123.51,673.51,25
318,BetaBuds,61.26,68.32,31.6,1.362,26,1592.79,942.79,25
319,BetaBuds,57.54,59.66,43.43,0.831,10,575.4,325.4,25
320,BetaBuds,72.23,73.63,37.84,1.021,18,1300.07,850.07,25
321,BetaBuds,66.4,78.11,40.23,0.918,17,1128.8,703.8,25
322,BetaBuds,61.98,61.72,19.25,0.833,11,681.74,406.74,25
323,BetaBuds,76.1,66.16,14.05,1.143,13,989.32,664.32,25
324,BetaBuds,49.81,44.17,17.53,1.127,16,797.0,397.0,25
325,BetaBuds,83.3,73.86,20.11,1.035,14,1166.14,816.14,25
326,BetaBuds,85.6,66.51,40.44,0.934,19,1626.35,1151.35,25
327,BetaBuds,83.38,71.4,9.89,0.997,12,1000.5,700.5,25
328,BetaBuds,59.67,41.87,71.36,1.438,15,895.01,520.01,25
329,BetaBuds,35.52,34.21,25.02,0.508,17,603.87,178.87,25
330,BetaBuds,77.71,75.75,13.11,1.337,11,854.82,579.82,25
331,BetaBuds,67.99,74.1,21.43,0.864,14,951.89,601.89,25
332,BetaBuds,87.58,68.14,58.81,0.574,4,350.32,250.32,25
333,BetaBuds,60.96,70.22,18.13,1.418,19,1158.21,683.21,25
334,BetaBuds,52.65,42.23,8.02,1.019,6,315.93,165.93,25
335,BetaBuds,70.0,50.33,1.46,0.616,2,140.01,90.01,25
336,BetaBuds,80.0,79.72,44.61,0.569,10,799.96,549.96,25
337,BetaBuds,64.28,80.06,60.15,1.483,15,964.25,589.25,25
338,BetaBuds,87.92,68.13,7.32,1.165,7,615.47,440.47,25
339,BetaBuds,59.72,88.43,12.7,1.305,12,716.58,416.58,25
340,BetaBuds,59.6,53.92,64.45,0.69,14,834.36,484.36,25
341,BetaBuds,64.82,78.95,17.88,1.221,23,1490.92,915.92,25
342,BetaBuds,49.1,38.15,23.33,1.412,14,687.45,337.45,25
343,BetaBuds,50.97,41.34,6.22,0.744,13,662.56,337.56,25
344,BetaBuds,74.71,53.38,56.24,0.716,8,597.72,397.72,25
345,BetaBuds,62.37,70.45,25.6,1.424,26,1621.62,971.62,25
346,BetaBuds,64.65,62.75,50.92,0.96,8,517.18,317.18,25
347,BetaBuds,65.18,74.26,26.93,0.993,17,1107.99,682.99,25
348,BetaBuds,82.24,85.58,20.46,1.43,12,986.92,686.92,25
349,BetaBuds,55.97,59.83,32.72,0.52,21,1175.32,650.32,25
350,BetaBuds,83.77,60.3,39.3,1.327,12,1005.26,705.26,25
351,BetaBuds,69.98,54.35,26.42,1.281,11,769.8,494.8,25
352,BetaBuds,72.45,63.99,54.08,1.192,17,1231.72,806.72,25
353,BetaBuds,61.35,59.8,17.46,0.699,6,368.11,218.11,25
354,BetaBuds,70.11,38.47,20.95,0.994,10,701.07,451.07,25
355,BetaBuds,48.18,60.11,29.48,0.887,16,770.86,370.86,25
356,BetaBuds,55.42,50.62,26.58,1.064,21,1163.77,638.77,25
357,BetaBuds,70.04,79.98,52.32,0.531,15,1050.65,675.65,25
358,BetaBuds,77.79,86.62,3.6,1.484,14,1089.08,739.08,25
359,BetaBuds,55.96,74.45,54.76,0.883,14,783.42,433.42,25
360,BetaBuds,48.23,56.79,32.6,1.397,16,771.69,371.69,25
361,BetaBuds,65.33,81.99,48.79,0.849,22,1437.25,887.25,25
362,BetaBuds,69.81,56.01,45.64,1.187,17,1186.81,761.81,25
363,BetaBuds,76.03,68.84,17.69,1.475,4,304.12,204.12,25
364,BetaBuds,46.62,46.14,8.61,1.364,28,1305.5,605.5,25
0,GammaBand,64.46,55.11,35.85,1.414,41,2642.84,1904.84,18
1,GammaBand,74.05,55.59,7.77,1.191,21,1555.14,1177.14,18
2,GammaBand,49.19,72.18,10.99,1.049,63,3099.21,1965.21,18
3,GammaBand,86.79,77.02,20.96,0.678,23,1996.11,1582.11,18
4,GammaBand,52.46,53.6,15.39,0.763,36,1888.73,1240.73,18
5,GammaBand,29.9,33.18,1.57,1.168,36,1076.47,428.47,18
6,GammaBand,57.94,66.03,59.22,1.301,64,3708.3,2556.3,18
7,GammaBand,84.17,65.19,34.57,1.005,28,2356.67,1852.67,18
8,GammaBand,31.3,28.11,16.47,0.641,52,1627.81,691.81,18
9,GammaBand,75.55,67.51,35.78,0.716,39,2946.58,2244.58,18
10,GammaBand,67.02,59.88,56.9,1.173,34,2278.69,1666.69,18
11,GammaBand,58.07,73.66,28.91,1.333,35,2032.33,1402.33,18
12,GammaBand,59.29,68.08,6.31,1.254,33,1956.64,1362.64,18
13,GammaBand,54.86,33.18,18.55,0.887,51,2797.68,1879.68,18
14,GammaBand,51.76,63.85,59.78,0.88,62,3208.95,2092.95,18
15,GammaBand,46.88,55.29,37.97,0.714,34,1593.95,981.95,18
16,GammaBand,46.74,55.22,43.37,0.801,30,1402.12,862.12,18
17,GammaBand,77.3,71.68,27.54,1.253,24,1855.22,1423.22,18
18,GammaBand,43.01,60.88,19.81,0.711,31,1333.23,775.23,18
19,GammaBand,36.48,43.55,17.23,0.571,36,1313.25,665.25,18
20,GammaBand,58.14,69.27,4.43,0.65,24,1395.25,963.25,18
21,GammaBand,74.17,77.09,12.18,0.753,26,1928.48,1460.48,18
22,GammaBand,47.59,58.96,39.66,0.679,52,2474.67,1538.67,18
23,GammaBand,51.02,81.51,25.38,1.103,42,2143.02,1387.02,18
24,GammaBand,54.05,41.32,24.6,0.549,19,1027.01,685.01,18
25,GammaBand,59.3,38.08,56.24,0.956,38,2253.55,1569.55,18
26,GammaBand,52.04,71.41,11.96,0.72,51,2654.07,1736.07,18
27,GammaBand,63.76,30.61,33.02,1.065,28,1785.24,1281.24,18
28,GammaBand,74.07,66.41,13.93,0.717,42,3110.86,2354.86,18
29,GammaBand,79.16,66.06,25.68,1.205,40,3166.52,2446.52,18
30,GammaBand,57.02,68.66,31.14,0.677,46,2623.14,1795.14,18
31,GammaBand,51.9,28.51,12.81,1.047,28,1453.07,949.07,18
32,GammaBand,72.12,60.48,47.97,1.467,41,2956.8,2218.8,18
33,GammaBand,80.86,58.53,46.24,0.54,18,1455.48,1131.48,18
34,GammaBand,48.66,66.0,24.26,0.51,12,583.89,367.89,18
35,GammaBand,76.96,67.9,17.68,0.635,12,923.53,707.53,18
36,GammaBand,52.05,40.4,13.85,1.023,25,1301.26,851.26,18
37,GammaBand,39.85,32.03,10.66,0.526,50,1992.49,1092.49,18
38,GammaBand,38.39,46.51,18.04,1.388,48,1842.67,978.67,18
39,GammaBand,66.92,67.1,15.23,1.0,37,2476.22,1810.22,18
40,GammaBand,59.07,59.4,34.1,0.696,36,2126.62,1478.62,18
41,GammaBand,61.34,62.51,39.58,1.005,47,2882.85,2036.85,18
42,GammaBand,43.95,29.29,80.45,1.015,34,1494.19,882.19,18
43,GammaBand,54.9,67.68,9.33,1.442,33,1811.82,1217.82,18
44,GammaBand,33.22,35.06,11.41,1.28,25,830.51,380.51,18
45,GammaBand,71.93,65.14,3.39,0.571,26,1870.27,1402.27,18
46,GammaBand,65.46,31.76,20.33,0.728,19,1243.71,901.71,18
47,GammaBand,60.88,36.14,16.56,0.676,21,1278.52,900.52,18
48,GammaBand,54.15,68.05,32.33,0.548,62,3357.06,2241.06,18
49,GammaBand,30.14,26.97,40.36,1.189,97,2923.82,1177.82,18
50,GammaBand,66.68,30.64,91.45,0.884,24,1600.29,1168.29,18
51,GammaBand,42.63,44.04,14.81,0.974,39,1662.76,960.76,18
52,GammaBand,45.11,41.81,15.05,0.663,29,1308.06,786.06,18
53,GammaBand,74.41,65.29,42.96,0.581,21,1562.52,1184.52,18
54,GammaBand,78.64,62.06,26.78,0.931,33,2595.17,2001.17,18
55,GammaBand,70.82,42.77,63.89,1.103,35,2478.71,1848.71,18
56,GammaBand,55.18,38.83,9.79,0.706,24,1324.36,892.36,18
57,GammaBand,76.3,64.93,26.98,1.199,28,2136.44,1632.44,18
58,GammaBand,60.99,77.7,42.45,1.029,37,2256.45,1590.45,18
59,GammaBand,53.96,74.52,21.56,1.161,53,2859.78,1905.78,18
60,GammaBand,31.42,31.69,12.1,0.955,47,1476.9,630.9,18
61,GammaBand,67.8,58.41,40.99,0.599,35,2373.01,1743.01,18
62,GammaBand,67.46,66.74,17.4,0.952,38,2563.3,1879.3,18
63,GammaBand,87.62,77.93,18.93,0.699,32,2803.88,2227.88,18
64,GammaBand,70.18,43.98,1.71,1.213,22,1543.92,1147.92,18
65,GammaBand,69.04,77.58,12.13,0.666,40,2761.68,2041.68,18
66,GammaBand,70.29,65.44,32.26,1.329,26,1827.57,1359.57,18
67,GammaBand,57.12,37.82,4.63,0.949,17,971.07,665.07,18
68,GammaBand,83.15,72.44,31.45,1.457,55,4573.03,3583.03,18
69,GammaBand,60.8,76.03,62.97,1.071,42,2553.69,1797.69,18
70,GammaBand,50.78,59.82,46.61,1.304,56,2843.9,1835.9,18
71,GammaBand,78.94,71.02,15.49,1.388,33,2605.07,2011.07,18
72,GammaBand,52.1,66.04,19.86,1.244,38,1979.75,1295.75,18
73,GammaBand,43.38,41.96,48.61,0.517,35,1518.43,888.43,18
74,GammaBand,44.53,62.15,33.45,1.443,47,2093.04,1247.04,18
75,GammaBand,47.98,37.41,16.9,0.508,30,1439.54,899.54,18
76,GammaBand,50.54,73.32,18.38,0.805,39,1971.0,1269.0,18
77,GammaBand,58.93,35.83,29.02,1.42,24,1414.24,982.24,18
78,GammaBand,72.98,64.8,28.24,1.194,25,1824.43,1374.43,18
79,GammaBand,45.48,58.88,21.46,0.97,48,2183.18,1319.18,18
80,GammaBand,66.09,25.27,36.42,0.823,28,1850.49,1346.49,18
81,GammaBand,78.86,47.58,42.98,0.876,29,2286.82,1764.82,18
82,GammaBand,36.39,41.98,21.1,0.78,45,1637.62,827.62,18
83,GammaBand,57.86,29.81,16.33,0.796,25,1446.39,996.39,18
84,GammaBand,49.75,39.95,34.56,1.423,40,1990.11,1270.11,18
85,GammaBand,80.33,70.25,27.51,0.834,24,1927.81,1495.81,18
86,GammaBand,42.98,59.68,42.11,1.156,39,1676.04,974.04,18
87,GammaBand,65.38,55.86,7.1,0.551,25,1634.4,1184.4,18
88,GammaBand,36.1,31.7,36.36,0.582,46,1660.65,832.65,18
89,GammaBand,57.1,35.8,12.32,0.512,31,1770.23,1212.23,18
90,GammaBand,69.42,56.6,10.8,1.08,31,2151.94,1593.94,18
91,GammaBand,83.78,69.98,15.16,0.575,23,1926.84,1512.84,18
92,GammaBand,42.27,40.17,52.4,0.814,46,1944.55,1116.55,18
93,GammaBand,56.5,38.91,33.69,1.137,24,1355.96,923.96,18
94,GammaBand,53.47,35.79,62.7,1.123,42,2245.75,1489.75,18
95,GammaBand,32.97,36.09,8.86,1.425,86,2835.35,1287.35,18
96,GammaBand,50.35,31.45,22.71,0.971,29,1460.03,938.03,18
97,GammaBand,51.09,70.65,13.44,1.329,57,2912.19,1886.19,18
98,GammaBand,69.96,51.94,3.35,0.558,29,2028.7,1506.7,18
99,GammaBand,54.13,64.4,40.62,1.248,45,2435.69,1625.69,18
100,GammaBand,54.46,62.19,44.92,1.205,63,3430.95,2296.95,18
101,GammaBand,48.91,37.6,17.13,0.938,23,1124.85,710.85,18
102,GammaBand,61.12,47.15,26.78,1.017,38,2322.67,1638.67,18
103,GammaBand,55.98,37.84,47.59,0.89,21,1175.53,797.53,18
104,GammaBand,43.11,26.71,15.32,0.838,37,1595.01,929.01,18
105,GammaBand,53.68,38.06,10.88,0.938,26,1395.58,927.58,18
106,GammaBand,68.28,50.59,22.07,0.993,20,1365.53,1005.53,18
107,GammaBand,68.41,37.63,13.91,1.067,25,1710.33,1260.33,18
108,GammaBand,53.14,69.4,20.9,1.144,18,956.45,632.45,18
109,GammaBand,56.38,68.04,63.9,1.406,77,4340.88,2954.88,18
110,GammaBand,77.41,74.41,40.3,1.025,43,3328.83,2554.83,18
111,GammaBand,36.79,37.17,16.16,0.735,31,1140.6,582.6,18
112,GammaBand,42.69,39.37,38.21,1.33,49,2091.99,1209.99,18
113,GammaBand,57.69,82.68,81.43,0.632,45,2596.26,1786.26,18
114,GammaBand,39.43,29.5,128.18,0.594,47,1853.01,1007.01,18
115,GammaBand,49.84,29.7,65.56,1.471,42,2093.48,1337.48,18
116,GammaBand,45.54,43.43,34.13,1.408,57,2595.98,1569.98,18
117,GammaBand,46.5,59.92,50.2,1.487,61,2836.63,1738.63,18
118,GammaBand,73.53,47.69,11.99,1.037,30,2206.01,1666.01,18
119,GammaBand,66.75,53.29,41.04,1.379,39,2603.13,1901.13,18
120,GammaBand,56.48,34.64,62.27,1.293,37,2089.81,1423.81,18
121,GammaBand,75.93,63.62,85.32,0.906,32,2429.63,1853.63,18
122,GammaBand,79.06,68.74,50.7,0.633,31,2450.79,1892.79,18
123,GammaBand,78.29,60.96,51.53,1.327,29,2270.29,1748.29,18
124,GammaBand,50.33,46.59,16.45,0.794,29,1459.47,937.47,18
125,GammaBand,38.55,29.94,31.02,1.267,61,2351.29,1253.29,18
126,GammaBand,64.14,55.94,21.0,1.404,21,1346.9,968.9,18
127,GammaBand,73.26,54.64,92.61,1.32,30,2197.87,1657.87,18
128,GammaBand,66.14,41.28,31.7,1.302,40,2645.44,1925.44,18
129,GammaBand,47.74,45.22,21.46,0.845,43,2052.73,1278.73,18
130,GammaBand,55.5,53.0,45.17,0.688,29,1609.43,1087.43,18
131,GammaBand,72.53,55.7,71.77,0.705,21,1523.06,1145.06,18
132,GammaBand,50.41,42.58,25.8,0.901,38,1915.59,1231.59,18
133,GammaBand,74.8,73.2,49.87,0.575,31,2318.8,1760.8,18
134,GammaBand,78.04,66.88,18.51,0.837,21,1638.87,1260.87,18
135,GammaBand,44.75,36.43,21.59,1.212,61,2729.64,1631.64,18
136,GammaBand,61.27,61.67,15.68,0.737,26,1592.99,1124.99,18
137,GammaBand,69.76,70.92,34.25,1.1,40,2790.24,2070.24,18
138,GammaBand,51.13,48.56,34.32,0.668,43,2198.79,1424.79,18
139,GammaBand,59.95,53.62,11.81,0.896,22,1318.94,922.94,18
140,GammaBand,45.93,45.85,16.78,1.328,29,1331.83,809.83,18
141,GammaBand,48.25,40.11,17.04,1.307,44,2123.2,1331.2,18
142,GammaBand,62.62,52.17,46.94,1.017,49,3068.16,2186.16,18
143,GammaBand,62.4,31.39,5.81,1.078,15,936.03,666.03,18
144,GammaBand,53.41,47.51,24.16,1.3,25,1335.14,885.14,18
145,GammaBand,27.29,27.23,17.64,0.93,94,2564.83,872.83,18
146,GammaBand,64.3,56.34,91.67,0.553,31,1993.19,1435.19,18
147,GammaBand,44.96,56.16,31.74,0.608,22,989.02,593.02,18
148,GammaBand,69.0,34.39,51.53,0.665,30,2070.0,1530.0,18
149,GammaBand,30.0,33.98,14.9,1.138,38,1139.99,455.99,18
150,GammaBand,55.22,59.14,31.3,0.652,50,2761.05,1861.05,18
151,GammaBand,79.32,55.58,9.48,0.947,22,1745.12,1349.12,18
152,GammaBand,77.8,65.87,15.15,0.893,20,1555.97,1195.97,18
153,GammaBand,66.27,68.69,14.28,1.226,36,2385.59,1737.59,18
154,GammaBand,71.41,35.06,43.25,1.456,44,3142.21,2350.21,18
155,GammaBand,56.23,35.22,48.96,0.577,49,2755.43,1873.43,18
156,GammaBand,63.19,47.2,27.0,0.827,25,1579.7,1129.7,18
157,GammaBand,67.02,30.39,7.04,0.769,18,1206.44,882.44,18
158,GammaBand,48.57,45.89,37.42,0.688,30,1457.23,917.23,18
159,GammaBand,27.61,26.77,65.15,1.446,89,2457.36,855.36,18
160,GammaBand,66.96,44.31,10.54,1.341,40,2678.52,1958.52,18
161,GammaBand,65.9,49.24,18.39,0.671,25,1647.5,1197.5,18
162,GammaBand,73.99,60.81,66.63,0.932,41,3033.78,2295.78,18
163,GammaBand,78.87,66.98,14.09,1.489,41,3233.74,2495.74,18
164,GammaBand,64.51,32.25,58.59,1.057,52,3354.28,2418.28,18
165,GammaBand,60.2,51.75,6.69,1.283,43,2588.62,1814.62,18
166,GammaBand,37.03,39.63,25.63,0.805,40,1481.11,761.11,18
167,GammaBand,67.78,53.64,45.0,1.467,43,2914.45,2140.45,18
168,GammaBand,44.73,62.13,26.56,1.0,56,2504.74,1496.74,18
169,GammaBand,33.08,40.07,41.01,1.402,69,2282.32,1040.32,18
170,GammaBand,71.33,65.72,19.92,0.953,29,2068.47,1546.47,18
171,GammaBand,81.23,62.42,28.48,0.931,22,1787.04,1391.04,18
172,GammaBand,57.38,52.65,42.5,0.586,38,2180.58,1496.58,18
173,GammaBand,66.72,42.74,24.07,1.315,29,1934.93,1412.93,18
174,GammaBand,47.62,45.01,13.68,0.786,31,1476.17,918.17,18
175,GammaBand,68.04,56.9,51.47,0.855,24,1633.0,1201.0,18
176,GammaBand,76.21,67.69,15.8,0.779,27,2057.73,1571.73,18
177,GammaBand,41.46,33.16,40.22,1.203,63,2612.14,1478.14,18
178,GammaBand,64.71,29.6,42.65,1.099,32,2070.79,1494.79,18
179,GammaBand,75.41,52.77,27.39,0.509,15,1131.18,861.18,18
180,GammaBand,40.01,52.84,78.59,1.143,50,2000.6,1100.6,18
181,GammaBand,55.87,39.81,45.65,0.616,20,1117.33,757.33,18
182,GammaBand,56.55,34.85,56.54,1.485,47,2657.91,1811.91,18
183,GammaBand,61.48,52.97,29.71,1.083,34,2090.2,1478.2,18
184,GammaBand,48.21,51.3,64.93,0.591,41,1976.71,1238.71,18
185,GammaBand,64.58,44.03,10.59,0.542,25,1614.48,1164.48,18
186,GammaBand,48.88,62.67,37.1,0.657,53,2590.61,1636.61,18
187,GammaBand,47.06,27.29,34.33,1.17,41,1929.37,1191.37,18
188,GammaBand,34.6,28.7,19.0,0.693,34,1176.45,564.45,18
189,GammaBand,73.8,44.89,42.33,0.972,21,1549.82,1171.82,18
190,GammaBand,82.63,61.74,47.52,0.7,36,2974.59,2326.59,18
191,GammaBand,72.06,67.62,38.11,0.903,41,2954.55,2216.55,18
192,GammaBand,62.62,75.74,9.31,1.167,23,1440.37,1026.37,18
193,GammaBand,64.96,60.12,34.85,0.757,23,1494.01,1080.01,18
194,GammaBand,74.13,66.04,29.65,1.056,50,3706.54,2806.54,18
195,GammaBand,57.92,62.66,3.02,0.541,24,1389.96,957.96,18
196,GammaBand,60.45,45.79,48.69,0.541,17,1027.6,721.6,18
197,GammaBand,41.6,38.58,16.09,0.689,42,1747.1,991.1,18
198,GammaBand,74.98,60.0,33.66,1.004,36,2699.28,2051.28,18
199,GammaBand,75.04,66.67,24.18,0.588,23,1725.88,1311.88,18
200,GammaBand,83.13,75.26,5.68,1.274,16,1330.12,1042.12,18
201,GammaBand,53.56,31.01,29.0,1.137,43,2302.99,1528.99,18
202,GammaBand,73.46,37.87,10.16,1.009,44,3232.32,2440.32,18
203,GammaBand,55.96,46.03,33.74,1.115,19,1063.18,721.18,18
204,GammaBand,57.7,45.29,16.14,1.399,34,1961.81,1349.81,18
205,GammaBand,70.71,42.67,21.63,0.542,13,919.21,685.21,18
206,GammaBand,65.35,42.18,41.7,0.649,22,1437.73,1041.73,18
207,GammaBand,43.31,39.59,57.17,0.562,54,2338.75,1366.75,18
208,GammaBand,61.36,67.01,39.73,1.209,30,1840.74,1300.74,18
209,GammaBand,86.4,72.31,20.37,1.106,32,2764.82,2188.82,18
210,GammaBand,56.25,68.48,72.39,0.852,45,2531.34,1721.34,18
211,GammaBand,65.06,67.16,21.35,0.681,40,2602.5,1882.5,18
212,GammaBand,41.89,29.1,16.37,0.785,24,1005.41,573.41,18
213,GammaBand,58.47,30.34,28.69,0.84,37,2163.22,1497.22,18
214,GammaBand,64.54,72.41,1.11,1.218,26,1677.97,1209.97,18
215,GammaBand,82.81,66.31,30.97,1.044,43,3560.73,2786.73,18
216,GammaBand,66.31,65.42,22.33,1.361,28,1856.74,1352.74,18
217,GammaBand,52.42,31.82,33.01,0.735,17,891.19,585.19,18
218,GammaBand,38.71,43.27,58.08,0.592,61,2361.39,1263.39,18
219,GammaBand,44.65,50.26,11.02,0.836,43,1920.02,1146.02,18
220,GammaBand,84.28,55.01,58.88,0.72,25,2106.9,1656.9,18
221,GammaBand,50.09,49.95,4.72,0.654,30,1502.6,962.6,18
222,GammaBand,54.15,73.82,14.79,1.17,36,1949.52,1301.52,18
223,GammaBand,74.1,49.56,19.09,1.295,32,2371.29,1795.29,18
224,GammaBand,34.28,31.88,7.71,1.314,38,1302.5,618.5,18
225,GammaBand,48.11,37.81,35.62,1.366,35,1683.85,1053.85,18
226,GammaBand,35.78,49.25,81.85,0.957,46,1645.81,817.81,18
227,GammaBand,48.51,62.16,33.4,1.037,44,2134.6,1342.6,18
228,GammaBand,66.83,50.39,39.35,0.661,36,2405.9,1757.9,18
229,GammaBand,48.0,45.35,20.21,0.898,51,2447.78,1529.78,18
230,GammaBand,65.72,59.01,10.92,0.568,21,1380.03,1002.03,18
231,GammaBand,48.23,58.13,105.19,0.595,28,1350.55,846.55,18
232,GammaBand,45.79,26.08,64.15,1.264,70,3205.31,1945.31,18
233,GammaBand,65.82,83.61,5.15,1.443,35,2303.69,1673.69,18
234,GammaBand,87.75,74.4,27.26,0.677,31,2720.4,2162.4,18
235,GammaBand,66.0,57.91,5.07,1.119,28,1847.87,1343.87,18
236,GammaBand,45.01,37.13,35.97,1.321,50,2250.69,1350.69,18
237,GammaBand,30.42,27.85,38.9,0.99,43,1307.86,533.86,18
238,GammaBand,52.86,34.03,48.5,1.437,23,1215.71,801.71,18
239,GammaBand,78.44,49.07,27.43,0.564,20,1568.77,1208.77,18
240,GammaBand,34.05,41.79,135.68,0.77,67,2281.66,1075.66,18
241,GammaBand,59.8,61.62,36.02,0.704,24,1435.28,1003.28,18
242,GammaBand,63.61,48.46,15.86,0.732,16,1017.7,729.7,18
243,GammaBand,59.68,50.85,27.41,0.791,46,2745.5,1917.5,18
244,GammaBand,56.48,53.91,25.41,1.072,28,1581.37,1077.37,18
245,GammaBand,50.71,81.16,14.43,0.668,38,1926.84,1242.84,18
246,GammaBand,47.08,29.01,47.73,1.204,29,1365.42,843.42,18
247,GammaBand,87.63,82.5,27.62,0.925,19,1664.96,1322.96,18
248,GammaBand,43.68,53.97,37.24,1.152,60,2620.86,1540.86,18
249,GammaBand,41.31,50.14,36.62,1.413,40,1652.32,932.32,18
250,GammaBand,45.16,52.31,20.78,1.298,45,2032.35,1222.35,18
251,GammaBand,63.87,50.36,10.42,1.491,27,1724.38,1238.38,18
252,GammaBand,60.27,45.7,69.23,1.406,81,4881.56,3423.56,18
253,GammaBand,44.86,33.18,33.41,0.598,19,852.42,510.42,18
254,GammaBand,61.94,49.81,38.01,1.338,36,2230.01,1582.01,18
255,GammaBand,59.08,51.28,46.79,0.754,26,1536.17,1068.17,18
256,GammaBand,73.47,50.73,38.36,0.792,22,1616.38,1220.38,18
257,GammaBand,44.52,67.01,17.69,1.461,67,2982.91,1776.91,18
258,GammaBand,39.89,45.36,81.66,0.574,46,1834.95,1006.95,18
259,GammaBand,66.52,61.83,30.77,0.784,79,5254.92,3832.92,18
260,GammaBand,77.81,82.5,37.81,1.311,39,3034.63,2332.63,18
261,GammaBand,40.22,53.63,3.17,1.133,32,1287.13,711.13,18
262,GammaBand,62.6,44.89,30.43,0.646,31,1940.58,1382.58,18
263,GammaBand,47.88,30.25,6.79,0.881,25,1196.94,746.94,18
264,GammaBand,45.98,37.73,29.27,0.78,56,2574.89,1566.89,18
265,GammaBand,42.28,50.2,40.76,0.696,50,2113.77,1213.77,18
266,GammaBand,63.17,38.23,33.36,1.065,39,2463.8,1761.8,18
267,GammaBand,33.86,31.75,47.78,0.815,46,1557.57,729.57,18
268,GammaBand,71.7,63.81,55.58,1.291,36,2581.36,1933.36,18
269,GammaBand,65.95,67.18,42.38,1.121,37,2440.32,1774.32,18
270,GammaBand,89.07,79.25,16.14,0.848,17,1514.24,1208.24,18
271,GammaBand,50.53,39.84,28.95,0.954,42,2122.39,1366.39,18
272,GammaBand,72.43,79.62,24.38,1.434,35,2535.01,1905.01,18
273,GammaBand,65.88,33.8,13.75,0.518,12,790.57,574.57,18
274,GammaBand,76.97,58.91,37.07,0.878,30,2309.15,1769.15,18
275,GammaBand,47.23,58.25,49.81,0.885,53,2503.2,1549.2,18
276,GammaBand,41.22,35.35,24.98,0.84,46,1896.3,1068.3,18
277,GammaBand,70.99,45.74,9.14,0.66,24,1703.77,1271.77,18
278,GammaBand,48.61,40.71,22.19,1.441,32,1555.51,979.51,18
279,GammaBand,67.2,42.33,36.06,1.087,45,3024.04,2214.04,18
280,GammaBand,36.53,29.27,27.22,1.143,63,2301.5,1167.5,18
281,GammaBand,42.05,44.12,10.3,1.163,55,2312.77,1322.77,18
282,GammaBand,51.3,71.23,41.77,0.894,58,2975.27,1931.27,18
283,GammaBand,50.29,45.8,33.27,1.464,60,3017.14,1937.14,18
284,GammaBand,38.49,40.06,30.89,1.113,37,1424.22,758.22,18
285,GammaBand,81.31,72.45,56.23,0.772,37,3008.64,2342.64,18
286,GammaBand,82.12,56.37,34.77,0.654,28,2299.31,1795.31,18
287,GammaBand,68.32,35.33,10.91,1.108,28,1912.92,1408.92,18
288,GammaBand,63.07,71.33,52.47,1.492,74,4666.97,3334.97,18
289,GammaBand,65.21,57.46,7.46,1.053,33,2151.83,1557.83,18
290,GammaBand,65.41,64.24,39.94,0.686,25,1635.23,1185.23,18
291,GammaBand,68.43,78.55,47.5,1.235,50,3421.72,2521.72,18
292,GammaBand,63.91,68.9,3.6,1.045,29,1853.51,1331.51,18
293,GammaBand,41.9,28.75,19.78,1.325,64,2681.37,1529.37,18
294,GammaBand,50.86,37.84,8.31,1.018,60,3051.43,1971.43,18
295,GammaBand,33.33,45.3,3.55,1.275,56,1866.54,858.54,18
296,GammaBand,81.17,57.27,44.09,1.448,43,3490.23,2716.23,18
297,GammaBand,69.94,67.12,22.32,0.998,37,2587.82,1921.82,18
298,GammaBand,48.62,48.23,30.98,0.96,28,1361.44,857.44,18
299,GammaBand,63.75,44.1,7.42,0.695,31,1976.25,1418.25,18
300,GammaBand,79.83,67.88,11.18,1.225,23,1836.13,1422.13,18
301,GammaBand,82.73,81.37,20.56,0.558,42,3474.66,2718.66,18
302,GammaBand,60.64,41.7,31.97,0.832,28,1698.02,1194.02,18
303,GammaBand,46.49,34.11,40.88,0.821,43,1999.03,1225.03,18
304,GammaBand,61.93,63.37,34.78,0.59,41,2539.19,1801.19,18
305,GammaBand,69.37,59.05,37.58,0.608,34,2358.59,1746.59,18
306,GammaBand,67.36,65.84,24.96,0.952,36,2425.06,1777.06,18
307,GammaBand,54.4,47.79,3.39,1.134,42,2284.85,1528.85,18
308,GammaBand,47.92,36.02,14.7,0.515,24,1150.12,718.12,18
309,GammaBand,80.14,55.11,25.16,1.102,15,1202.15,932.15,18
310,GammaBand,55.07,37.48,4.4,1.233,29,1596.97,1074.97,18
311,GammaBand,79.31,63.2,3.25,0.983,26,2062.13,1594.13,18
312,GammaBand,62.43,58.27,80.28,0.795,69,4307.96,3065.96,18
313,GammaBand,68.28,55.11,15.73,0.775,34,2321.63,1709.63,18
314,GammaBand,33.77,39.67,20.48,1.42,86,2903.88,1355.88,18
315,GammaBand,57.73,40.11,27.35,0.527,45,2597.87,1787.87,18
316,GammaBand,76.74,71.59,5.22,1.252,41,3146.23,2408.23,18
317,GammaBand,44.66,37.58,11.76,0.636,25,1116.45,666.45,18
318,GammaBand,61.7,61.43,36.57,0.564,59,3640.3,2578.3,18
319,GammaBand,32.64,38.96,43.67,1.009,67,2187.18,981.18,18
320,GammaBand,48.37,52.04,16.9,0.62,66,3192.72,2004.72,18
321,GammaBand,44.29,68.53,6.75,0.921,44,1948.6,1156.6,18
322,GammaBand,43.34,58.37,53.79,1.347,63,2730.32,1596.32,18
323,GammaBand,43.18,35.94,26.82,1.462,75,3238.82,1888.82,18
324,GammaBand,67.11,64.73,115.54,1.313,48,3221.16,2357.16,18
325,GammaBand,51.66,54.59,13.59,1.007,37,1911.55,1245.55,18
326,GammaBand,73.72,44.91,8.15,1.497,20,1474.39,1114.39,18
327,GammaBand,70.46,48.61,88.67,1.059,34,2395.66,1783.66,18
328,GammaBand,44.09,27.25,55.43,1.007,30,1322.76,782.76,18
329,GammaBand,60.92,27.27,12.88,1.067,31,1888.41,1330.41,18
330,GammaBand,57.25,32.4,79.27,0.627,58,3320.67,2276.67,18
331,GammaBand,68.62,29.79,40.91,1.333,44,3019.26,2227.26,18
332,GammaBand,59.39,39.21,77.1,0.701,30,1781.85,1241.85,18
333,GammaBand,66.03,31.6,25.3,0.895,48,3169.64,2305.64,18
334,GammaBand,61.14,44.84,2.69,1.429,34,2078.83,1466.83,18
335,GammaBand,46.99,55.47,15.52,0.584,46,2161.33,1333.33,18
336,GammaBand,51.59,72.46,59.47,1.04,79,4075.76,2653.76,18
337,GammaBand,39.5,40.26,75.71,1.128,110,4345.31,2365.31,18
338,GammaBand,64.38,62.9,16.67,0.504,36,2317.6,1669.6,18
339,GammaBand,42.68,62.06,25.0,0.748,67,2859.82,1653.82,18
340,GammaBand,35.63,35.71,30.96,0.979,58,2066.69,1022.69,18
341,GammaBand,33.17,29.35,38.23,0.639,58,1923.69,879.69,18
342,GammaBand,82.48,78.93,37.32,1.225,41,3381.57,2643.57,18
343,GammaBand,54.95,75.96,25.18,1.204,73,4011.54,2697.54,18
344,GammaBand,49.61,75.83,42.89,0.906,93,4613.89,2939.89,18
345,GammaBand,39.94,50.6,32.16,1.315,44,1757.23,965.23,18
346,GammaBand,66.02,62.7,9.1,1.392,27,1782.46,1296.46,18
347,GammaBand,37.23,42.87,37.61,0.683,74,2754.66,1422.66,18
348,GammaBand,44.07,53.43,19.13,1.036,53,2335.81,1381.81,18
349,GammaBand,48.79,71.94,8.84,0.875,39,1902.76,1200.76,18
350,GammaBand,72.98,32.02,63.87,0.777,30,2189.29,1649.29,18
351,GammaBand,38.83,49.32,21.84,0.758,57,2213.49,1187.49,18
352,GammaBand,68.91,80.93,44.73,1.172,30,2067.22,1527.22,18
353,GammaBand,65.38,75.7,29.79,0.949,54,3530.55,2558.55,18
354,GammaBand,54.97,64.17,29.56,1.213,59,3243.42,2181.42,18
355,GammaBand,34.57,42.77,13.89,0.576,72,2489.24,1193.24,18
356,GammaBand,79.5,70.24,21.08,0.838,42,3338.88,2582.88,18
357,GammaBand,78.17,59.77,26.99,0.643,23,1797.99,1383.99,18
358,GammaBand,41.8,46.43,8.02,0.895,32,1337.71,761.71,18
359,GammaBand,46.75,28.8,38.02,1.212,20,934.98,574.98,18
360,GammaBand,80.37,63.24,26.55,0.577,14,1125.21,873.21,18
361,GammaBand,51.82,76.87,92.45,1.428,109,5647.92,3685.92,18
362,GammaBand,51.73,59.35,17.58,0.95,50,2586.3,1686.3,18
363,GammaBand,67.04,26.66,12.25,1.436,24,1608.91,1176.91,18
364,GammaBand,63.9,61.17,15.99,0.742,32,2044.9,1468.9,18
0,DeltaDock,59.83,62.03,13.0,0.683,2,119.67,59.67,30
1,DeltaDock,47.26,54.12,51.4,0.665,2,94.53,34.53,30
2,DeltaDock,81.76,76.35,1.21,1.02,0,0.0,0.0,30
3,DeltaDock,60.05,68.06,7.16,1.458,1,60.05,30.05,30
4,DeltaDock,92.03,85.63,34.26,1.467,2,184.06,124.06,30
5,DeltaDock,87.12,62.39,36.89,0.514,1,87.12,57.12,30
6,DeltaDock,54.96,71.31,46.17,1.361,0,0.0,0.0,30
7,DeltaDock,63.38,45.65,15.7,1.195,1,63.38,33.38,30
8,DeltaDock,93.1,78.54,37.61,0.867,0,0.0,0.0,30
9,DeltaDock,81.32,63.67,16.46,0.881,0,0.0,0.0,30
10,DeltaDock,80.99,84.9,23.17,0.527,0,0.0,0.0,30
11,DeltaDock,62.46,43.39,19.51,0.775,3,187.39,97.39,30
12,DeltaDock,77.28,88.12,11.57,1.194,0,0.0,0.0,30
13,DeltaDock,78.47,47.26,24.4,0.533,0,0.0,0.0,30
14,DeltaDock,81.56,66.25,11.04,1.146,2,163.12,103.12,30
15,DeltaDock,74.44,61.04,20.51,0.961,1,74.44,44.44,30
16,DeltaDock,60.49,47.74,15.6,0.724,2,120.97,60.97,30
17,DeltaDock,83.44,77.08,23.75,0.857,3,250.32,160.32,30
18,DeltaDock,49.72,59.76,41.86,0.935,4,198.87,78.87,30
19,DeltaDock,92.02,83.36,47.49,1.004,3,276.05,186.05,30
20,DeltaDock,82.2,59.45,26.14,1.1,2,164.4,104.4,30
21,DeltaDock,80.58,82.72,3.09,0.544,1,80.58,50.58,30
22,DeltaDock,53.84,79.51,98.44,0.636,2,107.68,47.68,30
23,DeltaDock,65.06,51.87,76.92,0.698,4,260.26,140.26,30
24,DeltaDock,62.32,79.43,30.37,1.261,4,249.28,129.28,30
25,DeltaDock,58.14,42.04,53.66,0.898,2,116.28,56.28,30
26,DeltaDock,82.11,58.76,12.45,1.128,0,0.0,0.0,30
27,DeltaDock,68.95,77.94,17.06,0.715,1,68.95,38.95,30
28,DeltaDock,92.68,85.69,46.96,1.109,4,370.74,250.74,30
29,DeltaDock,93.65,83.63,23.81,0.831,2,187.3,127.3,30
30,DeltaDock,61.19,55.13,18.15,1.092,1,61.19,31.19,30
31,DeltaDock,66.04,74.4,22.69,0.89,1,66.04,36.04,30
32,DeltaDock,82.4,64.06,55.24,1.433,0,0.0,0.0,30
33,DeltaDock,76.62,49.89,12.21,0.546,2,153.24,93.24,30
34,DeltaDock,88.34,75.59,22.01,0.642,0,0.0,0.0,30
35,DeltaDock,73.84,88.4,7.43,0.931,1,73.84,43.84,30
36,DeltaDock,70.74,61.47,45.61,1.06,1,70.74,40.74,30
37,DeltaDock,52.68,57.02,37.75,0.694,1,52.68,22.68,30
38,DeltaDock,90.34,81.02,44.46,1.013,4,361.35,241.35,30
39,DeltaDock,56.49,71.98,8.95,1.354,2,112.98,52.98,30
40,DeltaDock,62.91,71.08,9.37,0.633,1,62.91,32.91,30
41,DeltaDock,79.45,65.57,31.08,1.001,1,79.45,49.45,30
42,DeltaDock,53.85,36.63,27.46,0.72,0,0.0,0.0,30
43,DeltaDock,63.34,81.06,12.58,1.285,3,190.01,100.01,30
44,DeltaDock,94.03,88.89,50.21,0.676,0,0.0,0.0,30
45,DeltaDock,66.84,73.56,21.47,1.42,0,0.0,0.0,30
46,DeltaDock,67.66,72.4,16.05,0.756,2,135.32,75.32,30
47,DeltaDock,76.97,69.1,10.32,0.969,1,76.97,46.97,30
48,DeltaDock,59.11,40.45,22.06,1.265,1,59.11,29.11,30
49,DeltaDock,74.06,86.59,7.68,1.216,2,148.13,88.13,30
50,DeltaDock,71.05,52.66,15.86,1.042,2,142.1,82.1,30
51,DeltaDock,65.7,47.36,34.03,1.331,3,197.11,107.11,30
52,DeltaDock,79.25,86.65,37.8,1.006,1,79.25,49.25,30
53,DeltaDock,78.83,56.59,53.61,0.972,1,78.83,48.83,30
54,DeltaDock,54.47,70.17,3.26,0.587,2,108.94,48.94,30
55,DeltaDock,44.25,47.76,76.94,0.569,1,44.25,14.25,30
56,DeltaDock,72.2,62.15,4.65,0.931,1,72.2,42.2,30
57,DeltaDock,86.82,90.26,13.14,1.495,1,86.82,56.82,30
58,DeltaDock,62.54,53.04,10.25,1.351,0,0.0,0.0,30
59,DeltaDock,81.25,63.27,25.24,1.349,0,0.0,0.0,30
60,DeltaDock,90.46,72.26,28.71,1.119,1,90.46,60.46,30
61,DeltaDock,77.94,42.43,13.09,0.609,2,155.87,95.87,30
62,DeltaDock,75.54,52.34,56.2,1.056,1,75.54,45.54,30
63,DeltaDock,75.81,44.74,11.91,1.056,1,75.81,45.81,30
64,DeltaDock,60.26,84.07,16.33,0.913,1,60.26,30.26,30
65,DeltaDock,83.25,83.42,29.84,0.967,1,83.25,53.25,30
66,DeltaDock,68.74,89.22,31.08,1.161,1,68.74,38.74,30
67,DeltaDock,71.15,49.96,22.52,0.94,3,213.44,123.44,30
68,DeltaDock,90.0,61.76,1.91,1.026,0,0.0,0.0,30
69,DeltaDock,43.49,53.36,32.57,1.218,3,130.47,40.47,30
70,DeltaDock,74.55,71.71,13.32,0.78,2,149.09,89.09,30
71,DeltaDock,77.06,40.03,46.63,0.803,0,0.0,0.0,30
72,DeltaDock,85.74,80.97,7.13,1.316,4,342.94,222.94,30
73,DeltaDock,87.41,54.49,18.35,0.842,3,262.23,172.23,30
74,DeltaDock,91.52,85.94,8.13,1.187,2,183.05,123.05,30
75,DeltaDock,63.01,56.74,31.27,1.304,0,0.0,0.0,30
76,DeltaDock,91.85,76.7,35.81,0.638,0,0.0,0.0,30
77,DeltaDock,70.66,54.98,15.79,1.29,3,211.97,121.97,30
78,DeltaDock,85.83,83.27,46.94,1.274,2,171.65,111.65,30
79,DeltaDock,69.51,58.86,9.12,0.913,1,69.51,39.51,30
80,DeltaDock,84.46,73.32,12.82,1.246,1,84.46,54.46,30
81,DeltaDock,81.93,81.17,38.83,0.596,2,163.87,103.87,30
82,DeltaDock,62.31,61.96,24.5,0.68,0,0.0,0.0,30
83,DeltaDock,53.36,47.7,41.04,0.956,3,160.08,70.08,30
84,DeltaDock,79.31,64.51,19.73,0.814,0,0.0,0.0,30
85,DeltaDock,88.55,83.55,27.25,1.23,1,88.55,58.55,30
86,DeltaDock,49.38,62.54,37.8,1.037,2,98.77,38.77,30
87,DeltaDock,90.66,73.02,6.87,0.783,1,90.66,60.66,30
88,DeltaDock,62.37,60.81,43.45,0.786,2,124.75,64.75,30
89,DeltaDock,95.31,82.7,5.7,1.207,0,0.0,0.0,30
90,DeltaDock,69.78,51.49,10.72,1.028,0,0.0,0.0,30
91,DeltaDock,49.72,60.81,13.24,0.509,2,99.44,39.44,30
92,DeltaDock,76.28,44.17,27.67,1.034,2,152.57,92.57,30
93,DeltaDock,56.24,46.17,44.73,0.659,0,0.0,0.0,30
94,DeltaDock,65.41,76.2,10.9,1.338,0,0.0,0.0,30
95,DeltaDock,93.45,82.02,6.47,1.46,3,280.36,190.36,30
96,DeltaDock,67.98,51.62,13.82,1.369,0,0.0,0.0,30
97,DeltaDock,60.26,45.72,18.46,0.641,0,0.0,0.0,30
98,DeltaDock,93.11,85.83,27.31,1.304,2,186.22,126.22,30
99,DeltaDock,73.81,66.52,56.38,0.681,1,73.81,43.81,30
100,DeltaDock,95.2,82.86,15.26,0.862,0,0.0,0.0,30
101,DeltaDock,55.97,68.96,7.95,0.561,1,55.97,25.97,30
102,DeltaDock,74.25,71.24,5.29,0.828,2,148.49,88.49,30
103,DeltaDock,81.4,67.96,68.78,1.494,2,162.79,102.79,30
104,DeltaDock,68.79,87.3,30.56,0.548,2,137.59,77.59,30
105,DeltaDock,87.48,64.55,8.75,1.455,3,262.43,172.43,30
106,DeltaDock,86.09,74.96,31.78,0.662,2,172.17,112.17,30
107,DeltaDock,80.39,77.95,47.56,1.35,0,0.0,0.0,30
108,DeltaDock,96.14,91.66,5.88,1.34,0,0.0,0.0,30
109,DeltaDock,51.85,49.05,42.9,0.901,2,103.69,43.69,30
110,DeltaDock,67.76,45.65,75.44,0.873,3,203.27,113.27,30
111,DeltaDock,91.24,73.08,17.35,0.589,0,0.0,0.0,30
112,DeltaDock,61.0,62.02,15.13,0.757,1,61.0,31.0,30
113,DeltaDock,79.38,88.07,6.75,0.969,2,158.76,98.76,30
114,DeltaDock,44.94,42.25,49.51,1.429,4,179.76,59.76,30
115,DeltaDock,53.79,43.81,5.91,0.501,2,107.58,47.58,30
116,DeltaDock,70.78,59.01,28.2,0.506,0,0.0,0.0,30
117,DeltaDock,75.3,71.23,13.34,1.18,1,75.3,45.3,30
118,DeltaDock,53.28,58.42,15.96,0.892,0,0.0,0.0,30
119,DeltaDock,87.23,60.16,57.51,0.879,0,0.0,0.0,30
120,DeltaDock,40.69,46.05,44.87,1.118,3,122.06,32.06,30
121,DeltaDock,84.72,71.97,6.73,0.53,0,0.0,0.0,30
122,DeltaDock,66.95,74.84,8.25,0.69,2,133.9,73.9,30
123,DeltaDock,52.47,53.7,30.71,0.591,1,52.47,22.47,30
124,DeltaDock,83.81,68.33,19.98,0.667,0,0.0,0.0,30
125,DeltaDock,78.92,62.01,72.7,1.489,1,78.92,48.92,30
126,DeltaDock,80.99,68.07,73.54,0.794,2,161.98,101.98,30
127,DeltaDock,53.7,47.57,17.77,1.274,3,161.1,71.1,30
128,DeltaDock,76.73,45.57,30.79,1.275,0,0.0,0.0,30
129,DeltaDock,90.76,80.5,7.7,0.78,0,0.0,0.0,30
130,DeltaDock,88.07,67.64,12.06,1.187,4,352.29,232.29,30
131,DeltaDock,62.26,83.94,38.07,0.818,3,186.79,96.79,30
132,DeltaDock,50.77,49.74,17.47,0.945,1,50.77,20.77,30
133,DeltaDock,71.62,81.2,24.45,1.394,0,0.0,0.0,30
134,DeltaDock,81.63,68.02,21.63,0.639,0,0.0,0.0,30
135,DeltaDock,64.73,54.05,63.91,0.603,2,129.46,69.46,30
136,DeltaDock,51.51,42.41,65.08,1.238,1,51.51,21.51,30
137,DeltaDock,77.41,76.27,27.26,0.661,0,0.0,0.0,30
138,DeltaDock,59.66,43.9,10.89,1.455,1,59.66,29.66,30
139,DeltaDock,95.94,75.55,5.0,1.485,2,191.88,131.88,30
140,DeltaDock,65.78,66.38,42.59,0.564,3,197.35,107.35,30
141,DeltaDock,66.25,66.32,9.27,1.436,1,66.25,36.25,30
142,DeltaDock,68.75,44.47,4.78,0.809,1,68.75,38.75,30
143,DeltaDock,59.88,49.7,114.58,1.236,5,299.4,149.4,30
144,DeltaDock,66.18,53.54,10.34,1.097,0,0.0,0.0,30
145,DeltaDock,58.47,63.25,25.67,1.252,2,116.93,56.93,30
146,DeltaDock,59.13,45.55,12.78,1.224,2,118.26,58.26,30
147,DeltaDock,85.16,86.63,32.07,1.22,1,85.16,55.16,30
148,DeltaDock,75.7,51.68,43.51,0.517,2,151.4,91.4,30
149,DeltaDock,92.66,74.36,55.78,1.251,1,92.66,62.66,30
150,DeltaDock,87.89,61.59,3.33,1.074,1,87.89,57.89,30
151,DeltaDock,55.1,63.39,30.07,1.157,1,55.1,25.1,30
152,DeltaDock,72.11,69.38,27.72,0.741,0,0.0,0.0,30
153,DeltaDock,62.84,54.95,26.03,0.563,2,125.69,65.69,30
154,DeltaDock,54.43,59.84,62.88,1.111,2,108.86,48.86,30
155,DeltaDock,83.19,88.79,53.18,1.028,1,83.19,53.19,30
156,DeltaDock,44.31,40.29,23.6,0.776,3,132.92,42.92,30
157,DeltaDock,77.16,68.01,34.87,0.873,1,77.16,47.16,30
158,DeltaDock,66.83,82.93,15.06,0.708,1,66.83,36.83,30
159,DeltaDock,64.17,41.9,19.8,0.954,4,256.66,136.66,30
160,DeltaDock,67.82,84.97,30.4,0.524,1,67.82,37.82,30
161,DeltaDock,80.66,76.68,10.92,1.072,1,80.66,50.66,30
162,DeltaDock,59.4,85.39,12.5,0.903,0,0.0,0.0,30
163,DeltaDock,60.35,48.58,43.09,1.275,1,60.35,30.35,30
164,DeltaDock,67.09,64.78,9.13,0.896,1,67.09,37.09,30
165,DeltaDock,86.96,75.65,6.24,1.07,0,0.0,0.0,30
166,DeltaDock,76.1,50.08,32.24,0.613,1,76.1,46.1,30
167,DeltaDock,66.82,71.32,29.38,0.61,0,0.0,0.0,30
168,DeltaDock,60.2,61.35,23.11,0.575,0,0.0,0.0,30
169,DeltaDock,75.66,68.93,9.09,1.432,2,151.33,91.33,30
170,DeltaDock,56.75,66.17,57.06,0.801,3,170.25,80.25,30
171,DeltaDock,53.38,54.64,2.21,0.832,0,0.0,0.0,30
172,DeltaDock,94.99,64.94,9.65,0.933,3,284.97,194.97,30
173,DeltaDock,65.76,66.87,75.56,0.806,1,65.76,35.76,30
174,DeltaDock,68.15,52.02,36.38,1.059,2,136.29,76.29,30
175,DeltaDock,74.86,49.16,50.21,1.471,2,149.72,89.72,30
176,DeltaDock,70.85,81.84,69.78,1.44,4,283.4,163.4,30
177,DeltaDock,58.42,77.14,17.38,0.622,0,0.0,0.0,30
178,DeltaDock,69.14,63.41,33.43,0.56,0,0.0,0.0,30
179,DeltaDock,69.78,79.52,33.27,0.561,2,139.56,79.56,30
180,DeltaDock,80.78,42.42,8.13,0.694,1,80.78,50.78,30
181,DeltaDock,64.47,49.36,15.13,0.983,1,64.47,34.47,30
182,DeltaDock,71.38,53.24,11.97,1.164,1,71.38,41.38,30
183,DeltaDock,66.21,74.55,32.23,0.653,2,132.42,72.42,30
184,DeltaDock,64.79,84.67,35.92,0.866,1,64.79,34.79,30
185,DeltaDock,67.8,86.62,54.08,1.473,1,67.8,37.8,30
186,DeltaDock,43.49,40.7,24.58,0.985,1,43.49,13.49,30
187,DeltaDock,52.61,55.92,21.01,1.461,3,157.84,67.84,30
188,DeltaDock,58.99,72.59,9.76,1.129,0,0.0,0.0,30
189,DeltaDock,89.92,82.09,38.99,0.552,0,0.0,0.0,30
190,DeltaDock,65.75,56.52,24.31,1.384,2,131.5,71.5,30
191,DeltaDock,71.91,74.81,59.47,0.871,2,143.83,83.83,30
192,DeltaDock,93.86,81.51,43.79,0.833,4,375.46,255.46,30
193,DeltaDock,59.03,64.6,44.51,1.043,2,118.06,58.06,30
194,DeltaDock,46.23,40.04,24.23,0.643,0,0.0,0.0,30
195,DeltaDock,79.57,53.39,39.35,0.786,3,238.72,148.72,30
196,DeltaDock,68.66,59.4,16.53,0.525,4,274.65,154.65,30
197,DeltaDock,64.72,63.04,2.35,0.924,3,194.15,104.15,30
198,DeltaDock,68.79,81.75,17.67,0.675,3,206.38,116.38,30
199,DeltaDock,68.58,67.19,34.69,0.513,2,137.17,77.17,30
200,DeltaDock,88.72,62.96,6.24,0.551,2,177.44,117.44,30
201,DeltaDock,80.39,72.61,9.69,0.993,0,0.0,0.0,30
202,DeltaDock,66.69,55.99,14.09,1.216,2,133.38,73.38,30
203,DeltaDock,58.76,75.77,55.6,0.837,0,0.0,0.0,30
204,DeltaDock,45.94,53.15,14.47,1.421,0,0.0,0.0,30
205,DeltaDock,64.63,88.89,18.5,0.941,2,129.27,69.27,30
206,DeltaDock,56.27,75.86,30.39,0.964,4,225.08,105.08,30
207,DeltaDock,66.34,55.82,34.86,0.939,4,265.35,145.35,30
208,DeltaDock,65.52,86.43,38.2,1.042,3,196.56,106.56,30
209,DeltaDock,96.29,86.52,73.13,1.312,1,96.29,66.29,30
210,DeltaDock,60.81,74.31,18.76,1.307,1,60.81,30.81,30
211,DeltaDock,63.17,60.69,27.1,1.036,1,63.17,33.17,30
212,DeltaDock,97.52,82.66,54.69,1.193,1,97.52,67.52,30
213,DeltaDock,54.6,67.12,49.31,1.079,0,0.0,0.0,30
214,DeltaDock,89.6,83.97,19.87,1.369,0,0.0,0.0,30
215,DeltaDock,88.11,68.08,19.44,0.564,3,264.34,174.34,30
216,DeltaDock,83.78,53.69,50.16,1.069,1,83.78,53.78,30
217,DeltaDock,46.64,40.2,44.65,1.443,2,93.29,33.29,30
218,DeltaDock,75.21,73.53,12.75,1.11,1,75.21,45.21,30
219,DeltaDock,49.35,46.78,86.69,0.695,3,148.05,58.05,30
220,DeltaDock,51.34,42.42,27.15,1.44,7,359.4,149.4,30
221,DeltaDock,81.84,56.11,35.26,1.403,3,245.51,155.51,30
222,DeltaDock,88.16,61.88,15.17,1.283,0,0.0,0.0,30
223,DeltaDock,71.68,76.86,12.51,0.646,0,0.0,0.0,30
224,DeltaDock,74.18,67.28,27.77,1.261,2,148.36,88.36,30
225,DeltaDock,68.7,70.23,30.39,0.661,2,137.39,77.39,30
226,DeltaDock,94.62,76.18,1.93,0.666,1,94.62,64.62,30
227,DeltaDock,82.81,54.73,9.33,1.406,1,82.81,52.81,30
228,DeltaDock,73.27,70.47,41.09,0.59,1,73.27,43.27,30
229,DeltaDock,67.51,73.31,16.06,1.184,3,202.52,112.52,30
230,DeltaDock,57.19,67.65,29.25,1.023,3,171.58,81.58,30
231,DeltaDock,79.49,46.43,28.78,0.918,0,0.0,0.0,30
232,DeltaDock,66.21,52.17,70.15,1.289,0,0.0,0.0,30
233,DeltaDock,76.87,52.01,10.34,1.154,2,153.75,93.75,30
234,DeltaDock,68.6,82.09,4.05,0.748,0,0.0,0.0,30
235,DeltaDock,84.18,78.96,16.7,1.27,1,84.18,54.18,30
236,DeltaDock,84.37,54.9,45.34,0.794,0,0.0,0.0,30
237,DeltaDock,54.68,55.79,36.31,0.954,5,273.38,123.38,30
238,DeltaDock,68.37,50.23,8.69,0.742,0,0.0,0.0,30
239,DeltaDock,75.87,58.58,6.37,0.707,0,0.0,0.0,30
240,DeltaDock,49.83,59.8,53.64,1.157,1,49.83,19.83,30
241,DeltaDock,67.75,81.12,86.4,1.426,0,0.0,0.0,30
242,DeltaDock,43.09,51.15,7.5,1.42,2,86.18,26.18,30
243,DeltaDock,55.84,78.29,16.29,0.875,1,55.84,25.84,30
244,DeltaDock,54.39,45.41,29.24,1.309,0,0.0,0.0,30
245,DeltaDock,77.16,71.68,16.47,1.219,1,77.16,47.16,30
246,DeltaDock,85.84,47.39,21.32,1.43,1,85.84,55.84,30
247,DeltaDock,66.4,38.64,17.47,0.52,1,66.4,36.4,30
248,DeltaDock,68.96,49.31,27.16,0.607,1,68.96,38.96,30
249,DeltaDock,73.38,85.53,14.2,0.701,1,73.38,43.38,30
250,DeltaDock,57.11,69.62,2.92,0.643,2,114.21,54.21,30
251,DeltaDock,84.77,64.21,58.35,0.55,1,84.77,54.77,30
252,DeltaDock,88.45,81.01,40.73,0.813,2,176.91,116.91,30
253,DeltaDock,72.79,56.63,10.94,1.42,0,0.0,0.0,30
254,DeltaDock,59.75,63.9,46.34,1.347,0,0.0,0.0,30
255,DeltaDock,67.01,65.86,17.26,1.461,2,134.02,74.02,30
256,DeltaDock,54.0,49.51,18.48,0.54,1,54.0,24.0,30
257,DeltaDock,92.19,78.3,53.62,1.062,0,0.0,0.0,30
258,DeltaDock,88.13,66.55,11.9,0.655,1,88.13,58.13,30
259,DeltaDock,72.72,78.78,5.87,1.429,0,0.0,0.0,30
260,DeltaDock,76.98,77.9,15.26,1.159,1,76.98,46.98,30
261,DeltaDock,73.21,79.25,39.71,1.209,0,0.0,0.0,30
262,DeltaDock,61.19,69.44,45.86,0.518,0,0.0,0.0,30
263,DeltaDock,49.22,63.78,9.73,1.216,1,49.22,19.22,30
264,DeltaDock,56.24,48.21,39.53,1.09,2,112.48,52.48,30
265,DeltaDock,45.14,42.77,1.66,1.471,2,90.29,30.29,30
266,DeltaDock,70.78,46.33,34.56,1.482,1,70.78,40.78,30
267,DeltaDock,57.83,55.5,5.03,1.187,2,115.65,55.65,30
268,DeltaDock,95.36,80.52,12.28,1.355,0,0.0,0.0,30
269,DeltaDock,81.53,79.93,14.86,0.823,0,0.0,0.0,30
270,DeltaDock,75.2,79.88,10.71,0.944,1,75.2,45.2,30
271,DeltaDock,90.09,83.33,8.04,1.393,2,180.18,120.18,30
272,DeltaDock,69.61,49.68,66.3,1.28,0,0.0,0.0,30
273,DeltaDock,62.91,68.51,25.18,1.414,1,62.91,32.91,30
274,DeltaDock,69.22,44.6,15.27,0.921,1,69.22,39.22,30
275,DeltaDock,62.69,78.91,16.42,1.438,2,125.39,65.39,30
276,DeltaDock,78.42,51.87,9.7,0.557,0,0.0,0.0,30
277,DeltaDock,92.71,89.54,10.04,0.504,1,92.71,62.71,30
278,DeltaDock,80.4,73.13,59.68,1.034,1,80.4,50.4,30
279,DeltaDock,63.04,49.16,7.57,0.895,2,126.08,66.08,30
280,DeltaDock,50.65,42.81,30.27,0.757,1,50.65,20.65,30
281,DeltaDock,93.89,82.84,17.48,1.239,1,93.89,63.89,30
282,DeltaDock,65.79,61.63,34.13,0.961,5,328.97,178.97,30
283,DeltaDock,87.93,78.32,10.19,0.936,1,87.93,57.93,30
284,DeltaDock,76.18,44.38,46.48,0.93,0,0.0,0.0,30
285,DeltaDock,77.43,78.78,53.18,0.653,1,77.43,47.43,30
286,DeltaDock,59.22,56.47,26.67,0.929,0,0.0,0.0,30
287,DeltaDock,66.13,48.87,30.64,0.747,1,66.13,36.13,30
288,DeltaDock,49.7,44.29,31.05,1.227,1,49.7,19.7,30
289,DeltaDock,100.07,82.79,9.87,1.158,1,100.07,70.07,30
290,DeltaDock,70.49,43.54,19.5,0.776,4,281.95,161.95,30
291,DeltaDock,74.18,68.83,4.42,1.179,1,74.18,44.18,30
292,DeltaDock,89.52,68.58,8.6,0.754,1,89.52,59.52,30
293,DeltaDock,65.38,62.35,58.02,0.596,5,326.92,176.92,30
294,DeltaDock,65.91,52.7,28.55,1.285,0,0.0,0.0,30
295,DeltaDock,54.89,51.02,39.28,0.517,4,219.57,99.57,30
296,DeltaDock,92.82,90.95,13.03,0.599,1,92.82,62.82,30
297,DeltaDock,85.17,79.34,18.1,0.769,2,170.35,110.35,30
298,DeltaDock,55.78,59.1,78.94,1.369,2,111.57,51.57,30
299,DeltaDock,86.09,54.48,51.31,1.33,1,86.09,56.09,30
300,DeltaDock,92.86,75.63,11.47,1.217,0,0.0,0.0,30
301,DeltaDock,53.5,57.53,13.45,0.694,3,160.49,70.49,30
302,DeltaDock,91.48,78.59,16.31,0.815,0,0.0,0.0,30
303,DeltaDock,82.55,48.87,21.67,1.355,1,82.55,52.55,30
304,DeltaDock,84.04,73.55,12.13,0.537,1,84.04,54.04,30
305,DeltaDock,61.43,55.85,49.75,1.029,0,0.0,0.0,30
306,DeltaDock,64.17,50.37,10.22,0.893,3,192.51,102.51,30
307,DeltaDock,68.32,82.04,24.13,0.794,2,136.63,76.63,30
308,DeltaDock,70.27,56.05,33.88,0.869,3,210.8,120.8,30
309,DeltaDock,72.89,41.25,63.57,1.495,1,72.89,42.89,30
310,DeltaDock,73.47,37.9,23.32,0.964,0,0.0,0.0,30
311,DeltaDock,88.71,84.28,12.03,1.21,1,88.71,58.71,30
312,DeltaDock,60.87,66.59,34.17,0.558,2,121.73,61.73,30
313,DeltaDock,93.44,86.75,48.38,1.065,0,0.0,0.0,30
314,DeltaDock,73.11,57.7,44.33,0.747,0,0.0,0.0,30
315,DeltaDock,95.22,70.55,7.45,1.058,1,95.22,65.22,30
316,DeltaDock,90.71,87.21,5.74,0.739,0,0.0,0.0,30
317,DeltaDock,77.36,62.79,25.74,0.555,0,0.0,0.0,30
318,DeltaDock,74.2,73.14,42.62,1.313,2,148.4,88.4,30
319,DeltaDock,74.57,42.0,13.49,0.6,0,0.0,0.0,30
320,DeltaDock,65.59,87.79,44.44,0.712,3,196.78,106.78,30
321,DeltaDock,92.31,76.08,57.36,1.323,3,276.93,186.93,30
322,DeltaDock,80.73,67.84,25.04,1.107,4,322.91,202.91,30
323,DeltaDock,71.74,55.5,21.44,0.689,4,286.97,166.97,30
324,DeltaDock,61.41,85.96,18.0,1.383,1,61.41,31.41,30
325,DeltaDock,80.4,41.07,28.07,1.291,2,160.8,100.8,30
326,DeltaDock,57.57,78.33,32.48,1.141,5,287.83,137.83,30
327,DeltaDock,58.85,47.57,34.49,1.293,2,117.71,57.71,30
328,DeltaDock,60.54,81.99,47.77,0.961,0,0.0,0.0,30
329,DeltaDock,76.05,71.86,38.16,0.548,3,228.16,138.16,30
330,DeltaDock,58.9,76.98,48.4,1.098,2,117.8,57.8,30
331,DeltaDock,66.92,72.4,7.45,0.695,1,66.92,36.92,30
332,DeltaDock,66.48,73.97,18.69,0.628,0,0.0,0.0,30
333,DeltaDock,69.86,41.77,19.0,1.229,1,69.86,39.86,30
334,DeltaDock,82.13,47.12,35.14,1.38,2,164.25,104.25,30
335,DeltaDock,48.19,44.9,27.58,0.554,5,240.93,90.93,30
336,DeltaDock,61.23,54.72,19.85,1.191,2,122.45,62.45,30
337,DeltaDock,74.83,68.42,51.66,1.333,3,224.49,134.49,30
338,DeltaDock,76.3,43.86,11.74,0.896,0,0.0,0.0,30
339,DeltaDock,92.33,80.0,62.3,0.93,1,92.33,62.33,30
340,DeltaDock,90.05,75.02,39.33,0.908,1,90.05,60.05,30
341,DeltaDock,70.7,82.74,3.42,0.546,2,141.4,81.4,30
342,DeltaDock,41.74,43.19,27.31,0.837,3,125.21,35.21,30
343,DeltaDock,65.25,40.58,9.18,0.688,3,195.75,105.75,30
344,DeltaDock,91.22,80.74,27.0,0.633,2,182.44,122.44,30
345,DeltaDock,82.69,80.3,67.58,0.816,1,82.69,52.69,30
346,DeltaDock,52.5,53.85,56.93,0.701,7,367.52,157.52,30
347,DeltaDock,82.66,71.13,54.3,0.637,2,165.33,105.33,30
348,DeltaDock,73.29,74.71,66.33,1.449,0,0.0,0.0,30
349,DeltaDock,82.08,70.61,25.76,0.853,2,164.17,104.17,30
350,DeltaDock,74.86,87.39,14.16,1.436,1,74.86,44.86,30
351,DeltaDock,68.51,72.43,34.66,1.13,4,274.05,154.05,30
352,DeltaDock,80.44,55.17,11.56,0.53,0,0.0,0.0,30
353,DeltaDock,74.13,66.83,29.88,0.532,0,0.0,0.0,30
354,DeltaDock,83.91,89.74,23.97,0.57,2,167.83,107.83,30
355,DeltaDock,79.81,69.9,13.84,1.202,3,239.42,149.42,30
356,DeltaDock,71.21,50.12,57.24,0.656,4,284.83,164.83,30
357,DeltaDock,60.02,68.57,16.55,0.803,1,60.02,30.02,30
358,DeltaDock,71.4,89.39,35.15,0.762,2,142.79,82.79,30
359,DeltaDock,59.0,73.31,2.82,1.356,2,118.0,58.0,30
360,DeltaDock,54.39,48.4,13.44,1.428,0,0.0,0.0,30
361,DeltaDock,73.44,81.07,40.07,0.895,2,146.88,86.88,30
362,DeltaDock,74.31,67.66,29.6,0.539,2,148.61,88.61,30
363,DeltaDock,89.89,59.08,49.61,1.458,4,359.56,239.56,30
364,DeltaDock,84.55,81.51,46.43,1.083,3,253.66,163.66,30
0,EpsilonCam,101.48,101.51,11.05,0.922,4,405.92,185.92,55
1,EpsilonCam,102.63,117.56,5.78,0.92,1,102.63,47.63,55
2,EpsilonCam,93.24,70.74,31.75,0.887,3,279.73,114.73,55
3,EpsilonCam,82.59,87.11,6.24,0.544,3,247.77,82.77,55
4,EpsilonCam,114.6,92.32,32.16,0.643,2,229.19,119.19,55
5,EpsilonCam,86.58,99.52,12.85,0.503,2,173.17,63.17,55
6,EpsilonCam,110.89,80.12,43.89,0.594,1,110.89,55.89,55
7,EpsilonCam,105.86,103.22,94.16,0.693,2,211.73,101.73,55
8,EpsilonCam,99.17,96.02,10.06,0.708,5,495.86,220.86,55
9,EpsilonCam,108.56,90.78,33.12,0.937,1,108.56,53.56,55
10,EpsilonCam,83.9,99.61,2.54,0.614,3,251.69,86.69,55
11,EpsilonCam,87.48,113.35,20.97,0.964,7,612.33,227.33,55
12,EpsilonCam,80.03,97.9,12.67,1.272,4,320.12,100.12,55
13,EpsilonCam,69.52,68.38,37.1,0.956,4,278.09,58.09,55
14,EpsilonCam,72.93,71.59,23.86,0.695,7,510.48,125.48,55
15,EpsilonCam,103.54,94.04,83.15,1.079,2,207.08,97.08,55
16,EpsilonCam,93.11,63.87,11.0,1.254,6,558.67,228.67,55
17,EpsilonCam,105.65,116.37,77.12,1.429,3,316.96,151.96,55
18,EpsilonCam,111.24,80.45,9.7,1.414,1,111.24,56.24,55
19,EpsilonCam,87.69,107.82,17.0,0.802,6,526.16,196.16,55
20,EpsilonCam,119.67,113.86,2.94,1.359,3,359.02,194.02,55
21,EpsilonCam,73.95,72.4,46.08,1.085,3,221.86,56.86,55
22,EpsilonCam,104.52,69.63,7.75,0.948,1,104.52,49.52,55
23,EpsilonCam,67.59,63.54,63.67,0.584,6,405.53,75.53,55
24,EpsilonCam,116.95,97.3,15.9,0.73,4,467.79,247.79,55
25,EpsilonCam,100.65,91.59,14.8,0.669,5,503.25,228.25,55
26,EpsilonCam,80.84,66.94,9.61,1.419,2,161.68,51.68,55
27,EpsilonCam,102.74,96.29,39.83,0.72,3,308.22,143.22,55
28,EpsilonCam,94.16,87.92,10.77,0.571,3,282.48,117.48,55
29,EpsilonCam,109.9,109.97,24.06,1.005,4,439.59,219.59,55
30,EpsilonCam,94.27,69.63,25.21,0.863,2,188.54,78.54,55
31,EpsilonCam,108.43,71.82,54.52,0.918,2,216.86,106.86,55
32,EpsilonCam,113.66,89.61,51.79,1.176,4,454.63,234.63,55
33,EpsilonCam,76.75,69.62,26.03,1.443,3,230.26,65.26,55
34,EpsilonCam,79.68,63.86,32.78,1.311,5,398.38,123.38,55
35,EpsilonCam,100.22,110.89,5.26,0.839,1,100.22,45.22,55
36,EpsilonCam,91.1,97.93,30.39,1.177,2,182.19,72.19,55
37,EpsilonCam,103.64,108.33,35.84,1.42,5,518.21,243.21,55
38,EpsilonCam,89.4,82.08,8.67,1.318,0,0.0,0.0,55
39,EpsilonCam,115.54,115.23,42.72,1.344,2,231.08,121.08,55
40,EpsilonCam,89.11,115.78,37.78,1.427,3,267.34,102.34,55
41,EpsilonCam,91.61,104.4,19.45,0.87,4,366.43,146.43,55
42,EpsilonCam,79.84,69.75,38.58,1.211,5,399.18,124.18,55
43,EpsilonCam,120.05,99.62,18.66,0.851,3,360.16,195.16,55
44,EpsilonCam,109.0,84.2,15.15,0.754,3,327.01,162.01,55
45,EpsilonCam,108.39,88.88,12.0,1.433,2,216.79,106.79,55
46,EpsilonCam,88.39,100.84,16.39,1.475,3,265.16,100.16,55
47,EpsilonCam,98.84,90.88,62.17,1.309,8,790.74,350.74,55
48,EpsilonCam,99.96,84.4,14.18,0.598,1,99.96,44.96,55
49,EpsilonCam,81.24,83.21,22.18,1.236,3,243.71,78.71,55
50,EpsilonCam,111.52,105.06,47.8,0.884,2,223.03,113.03,55
51,EpsilonCam,108.54,111.02,32.96,0.841,0,0.0,0.0,55
52,EpsilonCam,89.87,115.17,14.89,0.743,4,359.49,139.49,55
53,EpsilonCam,108.87,73.63,17.36,1.056,5,544.35,269.35,55
54,EpsilonCam,118.13,95.81,5.08,0.647,1,118.13,63.13,55
55,EpsilonCam,89.33,103.84,45.41,0.774,3,268.0,103.0,55
56,EpsilonCam,94.79,74.21,30.61,0.707,2,189.58,79.58,55
57,EpsilonCam,104.63,97.22,50.72,0.93,5,523.14,248.14,55
58,EpsilonCam,90.14,119.84,21.92,0.677,2,180.29,70.29,55
59,EpsilonCam,83.1,93.42,40.18,1.162,4,332.4,112.4,55
60,EpsilonCam,101.07,93.51,63.43,1.158,3,303.22,138.22,55
61,EpsilonCam,114.73,113.83,35.17,1.332,0,0.0,0.0,55
62,EpsilonCam,115.97,93.76,29.29,1.232,5,579.85,304.85,55
63,EpsilonCam,111.5,88.21,66.69,0.554,0,0.0,0.0,55
64,EpsilonCam,103.06,101.85,22.48,1.482,3,309.18,144.18,55
65,EpsilonCam,80.4,79.38,23.36,0.647,6,482.42,152.42,55
66,EpsilonCam,92.76,87.74,13.51,0.969,0,0.0,0.0,55
67,EpsilonCam,97.22,102.47,9.44,0.772,2,194.45,84.45,55
68,EpsilonCam,106.21,120.0,32.47,0.941,1,106.21,51.21,55
69,EpsilonCam,115.14,101.8,5.92,1.024,0,0.0,0.0,55
70,EpsilonCam,94.33,92.6,50.19,0.988,9,848.99,353.99,55
71,EpsilonCam,78.66,83.11,64.46,0.546,3,235.98,70.98,55
72,EpsilonCam,107.49,75.56,23.21,1.204,2,214.98,104.98,55
73,EpsilonCam,82.29,98.73,42.85,0.906,5,411.44,136.44,55
74,EpsilonCam,78.69,72.15,61.91,1.383,8,629.53,189.53,55
75,EpsilonCam,72.82,72.07,22.46,1.023,2,145.64,35.64,55
76,EpsilonCam,81.77,76.11,14.59,0.5,2,163.55,53.55,55
77,EpsilonCam,83.8,103.64,65.73,1.316,7,586.58,201.58,55
78,EpsilonCam,85.11,69.93,2.45,0.666,1,85.11,30.11,55
79,EpsilonCam,85.91,77.62,23.2,1.034,3,257.73,92.73,55
80,EpsilonCam,80.23,66.98,11.61,1.001,2,160.46,50.46,55
81,EpsilonCam,99.87,72.3,15.07,0.677,1,99.87,44.87,55
82,EpsilonCam,106.95,98.6,7.76,1.13,0,0.0,0.0,55
83,EpsilonCam,79.38,68.96,5.26,0.951,2,158.76,48.76,55
84,EpsilonCam,94.28,65.07,29.36,0.89,5,471.42,196.42,55
85,EpsilonCam,85.95,72.62,10.67,1.029,2,171.91,61.91,55
86,EpsilonCam,96.02,104.88,12.89,1.124,2,192.04,82.04,55
87,EpsilonCam,118.45,89.46,35.65,1.413,2,236.9,126.9,55
88,EpsilonCam,101.97,106.98,39.01,0.616,9,917.75,422.75,55
89,EpsilonCam,80.16,96.44,39.93,0.689,5,400.8,125.8,55
90,EpsilonCam,115.47,100.35,27.15,0.92,2,230.94,120.94,55
91,EpsilonCam,108.5,73.93,39.32,1.483,2,217.0,107.0,55
92,EpsilonCam,88.32,95.25,45.49,0.604,5,441.58,166.58,55
93,EpsilonCam,98.6,109.73,31.99,0.818,9,887.36,392.36,55
94,EpsilonCam,105.61,71.55,16.7,0.77,0,0.0,0.0,55
95,EpsilonCam,104.08,99.01,96.73,1.439,5,520.39,245.39,55
96,EpsilonCam,115.9,107.76,6.32,0.736,1,115.9,60.9,55
97,EpsilonCam,116.09,114.88,12.98,1.338,2,232.18,122.18,55
98,EpsilonCam,85.84,67.84,20.27,1.306,5,429.2,154.2,55
99,EpsilonCam,98.68,114.51,28.85,1.143,1,98.68,43.68,55
100,EpsilonCam,89.93,85.84,34.6,0.751,3,269.78,104.78,55
101,EpsilonCam,108.96,78.87,23.0,0.534,3,326.87,161.87,55
102,EpsilonCam,108.19,105.2,18.94,1.205,3,324.58,159.58,55
103,EpsilonCam,85.61,76.3,68.43,0.647,4,342.44,122.44,55
104,EpsilonCam,98.53,102.13,60.17,0.963,4,394.13,174.13,55
105,EpsilonCam,104.6,98.16,16.45,1.099,1,104.6,49.6,55
106,EpsilonCam,95.88,97.83,34.92,0.903,3,287.64,122.64,55
107,EpsilonCam,106.26,95.04,21.24,1.234,3,318.77,153.77,55
108,EpsilonCam,96.9,107.35,1.32,0.544,1,96.9,41.9,55
109,EpsilonCam,90.8,97.63,27.13,0.551,4,363.19,143.19,55
110,EpsilonCam,90.69,75.88,33.65,0.661,1,90.69,35.69,55
111,EpsilonCam,124.78,114.19,13.44,0.74,0,0.0,0.0,55
112,EpsilonCam,122.84,113.3,40.16,0.619,2,245.68,135.68,55
113,EpsilonCam,112.47,83.97,33.69,1.398,2,224.94,114.94,55
114,EpsilonCam,79.86,78.89,16.1,1.131,2,159.71,49.71,55
115,EpsilonCam,114.12,100.25,28.04,1.305,3,342.36,177.36,55
116,EpsilonCam,85.85,88.88,42.71,0.661,5,429.25,154.25,55
117,EpsilonCam,74.59,72.59,84.95,1.366,6,447.55,117.55,55
118,EpsilonCam,100.49,65.95,35.27,0.908,3,301.48,136.48,55
119,EpsilonCam,102.99,102.82,70.82,1.421,2,205.98,95.98,55
120,EpsilonCam,93.86,99.73,33.26,0.83,2,187.71,77.71,55
121,EpsilonCam,109.59,101.69,8.1,0.691,3,328.77,163.77,55
122,EpsilonCam,121.15,104.3,5.36,1.069,3,363.46,198.46,55
123,EpsilonCam,103.46,103.46,11.56,1.301,6,620.77,290.77,55
124,EpsilonCam,93.77,79.18,35.68,1.473,3,281.32,116.32,55
125,EpsilonCam,109.03,71.49,55.5,0.906,5,545.13,270.13,55
126,EpsilonCam,103.58,65.2,20.86,0.638,1,103.58,48.58,55
127,EpsilonCam,92.75,62.83,65.22,1.172,0,0.0,0.0,55
128,EpsilonCam,125.48,123.86,10.6,1.385,3,376.44,211.44,55
129,EpsilonCam,111.04,75.88,33.33,0.97,1,111.04,56.04,55
130,EpsilonCam,96.93,109.42,7.47,0.893,3,290.79,125.79,55
131,EpsilonCam,82.72,75.8,18.4,0.964,6,496.32,166.32,55
132,EpsilonCam,69.12,74.14,73.94,1.424,8,552.96,112.96,55
133,EpsilonCam,112.33,99.26,58.64,0.894,3,336.98,171.98,55
134,EpsilonCam,113.38,91.26,24.91,1.324,0,0.0,0.0,55
135,EpsilonCam,112.65,108.29,77.6,0.664,4,450.58,230.58,55
136,EpsilonCam,93.53,87.87,17.89,1.396,3,280.59,115.59,55
137,EpsilonCam,82.51,83.72,25.49,0.822,3,247.53,82.53,55
138,EpsilonCam,75.68,74.14,39.44,1.314,6,454.09,124.09,55
139,EpsilonCam,90.7,86.98,8.79,0.905,5,453.48,178.48,55
140,EpsilonCam,95.98,102.26,37.5,1.305,6,575.86,245.86,55
141,EpsilonCam,83.66,97.92,24.69,0.585,3,250.99,85.99,55
142,EpsilonCam,111.21,83.48,33.86,1.275,2,222.42,112.42,55
143,EpsilonCam,102.39,82.92,11.56,0.929,2,204.77,94.77,55
144,EpsilonCam,75.47,74.28,16.4,1.029,2,150.95,40.95,55
145,EpsilonCam,111.01,89.18,17.81,0.806,5,555.07,280.07,55
146,EpsilonCam,118.87,104.91,20.44,1.455,2,237.73,127.73,55
147,EpsilonCam,70.14,78.0,18.7,0.94,4,280.54,60.54,55
148,EpsilonCam,111.43,85.25,18.31,0.623,1,111.43,56.43,55
149,EpsilonCam,117.36,101.41,29.4,1.124,3,352.07,187.07,55
150,EpsilonCam,110.36,86.75,61.88,0.853,2,220.73,110.73,55
151,EpsilonCam,101.38,95.24,20.56,1.426,8,811.05,371.05,55
152,EpsilonCam,89.0,73.8,4.84,1.482,3,267.0,102.0,55
153,EpsilonCam,94.26,84.47,6.52,0.919,2,188.53,78.53,55
154,EpsilonCam,80.96,93.81,5.5,0.617,2,161.92,51.92,55
155,EpsilonCam,96.44,67.17,15.92,1.063,2,192.89,82.89,55
156,EpsilonCam,82.16,69.84,6.0,1.313,1,82.16,27.16,55
157,EpsilonCam,103.46,66.6,28.55,0.643,2,206.91,96.91,55
158,EpsilonCam,87.52,93.17,30.62,0.646,6,525.09,195.09,55
159,EpsilonCam,89.46,76.38,3.57,0.647,2,178.92,68.92,55
160,EpsilonCam,104.58,91.03,38.76,1.481,3,313.73,148.73,55
161,EpsilonCam,97.61,115.06,55.6,0.694,8,780.88,340.88,55
162,EpsilonCam,96.15,68.24,27.24,0.758,1,96.15,41.15,55
163,EpsilonCam,105.23,109.42,23.98,1.278,5,526.15,251.15,55
164,EpsilonCam,94.56,121.54,23.97,1.469,6,567.38,237.38,55
165,EpsilonCam,106.6,75.09,12.96,0.566,2,213.2,103.2,55
166,EpsilonCam,87.42,105.78,70.14,0.56,0,0.0,0.0,55
167,EpsilonCam,79.2,83.62,79.04,0.9,1,79.2,24.2,55
168,EpsilonCam,76.34,83.41,14.46,1.004,10,763.44,213.44,55
169,EpsilonCam,104.5,102.22,17.33,0.749,1,104.5,49.5,55
170,EpsilonCam,108.03,90.89,32.33,0.546,1,108.03,53.03,55
171,EpsilonCam,81.22,67.85,36.33,1.348,5,406.09,131.09,55
172,EpsilonCam,97.68,70.42,121.46,0.644,2,195.36,85.36,55
173,EpsilonCam,103.67,109.55,47.83,0.526,6,622.01,292.01,55
174,EpsilonCam,78.15,86.53,20.18,1.169,6,468.93,138.93,55
175,EpsilonCam,119.08,125.05,14.56,1.332,4,476.33,256.33,55
176,EpsilonCam,69.49,68.97,9.45,0.758,1,69.49,14.49,55
177,EpsilonCam,77.94,99.55,49.95,0.572,4,311.76,91.76,55
178,EpsilonCam,121.18,102.51,11.46,0.75,0,0.0,0.0,55
179,EpsilonCam,109.15,95.78,27.64,0.782,2,218.3,108.3,55
180,EpsilonCam,98.92,70.61,35.76,1.326,6,593.52,263.52,55
181,EpsilonCam,102.77,91.47,16.49,1.408,3,308.3,143.3,55
182,EpsilonCam,88.13,90.84,16.27,0.517,1,88.13,33.13,55
183,EpsilonCam,98.71,115.62,35.09,1.026,0,0.0,0.0,55
184,EpsilonCam,77.49,71.49,10.98,0.524,4,309.96,89.96,55
185,EpsilonCam,101.01,78.04,56.49,1.17,2,202.02,92.02,55
186,EpsilonCam,111.53,102.79,62.37,0.859,4,446.1,226.1,55
187,EpsilonCam,108.28,69.56,23.95,0.907,5,541.38,266.38,55
188,EpsilonCam,71.44,65.87,67.77,1.073,10,714.39,164.39,55
189,EpsilonCam,110.77,104.01,17.36,0.784,0,0.0,0.0,55
190,EpsilonCam,100.51,94.39,6.43,1.047,0,0.0,0.0,55
191,EpsilonCam,89.44,75.66,71.86,1.073,3,268.32,103.32,55
192,EpsilonCam,93.1,122.73,40.48,1.246,3,279.29,114.29,55
193,EpsilonCam,87.83,70.68,26.42,1.177,2,175.66,65.66,55
194,EpsilonCam,84.19,110.49,22.85,0.934,3,252.57,87.57,55
195,EpsilonCam,80.54,76.37,10.34,1.431,1,80.54,25.54,55
196,EpsilonCam,85.61,109.42,8.39,0.89,7,599.25,214.25,55
197,EpsilonCam,94.09,94.07,52.15,0.982,5,470.43,195.43,55
198,EpsilonCam,97.35,71.29,12.57,1.204,2,194.7,84.7,55
199,EpsilonCam,113.52,96.55,14.2,1.237,1,113.52,58.52,55
200,EpsilonCam,102.01,112.94,30.64,1.006,2,204.02,94.02,55
201,EpsilonCam,75.13,96.56,21.46,1.117,2,150.25,40.25,55
202,EpsilonCam,85.07,95.81,30.0,0.953,4,340.27,120.27,55
203,EpsilonCam,111.57,109.18,64.06,0.702,7,780.99,395.99,55
204,EpsilonCam,120.89,110.2,37.92,1.164,4,483.55,263.55,55
205,EpsilonCam,104.94,105.03,33.1,1.331,1,104.94,49.94,55
206,EpsilonCam,80.12,86.77,69.47,0.513,4,320.48,100.48,55
207,EpsilonCam,95.24,84.6,36.35,1.256,6,571.45,241.45,55
208,EpsilonCam,83.22,87.66,65.52,1.322,3,249.67,84.67,55
209,EpsilonCam,78.65,73.23,39.0,0.999,7,550.53,165.53,55
210,EpsilonCam,104.06,82.03,29.09,1.005,1,104.06,49.06,55
211,EpsilonCam,98.53,67.4,13.87,1.18,1,98.53,43.53,55
212,EpsilonCam,84.19,82.93,24.68,0.591,6,505.13,175.13,55
213,EpsilonCam,102.07,70.53,22.22,0.927,3,306.2,141.2,55
214,EpsilonCam,101.48,88.53,67.11,1.266,2,202.96,92.96,55
215,EpsilonCam,102.66,90.81,12.2,0.701,1,102.66,47.66,55
216,EpsilonCam,96.35,72.91,35.33,1.48,7,674.47,289.47,55
217,EpsilonCam,90.67,89.37,6.22,1.495,4,362.69,142.69,55
218,EpsilonCam,92.45,67.37,7.88,0.702,3,277.34,112.34,55
219,EpsilonCam,90.26,109.86,32.31,0.724,3,270.79,105.79,55
220,EpsilonCam,86.75,77.55,28.69,1.004,5,433.73,158.73,55
221,EpsilonCam,100.45,113.36,61.96,1.04,1,100.45,45.45,55
222,EpsilonCam,71.38,73.09,19.76,1.329,3,214.13,49.13,55
223,EpsilonCam,90.33,102.44,16.87,0.773,7,632.34,247.34,55
224,EpsilonCam,104.06,96.29,22.56,0.968,4,416.26,196.26,55
225,EpsilonCam,97.02,105.21,38.95,0.749,0,0.0,0.0,55
226,EpsilonCam,78.57,80.85,35.64,0.831,6,471.42,141.42,55
227,EpsilonCam,104.26,72.27,15.42,0.641,1,104.26,49.26,55
228,EpsilonCam,78.16,80.41,65.11,0.568,4,312.65,92.65,55
229,EpsilonCam,95.18,66.92,14.2,0.62,2,190.36,80.36,55
230,EpsilonCam,73.14,83.61,5.49,1.175,2,146.28,36.28,55
231,EpsilonCam,97.16,75.58,15.5,1.476,4,388.64,168.64,55
232,EpsilonCam,85.2,99.56,17.98,1.381,3,255.61,90.61,55
233,EpsilonCam,93.33,113.1,28.83,1.23,2,186.67,76.67,55
234,EpsilonCam,116.6,111.43,26.75,0.815,0,0.0,0.0,55
235,EpsilonCam,95.3,91.16,20.55,0.946,1,95.3,40.3,55
236,EpsilonCam,97.02,97.24,3.07,1.365,1,97.02,42.02,55
237,EpsilonCam,109.28,86.17,30.47,1.124,2,218.55,108.55,55
238,EpsilonCam,118.31,101.65,48.89,1.337,2,236.61,126.61,55
239,EpsilonCam,84.76,111.73,22.76,1.272,6,508.59,178.59,55
240,EpsilonCam,91.67,88.85,58.03,0.73,6,550.03,220.03,55
241,EpsilonCam,121.65,108.12,15.39,0.506,2,243.3,133.3,55
242,EpsilonCam,112.53,93.35,27.55,1.264,8,900.23,460.23,55
243,EpsilonCam,92.53,105.59,34.06,0.957,4,370.11,150.11,55
244,EpsilonCam,93.26,83.88,22.05,0.736,5,466.28,191.28,55
245,EpsilonCam,99.94,80.45,21.55,1.188,1,99.94,44.94,55
246,EpsilonCam,81.2,97.63,31.51,0.564,6,487.19,157.19,55
247,EpsilonCam,94.58,116.04,31.71,1.03,3,283.74,118.74,55
248,EpsilonCam,104.42,70.23,61.74,0.777,2,208.83,98.83,55
249,EpsilonCam,101.45,79.07,5.68,0.921,2,202.9,92.9,55
250,EpsilonCam,80.8,91.2,4.61,1.071,3,242.39,77.39,55
251,EpsilonCam,111.12,98.25,18.2,0.599,1,111.12,56.12,55
252,EpsilonCam,78.85,99.39,37.79,1.372,4,315.4,95.4,55
253,EpsilonCam,83.97,117.19,33.57,1.005,1,83.97,28.97,55
254,EpsilonCam,110.81,89.88,21.3,0.609,3,332.44,167.44,55
255,EpsilonCam,118.92,116.66,16.24,0.647,2,237.83,127.83,55
256,EpsilonCam,94.25,112.09,18.93,1.19,3,282.74,117.74,55
257,EpsilonCam,73.67,69.68,13.45,1.192,6,442.04,112.04,55
258,EpsilonCam,95.63,73.9,50.9,1.207,4,382.51,162.51,55
259,EpsilonCam,82.93,106.84,17.04,1.406,8,663.42,223.42,55
260,EpsilonCam,96.79,106.76,33.3,0.506,5,483.94,208.94,55
261,EpsilonCam,101.98,78.75,37.66,0.504,0,0.0,0.0,55
262,EpsilonCam,114.15,112.53,39.59,0.69,3,342.46,177.46,55
263,EpsilonCam,111.02,104.72,42.32,0.788,1,111.02,56.02,55
264,EpsilonCam,88.27,118.77,18.64,0.632,1,88.27,33.27,55
265,EpsilonCam,81.79,77.67,97.3,0.553,1,81.79,26.79,55
266,EpsilonCam,120.14,117.07,17.67,1.048,1,120.14,65.14,55
267,EpsilonCam,97.09,104.88,1.99,1.334,2,194.19,84.19,55
268,EpsilonCam,69.3,73.36,15.32,0.965,3,207.9,42.9,55
269,EpsilonCam,98.96,100.46,23.42,0.895,2,197.92,87.92,55
270,EpsilonCam,81.86,106.82,8.47,1.034,1,81.86,26.86,55
271,EpsilonCam,83.81,98.18,11.37,1.15,7,586.65,201.65,55
272,EpsilonCam,101.49,84.75,29.3,1.184,5,507.43,232.43,55
273,EpsilonCam,93.62,106.53,18.97,0.584,3,280.87,115.87,55
274,EpsilonCam,72.26,69.8,13.92,0.819,0,0.0,0.0,55
275,EpsilonCam,75.79,77.54,10.25,0.845,5,378.94,103.94,55
276,EpsilonCam,98.83,102.0,8.5,0.878,2,197.66,87.66,55
277,EpsilonCam,114.35,83.64,40.1,1.074,4,457.41,237.41,55
278,EpsilonCam,80.23,77.96,32.66,0.537,4,320.91,100.91,55
279,EpsilonCam,100.33,77.28,90.33,0.891,3,300.98,135.98,55
280,EpsilonCam,74.26,63.34,5.83,1.196,1,74.26,19.26,55
281,EpsilonCam,107.99,77.21,38.17,0.977,6,647.96,317.96,55
282,EpsilonCam,108.33,78.94,10.93,0.846,2,216.66,106.66,55
283,EpsilonCam,93.1,70.44,7.1,1.449,6,558.6,228.6,55
284,EpsilonCam,111.94,98.68,5.63,1.276,1,111.94,56.94,55
285,EpsilonCam,71.38,64.29,47.11,1.125,4,285.51,65.51,55
286,EpsilonCam,119.92,97.73,8.59,0.542,2,239.83,129.83,55
287,EpsilonCam,100.14,72.38,28.48,1.381,2,200.28,90.28,55
288,EpsilonCam,109.22,96.62,83.34,1.462,5,546.11,271.11,55
289,EpsilonCam,93.75,112.66,14.09,1.367,2,187.5,77.5,55
290,EpsilonCam,83.62,87.23,33.07,0.755,3,250.85,85.85,55
291,EpsilonCam,89.51,71.23,6.37,1.171,2,179.03,69.03,55
292,EpsilonCam,82.99,103.06,39.83,1.237,6,497.92,167.92,55
293,EpsilonCam,91.67,73.11,10.25,0.563,5,458.36,183.36,55
294,EpsilonCam,93.51,75.41,15.09,0.636,3,280.52,115.52,55
295,EpsilonCam,96.99,68.77,51.93,0.568,0,0.0,0.0,55
296,EpsilonCam,110.2,104.12,9.07,1.369,5,551.0,276.0,55
297,EpsilonCam,105.52,69.94,35.37,0.644,2,211.04,101.04,55
298,EpsilonCam,78.8,74.76,22.09,0.831,2,157.6,47.6,55
299,EpsilonCam,80.24,86.26,7.73,0.799,2,160.47,50.47,55
300,EpsilonCam,111.17,94.68,53.75,1.473,1,111.17,56.17,55
301,EpsilonCam,81.85,96.25,19.98,1.273,11,900.4,295.4,55
302,EpsilonCam,91.09,120.77,45.39,0.648,3,273.28,108.28,55
303,EpsilonCam,108.52,93.13,25.76,0.902,1,108.52,53.52,55
304,EpsilonCam,93.77,97.61,6.44,1.115,0,0.0,0.0,55
305,EpsilonCam,91.61,81.84,71.04,1.028,7,641.29,256.29,55
306,EpsilonCam,93.6,81.21,19.24,0.919,4,374.4,154.4,55
307,EpsilonCam,93.17,109.77,7.84,1.112,3,279.5,114.5,55
308,EpsilonCam,116.86,101.19,49.91,1.008,3,350.57,185.57,55
309,EpsilonCam,80.86,97.46,18.02,1.282,5,404.29,129.29,55
310,EpsilonCam,106.95,104.68,26.18,0.931,5,534.74,259.74,55
311,EpsilonCam,87.94,91.88,11.52,1.108,0,0.0,0.0,55
312,EpsilonCam,83.55,88.37,32.38,1.256,3,250.64,85.64,55
313,EpsilonCam,116.7,101.68,11.62,0.884,1,116.7,61.7,55
314,EpsilonCam,86.29,64.58,11.71,0.978,3,258.87,93.87,55
315,EpsilonCam,83.0,97.97,47.13,1.098,2,166.0,56.0,55
316,EpsilonCam,93.96,86.35,28.15,0.605,1,93.96,38.96,55
317,EpsilonCam,80.88,79.31,20.66,1.216,3,242.63,77.63,55
318,EpsilonCam,104.64,90.58,16.83,1.209,3,313.93,148.93,55
319,EpsilonCam,70.54,71.01,73.48,1.211,7,493.75,108.75,55
320,EpsilonCam,103.57,109.02,2.06,0.912,2,207.15,97.15,55
321,EpsilonCam,68.73,74.06,15.12,1.494,2,137.47,27.47,55
322,EpsilonCam,93.08,95.1,27.82,1.07,5,465.4,190.4,55
323,EpsilonCam,70.4,63.58,6.41,1.432,6,422.38,92.38,55
324,EpsilonCam,89.38,113.17,14.44,1.219,5,446.92,171.92,55
325,EpsilonCam,87.71,90.12,19.88,1.359,10,877.14,327.14,55
326,EpsilonCam,89.78,88.46,21.52,0.846,5,448.89,173.89,55
327,EpsilonCam,94.89,82.51,24.9,1.418,6,569.33,239.33,55
328,EpsilonCam,83.65,95.49,28.26,0.544,5,418.27,143.27,55
329,EpsilonCam,93.94,105.78,35.56,1.111,6,563.66,233.66,55
330,EpsilonCam,77.37,89.79,22.47,1.336,7,541.58,156.58,55
331,EpsilonCam,75.89,76.01,12.5,0.905,1,75.89,20.89,55
332,EpsilonCam,93.69,99.87,77.44,1.037,2,187.39,77.39,55
333,EpsilonCam,93.07,70.53,20.87,0.529,1,93.07,38.07,55
334,EpsilonCam,77.98,71.05,25.92,0.895,3,233.94,68.94,55
335,EpsilonCam,113.2,111.04,28.44,0.93,2,226.41,116.41,55
336,EpsilonCam,98.15,83.86,23.66,0.921,3,294.46,129.46,55
337,EpsilonCam,74.89,68.82,7.68,1.156,4,299.57,79.57,55
338,EpsilonCam,99.08,59.42,29.65,0.853,1,99.08,44.08,55
339,EpsilonCam,91.99,103.35,145.0,0.649,9,827.92,332.92,55
340,EpsilonCam,113.12,115.79,70.83,0.973,2,226.24,116.24,55
341,EpsilonCam,110.05,81.2,69.44,0.889,1,110.05,55.05,55
342,EpsilonCam,89.8,99.7,17.28,1.293,6,538.82,208.82,55
343,EpsilonCam,123.58,109.37,41.95,1.172,2,247.17,137.17,55
344,EpsilonCam,76.71,90.77,60.23,1.379,1,76.71,21.71,55
345,EpsilonCam,87.21,91.15,89.68,0.599,5,436.03,161.03,55
346,EpsilonCam,71.89,76.98,12.21,1.332,1,71.89,16.89,55
347,EpsilonCam,92.1,105.5,9.59,1.05,3,276.29,111.29,55
348,EpsilonCam,98.83,79.87,30.36,0.503,4,395.32,175.32,55
349,EpsilonCam,111.34,97.58,4.61,0.748,2,222.69,112.69,55
350,EpsilonCam,100.77,71.91,24.5,1.466,3,302.32,137.32,55
351,EpsilonCam,95.7,71.37,18.4,0.527,4,382.82,162.82,55
352,EpsilonCam,106.0,95.23,13.89,1.205,5,530.02,255.02,55
353,EpsilonCam,79.89,61.99,46.27,0.952,7,559.24,174.24,55
354,EpsilonCam,99.21,77.68,18.15,1.093,5,496.07,221.07,55
355,EpsilonCam,109.62,107.99,8.46,0.611,4,438.47,218.47,55
356,EpsilonCam,99.25,69.03,27.88,0.797,5,496.26,221.26,55
357,EpsilonCam,113.81,106.84,1.9,0.5,1,113.81,58.81,55
358,EpsilonCam,85.51,80.58,28.2,0.87,3,256.52,91.52,55
359,EpsilonCam,88.22,101.43,2.79,0.858,5,441.08,166.08,55
360,EpsilonCam,93.05,82.36,64.86,1.378,1,93.05,38.05,55
361,EpsilonCam,112.33,107.43,54.85,0.824,3,336.99,171.99,55
362,EpsilonCam,116.01,101.68,2.69,1.426,0,0.0,0.0,55
363,EpsilonCam,86.57,76.22,13.66,0.801,6,519.43,189.43,55
364,EpsilonCam,83.72,95.16,23.98,1.378,3,251.16,86.16,55
