date_index,day_of_week,day_of_year,is_weekend,is_holiday,product,category,unit_cost,price,discount_rate,effective_price,competitor_price,price_gap_pct,marketing_spend,visibility_index,units_sold,revenue,profit,margin_pct
0,0,0,0,0,AlphaWatch,Wearables,40,83.42,0.145,71.32,76.42,-6.67,2.03,0.559,3,213.97,93.97,43.92
0,0,0,0,0,BetaBuds,Audio,25,50.07,0.108,44.66,44.39,0.61,11.7,0.5,4,178.65,78.65,44.02
0,0,0,0,0,GammaBand,Wearables,18,39.68,0.147,33.85,35.56,-4.82,31.8,0.675,59,1996.98,934.98,46.82
0,0,0,0,0,DeltaDock,Accessories,30,70.83,0.073,65.66,64.27,2.16,24.96,0.509,2,131.32,71.32,54.31
0,0,0,0,0,EpsilonCam,Imaging,55,99.43,0.026,96.84,89.21,8.56,59.99,0.798,6,581.07,251.07,43.21
0,0,0,0,0,ZetaHub,Accessories,22,60.12,0.13,52.3,53.05,-1.41,57.46,1.133,18,941.48,545.48,57.94
0,0,0,0,0,EtaDesk,Furniture,80,203.4,0.03,197.3,180.71,9.18,12.66,0.782,3,591.89,351.89,59.45
0,0,0,0,0,ThetaMat,Accessories,15,38.13,0.176,31.42,47.31,-33.59,23.15,0.5,39,1225.35,640.35,52.26
1,1,1,0,0,AlphaWatch,Wearables,40,106.59,0.034,102.97,114.3,-9.92,8.83,0.542,2,205.93,125.93,61.15
1,1,1,0,0,BetaBuds,Audio,25,49.86,0.033,48.21,59.38,-18.8,76.98,1.036,23,1108.94,533.94,48.15
1,1,1,0,0,GammaBand,Wearables,18,28.7,0.032,27.78,27.66,0.44,4.34,0.604,25,694.54,244.54,35.21
1,1,1,0,0,DeltaDock,Accessories,30,78.55,0.192,63.47,74.52,-14.83,1.28,0.52,1,63.47,33.47,52.73
1,1,1,0,0,EpsilonCam,Imaging,55,108.46,0.074,100.43,101.36,-0.91,37.92,0.7,3,301.3,136.3,45.24
1,1,1,0,0,ZetaHub,Accessories,22,49.64,0.06,46.66,41.2,13.26,30.39,0.521,9,419.95,221.95,52.85
1,1,1,0,0,EtaDesk,Furniture,80,216.45,0.093,196.32,189.92,3.37,87.93,1.179,8,1570.56,930.56,59.25
1,1,1,0,0,ThetaMat,Accessories,15,30.94,0.069,28.81,32.32,-10.88,14.61,0.7,44,1267.43,607.43,47.93
2,2,2,0,0,AlphaWatch,Wearables,40,79.19,0.032,76.66,70.11,9.34,3.64,0.557,3,229.97,109.97,47.82
2,2,2,0,0,BetaBuds,Audio,25,53.25,0.243,40.31,54.91,-26.59,64.33,1.159,30,1209.31,459.31,37.98
2,2,2,0,0,GammaBand,Wearables,18,51.18,0.059,48.16,54.09,-10.96,53.85,1.359,22,1059.53,663.53,62.62
2,2,2,0,0,DeltaDock,Accessories,30,52.16,0.113,46.27,62.95,-26.5,104.64,1.338,14,647.72,227.72,35.16
2,2,2,0,0,EpsilonCam,Imaging,55,150.01,0.041,143.86,150.06,-4.13,64.76,0.901,4,575.44,355.44,61.77
2,2,2,0,0,ZetaHub,Accessories,22,41.84,0.1,37.66,44.98,-16.28,45.9,1.045,34,1280.3,532.3,41.58
2,2,2,0,0,EtaDesk,Furniture,80,213.52,0.138,184.05,221.59,-16.94,54.43,1.153,8,1472.43,832.43,56.53
2,2,2,0,0,ThetaMat,Accessories,15,27.83,0.015,27.41,28.44,-3.61,26.6,0.825,41,1123.91,508.91,45.28
3,3,3,0,0,AlphaWatch,Wearables,40,104.56,0.274,75.91,88.19,-13.92,1.8,0.873,3,227.73,107.73,47.31
3,3,3,0,0,BetaBuds,Audio,25,50.19,0.13,43.67,42.76,2.12,111.77,1.5,34,1484.62,634.62,42.75
3,3,3,0,0,GammaBand,Wearables,18,43.65,0.237,33.3,45.18,-26.28,105.34,1.434,91,3030.75,1392.75,45.95
3,3,3,0,0,DeltaDock,Accessories,30,77.8,0.06,73.13,81.37,-10.12,3.5,0.5,1,73.13,43.13,58.98
3,3,3,0,0,EpsilonCam,Imaging,55,133.37,0.114,118.17,141.18,-16.3,23.78,0.759,3,354.5,189.5,53.46
3,3,3,0,0,ZetaHub,Accessories,22,52.69,0.096,47.63,53.93,-11.68,35.05,1.112,20,952.64,512.64,53.81
3,3,3,0,0,EtaDesk,Furniture,80,170.85,0.11,152.06,193.88,-21.57,40.57,0.785,5,760.28,360.28,47.39
3,3,3,0,0,ThetaMat,Accessories,15,37.59,0.025,36.65,42.5,-13.76,15.82,0.649,26,952.91,562.91,59.07
4,4,4,0,0,AlphaWatch,Wearables,40,100.78,0.118,88.89,89.34,-0.51,59.55,1.136,9,799.99,439.99,55.0
4,4,4,0,0,BetaBuds,Audio,25,68.5,0.192,55.35,69.52,-20.39,11.8,0.912,7,387.44,212.44,54.83
4,4,4,0,0,GammaBand,Wearables,18,42.28,0.11,37.63,41.54,-9.41,4.23,0.656,14,526.81,274.81,52.16
4,4,4,0,0,DeltaDock,Accessories,30,54.97,0.155,46.45,61.12,-24.0,3.01,0.56,1,46.45,16.45,35.41
4,4,4,0,0,EpsilonCam,Imaging,55,109.58,0.097,98.95,116.84,-15.31,80.52,1.407,13,1286.36,571.36,44.42
4,4,4,0,0,ZetaHub,Accessories,22,54.56,0.044,52.16,57.19,-8.8,11.44,0.656,9,469.43,271.43,57.82
4,4,4,0,0,EtaDesk,Furniture,80,229.73,0.12,202.16,202.63,-0.23,25.18,0.718,3,606.49,366.49,60.43
4,4,4,0,0,ThetaMat,Accessories,15,27.9,0.1,25.11,33.03,-23.98,11.05,0.5,20,502.2,202.2,40.26
5,5,5,1,0,AlphaWatch,Wearables,40,105.71,0.156,89.22,117.41,-24.01,22.75,0.911,4,356.88,196.88,55.17
5,5,5,1,0,BetaBuds,Audio,25,71.96,0.064,67.35,82.03,-17.89,22.51,0.873,12,808.25,508.25,62.88
5,5,5,1,0,GammaBand,Wearables,18,49.86,0.063,46.72,56.27,-16.97,5.81,0.5,6,280.31,172.31,61.47
5,5,5,1,0,DeltaDock,Accessories,30,60.47,0.053,57.27,70.27,-18.51,30.84,0.774,3,171.8,81.8,47.61
5,5,5,1,0,EpsilonCam,Imaging,55,99.4,0.212,78.33,115.23,-32.03,10.06,0.716,6,469.96,139.96,29.78
5,5,5,1,0,ZetaHub,Accessories,22,52.17,0.052,49.46,63.54,-22.16,83.29,0.987,35,1731.0,961.0,55.52
5,5,5,1,0,EtaDesk,Furniture,80,172.88,0.121,151.96,184.91,-17.82,5.79,0.537,2,303.92,143.92,47.36
5,5,5,1,0,ThetaMat,Accessories,15,38.16,0.015,37.59,33.15,13.39,8.18,0.5,9,338.29,203.29,60.09
6,6,6,1,0,AlphaWatch,Wearables,40,104.11,0.054,98.49,113.93,-13.55,57.93,0.89,5,492.44,292.44,59.39
6,6,6,1,0,BetaBuds,Audio,25,59.3,0.026,57.76,67.65,-14.62,30.1,0.798,9,519.82,294.82,56.72
6,6,6,1,0,GammaBand,Wearables,18,37.89,0.135,32.77,29.29,11.9,16.66,0.541,26,852.15,384.15,45.08
6,6,6,1,0,DeltaDock,Accessories,30,69.54,0.21,54.94,74.14,-25.9,14.02,0.588,3,164.81,74.81,45.39
6,6,6,1,0,EpsilonCam,Imaging,55,112.61,0.057,106.19,98.36,7.96,7.36,0.5,2,212.38,102.38,48.21
6,6,6,1,0,ZetaHub,Accessories,22,47.17,0.074,43.68,55.6,-21.44,146.54,1.5,83,3625.39,1799.39,49.63
6,6,6,1,0,EtaDesk,Furniture,80,189.87,0.072,176.2,202.17,-12.85,8.7,0.5,2,352.4,192.4,54.6
6,6,6,1,0,ThetaMat,Accessories,15,30.24,0.07,28.12,31.66,-11.17,31.94,0.585,37,1040.56,485.56,46.66
7,0,7,0,0,AlphaWatch,Wearables,40,101.69,0.107,90.81,111.32,-18.43,15.92,0.998,5,454.05,254.05,55.95
7,0,7,0,0,BetaBuds,Audio,25,67.25,0.06,63.22,61.69,2.47,25.63,0.69,5,316.08,191.08,60.45
7,0,7,0,0,GammaBand,Wearables,18,46.6,0.155,39.38,43.84,-10.18,62.92,1.078,22,866.29,470.29,54.29
7,0,7,0,0,DeltaDock,Accessories,30,75.58,0.116,66.81,78.52,-14.91,14.53,0.588,2,133.63,73.63,55.1
7,0,7,0,0,EpsilonCam,Imaging,55,119.92,0.072,111.29,109.31,1.81,22.87,0.878,4,445.14,225.14,50.58
7,0,7,0,0,ZetaHub,Accessories,22,38.83,0.162,32.54,42.19,-22.87,12.56,0.655,31,1008.73,326.73,32.39
7,0,7,0,0,EtaDesk,Furniture,80,201.52,0.004,200.71,215.34,-6.79,12.73,0.648,2,401.43,241.43,60.14
7,0,7,0,0,ThetaMat,Accessories,15,33.24,0.069,30.95,35.7,-13.32,35.79,0.907,25,773.66,398.66,51.53
8,1,8,0,0,AlphaWatch,Wearables,40,107.5,0.05,102.12,126.26,-19.12,3.61,0.647,2,204.25,124.25,60.83
8,1,8,0,0,BetaBuds,Audio,25,64.22,0.045,61.33,51.65,18.74,23.13,0.5,3,183.99,108.99,59.24
8,1,8,0,0,GammaBand,Wearables,18,40.17,0.044,38.4,36.1,6.38,16.29,0.5,12,460.83,244.83,53.13
8,1,8,0,0,DeltaDock,Accessories,30,53.9,0.026,52.5,72.34,-27.43,2.08,0.526,3,157.5,67.5,42.86
8,1,8,0,0,EpsilonCam,Imaging,55,97.74,0.242,74.09,113.77,-34.88,17.44,0.5,4,296.35,76.35,25.76
8,1,8,0,0,ZetaHub,Accessories,22,52.4,0.048,49.88,54.84,-9.04,0.82,0.698,4,199.54,111.54,55.9
8,1,8,0,0,EtaDesk,Furniture,80,157.45,0.095,142.49,168.75,-15.56,8.36,0.535,2,284.98,124.98,43.86
8,1,8,0,0,ThetaMat,Accessories,15,32.14,0.026,31.3,38.38,-18.44,16.42,0.5,25,782.61,407.61,52.08
9,2,9,0,0,AlphaWatch,Wearables,40,83.85,0.037,80.75,82.21,-1.78,88.96,1.16,10,807.48,407.48,50.46
9,2,9,0,0,BetaBuds,Audio,25,55.93,0.046,53.36,48.9,9.11,30.11,0.5,4,213.43,113.43,53.15
9,2,9,0,0,GammaBand,Wearables,18,37.45,0.112,33.26,27.18,22.35,24.24,0.785,27,897.9,411.9,45.87
9,2,9,0,0,DeltaDock,Accessories,30,74.37,0.048,70.8,75.0,-5.6,21.95,0.5,1,70.8,40.8,57.63
9,2,9,0,0,EpsilonCam,Imaging,55,115.05,0.09,104.7,128.47,-18.51,19.39,0.5,3,314.09,149.09,47.47
9,2,9,0,0,ZetaHub,Accessories,22,50.73,0.087,46.32,57.17,-18.98,3.38,0.5,4,185.27,97.27,52.5
9,2,9,0,0,EtaDesk,Furniture,80,206.97,0.039,198.9,230.57,-13.74,26.76,0.862,3,596.69,356.69,59.78
9,2,9,0,0,ThetaMat,Accessories,15,30.52,0.108,27.22,32.87,-17.18,49.28,1.002,41,1116.18,501.18,44.9
10,3,10,0,0,AlphaWatch,Wearables,40,111.32,0.016,109.54,133.86,-18.17,1.04,0.529,1,109.54,69.54,63.48
10,3,10,0,0,BetaBuds,Audio,25,67.91,0.012,67.1,80.61,-16.77,1.13,0.5,1,67.1,42.1,62.74
10,3,10,0,0,GammaBand,Wearables,18,47.29,0.195,38.07,42.52,-10.47,46.92,0.602,27,1027.85,541.85,52.72
10,3,10,0,0,DeltaDock,Accessories,30,84.73,0.111,75.32,94.16,-20.0,19.61,0.875,1,75.32,45.32,60.17
10,3,10,0,0,EpsilonCam,Imaging,55,131.83,0.035,127.22,122.17,4.13,10.16,0.5,1,127.22,72.22,56.77
10,3,10,0,0,ZetaHub,Accessories,22,48.47,0.232,37.22,55.68,-33.14,86.87,1.192,84,3126.9,1278.9,40.9
10,3,10,0,0,EtaDesk,Furniture,80,195.39,0.025,190.51,180.3,5.66,6.19,0.5,2,381.01,221.01,58.01
10,3,10,0,0,ThetaMat,Accessories,15,36.76,0.169,30.55,31.57,-3.24,7.6,0.658,15,458.21,233.21,50.9
11,4,11,0,0,AlphaWatch,Wearables,40,79.05,0.08,72.73,93.41,-22.14,24.01,0.863,7,509.08,229.08,45.0
11,4,11,0,0,BetaBuds,Audio,25,50.62,0.036,48.8,45.38,7.53,57.16,1.01,21,1024.75,499.75,48.77
11,4,11,0,0,GammaBand,Wearables,18,43.42,0.071,40.34,47.95,-15.88,32.23,0.892,41,1653.82,915.82,55.38
11,4,11,0,0,DeltaDock,Accessories,30,57.87,0.085,52.95,61.75,-14.25,5.26,0.607,2,105.9,45.9,43.34
11,4,11,0,0,EpsilonCam,Imaging,55,116.13,0.119,102.31,136.9,-25.27,3.39,0.566,1,102.31,47.31,46.24
11,4,11,0,0,ZetaHub,Accessories,22,42.16,0.053,39.93,38.06,4.9,10.74,0.535,7,279.48,125.48,44.9
11,4,11,0,0,EtaDesk,Furniture,80,210.15,0.075,194.39,235.53,-17.47,0.75,0.741,1,194.39,114.39,58.85
11,4,11,0,0,ThetaMat,Accessories,15,38.71,0.108,34.53,45.67,-24.39,9.58,0.776,11,379.82,214.82,56.56
12,5,12,1,0,AlphaWatch,Wearables,40,109.15,0.078,100.64,107.69,-6.55,9.11,0.629,3,301.91,181.91,60.25
12,5,12,1,0,BetaBuds,Audio,25,49.58,0.07,46.11,59.34,-22.3,70.79,1.198,32,1475.5,675.5,45.78
12,5,12,1,0,GammaBand,Wearables,18,47.76,0.035,46.09,46.62,-1.14,8.5,0.841,9,414.8,252.8,60.94
12,5,12,1,0,DeltaDock,Accessories,30,70.05,0.008,69.49,59.31,17.16,24.84,0.604,1,69.49,39.49,56.83
12,5,12,1,0,EpsilonCam,Imaging,55,112.1,0.057,105.71,133.99,-21.11,36.58,0.631,4,422.84,202.84,47.97
12,5,12,1,0,ZetaHub,Accessories,22,47.38,0.15,40.27,40.29,-0.04,5.41,0.5,14,563.82,255.82,45.37
12,5,12,1,0,EtaDesk,Furniture,80,152.44,0.072,141.46,179.7,-21.28,46.92,0.794,7,990.25,430.25,43.45
12,5,12,1,0,ThetaMat,Accessories,15,40.4,0.046,38.54,41.94,-8.1,49.98,1.244,37,1426.04,871.04,61.08
13,6,13,1,0,AlphaWatch,Wearables,40,96.51,0.017,94.87,104.04,-8.81,9.86,0.648,4,379.48,219.48,57.84
13,6,13,1,0,BetaBuds,Audio,25,62.96,0.057,59.37,64.29,-7.65,17.62,0.512,8,474.97,274.97,57.89
13,6,13,1,0,GammaBand,Wearables,18,48.56,0.147,41.42,50.4,-17.81,92.51,1.034,52,2153.93,1217.93,56.54
13,6,13,1,0,DeltaDock,Accessories,30,79.63,0.111,70.79,73.66,-3.89,25.76,0.671,3,212.37,122.37,57.62
13,6,13,1,0,EpsilonCam,Imaging,55,100.34,0.013,99.04,95.14,4.09,56.43,1.144,4,396.14,176.14,44.46
13,6,13,1,0,ZetaHub,Accessories,22,58.28,0.058,54.9,60.27,-8.91,46.62,0.68,13,713.7,427.7,59.93
13,6,13,1,0,EtaDesk,Furniture,80,224.82,0.064,210.43,257.58,-18.3,8.76,0.609,2,420.86,260.86,61.98
13,6,13,1,0,ThetaMat,Accessories,15,39.77,0.11,35.4,36.44,-2.87,6.1,0.552,20,707.91,407.91,57.62
14,0,14,0,0,AlphaWatch,Wearables,40,77.14,0.104,69.12,69.7,-0.84,6.76,0.5,3,207.35,87.35,42.13
14,0,14,0,0,BetaBuds,Audio,25,64.12,0.056,60.53,75.61,-19.95,28.86,1.041,13,786.88,461.88,58.7
14,0,14,0,0,GammaBand,Wearables,18,37.99,0.136,32.82,45.95,-28.57,3.38,0.5,18,590.82,266.82,45.16
14,0,14,0,0,DeltaDock,Accessories,30,66.98,0.033,64.77,67.74,-4.38,43.1,0.945,3,194.31,104.31,53.68
14,0,14,0,0,EpsilonCam,Imaging,55,116.92,0.013,115.4,119.16,-3.16,14.76,0.5,2,230.8,120.8,52.34
14,0,14,0,0,ZetaHub,Accessories,22,53.07,0.0,53.07,49.87,6.42,59.71,0.895,11,583.77,341.77,58.55
14,0,14,0,0,EtaDesk,Furniture,80,179.88,0.048,171.25,190.65,-10.18,50.3,1.004,5,856.23,456.23,53.28
14,0,14,0,0,ThetaMat,Accessories,15,29.19,0.05,27.73,27.16,2.1,11.01,0.5,15,415.96,190.96,45.91
15,1,15,0,0,AlphaWatch,Wearables,40,91.55,0.168,76.17,83.37,-8.64,6.01,0.5,4,304.68,144.68,47.49
15,1,15,0,0,BetaBuds,Audio,25,58.61,0.07,54.51,52.12,4.58,27.61,0.751,5,272.54,147.54,54.13
15,1,15,0,0,GammaBand,Wearables,18,50.04,0.135,43.28,54.57,-20.68,45.5,0.775,26,1125.4,657.4,58.41
15,1,15,0,0,DeltaDock,Accessories,30,65.68,0.062,61.61,70.89,-13.09,59.59,0.886,5,308.04,158.04,51.3
15,1,15,0,0,EpsilonCam,Imaging,55,121.48,0.118,107.15,119.61,-10.42,132.15,1.5,15,1607.18,782.18,48.67
15,1,15,0,0,ZetaHub,Accessories,22,63.35,0.054,59.93,57.6,4.04,25.91,0.636,6,359.57,227.57,63.29
15,1,15,0,0,EtaDesk,Furniture,80,155.64,0.03,150.97,151.73,-0.5,2.1,0.5,1,150.97,70.97,47.01
15,1,15,0,0,ThetaMat,Accessories,15,34.41,0.037,33.14,35.34,-6.23,39.35,1.12,41,1358.61,743.61,54.73
16,2,16,0,0,AlphaWatch,Wearables,40,77.09,0.2,61.67,79.65,-22.57,42.34,0.717,9,555.05,195.05,35.14
16,2,16,0,0,BetaBuds,Audio,25,46.0,0.188,37.35,55.3,-32.46,55.36,1.078,40,1494.08,494.08,33.07
16,2,16,0,0,GammaBand,Wearables,18,46.26,0.058,43.58,48.44,-10.04,2.75,0.5,12,522.92,306.92,58.69
16,2,16,0,0,DeltaDock,Accessories,30,66.75,0.075,61.74,78.97,-21.81,57.2,0.976,5,308.72,158.72,51.41
16,2,16,0,0,EpsilonCam,Imaging,55,143.87,0.015,141.71,137.11,3.36,5.72,0.5,1,141.71,86.71,61.19
16,2,16,0,0,ZetaHub,Accessories,22,58.91,0.111,52.37,76.49,-31.53,43.42,0.817,16,837.94,485.94,57.99
16,2,16,0,0,EtaDesk,Furniture,80,144.87,0.009,143.57,130.16,10.3,101.29,1.424,10,1435.66,635.66,44.28
16,2,16,0,0,ThetaMat,Accessories,15,29.29,0.055,27.68,28.35,-2.37,1.9,0.578,12,332.15,152.15,45.81
17,3,17,0,0,AlphaWatch,Wearables,40,79.6,0.12,70.05,86.04,-18.59,1.93,0.54,3,210.14,90.14,42.9
17,3,17,0,0,BetaBuds,Audio,25,56.09,0.017,55.14,64.45,-14.45,17.92,0.573,8,441.09,241.09,54.66
17,3,17,0,0,GammaBand,Wearables,18,31.77,0.125,27.8,19.8,40.4,9.03,0.5,18,500.38,176.38,35.25
17,3,17,0,0,DeltaDock,Accessories,30,64.77,0.028,62.96,62.29,1.07,40.11,0.5,2,125.91,65.91,52.35
17,3,17,0,0,EpsilonCam,Imaging,55,148.6,0.046,141.76,165.22,-14.2,17.27,0.746,3,425.29,260.29,61.2
17,3,17,0,0,ZetaHub,Accessories,22,54.59,0.038,52.52,60.53,-13.24,2.07,0.5,4,210.06,122.06,58.11
17,3,17,0,0,EtaDesk,Furniture,80,148.45,0.02,145.48,130.44,11.53,0.37,0.5,1,145.48,65.48,45.01
17,3,17,0,0,ThetaMat,Accessories,15,29.95,0.158,25.22,31.35,-19.56,9.24,0.668,31,781.75,316.75,40.52
18,4,18,0,0,AlphaWatch,Wearables,40,104.44,0.08,96.08,96.8,-0.74,103.72,1.268,15,1441.27,841.27,58.37
18,4,18,0,0,BetaBuds,Audio,25,63.59,0.008,63.08,62.66,0.67,78.97,1.069,8,504.65,304.65,60.37
18,4,18,0,0,GammaBand,Wearables,18,36.41,0.03,35.32,41.42,-14.73,31.14,0.889,27,953.58,467.58,49.03
18,4,18,0,0,DeltaDock,Accessories,30,81.39,0.061,76.43,90.08,-15.16,5.86,0.598,1,76.43,46.43,60.75
18,4,18,0,0,EpsilonCam,Imaging,55,116.19,0.152,98.53,128.63,-23.4,23.44,0.731,6,591.17,261.17,44.18
18,4,18,0,0,ZetaHub,Accessories,22,52.5,0.03,50.92,54.54,-6.63,0.28,0.627,3,152.77,86.78,56.8
18,4,18,0,0,EtaDesk,Furniture,80,171.01,0.071,158.87,183.41,-13.38,6.25,0.732,2,317.74,157.74,49.64
18,4,18,0,0,ThetaMat,Accessories,15,30.6,0.225,23.72,27.46,-13.64,65.2,0.789,129,3059.24,1124.24,36.75
19,5,19,1,0,AlphaWatch,Wearables,40,73.95,0.128,64.48,87.16,-26.02,2.55,0.753,6,386.91,146.91,37.97
19,5,19,1,0,BetaBuds,Audio,25,51.73,0.037,49.82,49.3,1.05,2.29,0.686,7,348.71,173.71,49.82
19,5,19,1,0,GammaBand,Wearables,18,34.02,0.098,30.69,24.37,25.92,9.47,0.806,29,889.9,367.9,41.34
19,5,19,1,0,DeltaDock,Accessories,30,72.25,0.007,71.74,72.56,-1.12,69.59,1.26,3,215.23,125.23,58.18
19,5,19,1,0,EpsilonCam,Imaging,55,101.06,0.012,99.85,91.16,9.53,107.34,1.325,12,1198.17,538.17,44.92
19,5,19,1,0,ZetaHub,Accessories,22,47.72,0.075,44.14,41.75,5.73,49.47,0.5,20,882.82,442.82,50.16
19,5,19,1,0,EtaDesk,Furniture,80,159.73,0.051,151.58,192.93,-21.43,2.72,0.508,2,303.17,143.17,47.22
19,5,19,1,0,ThetaMat,Accessories,15,30.71,0.165,25.64,39.16,-34.52,2.57,0.5,30,769.29,319.29,41.5
20,6,20,1,0,AlphaWatch,Wearables,40,108.21,0.067,100.96,129.01,-21.74,2.04,0.5,2,201.92,121.92,60.38
20,6,20,1,0,BetaBuds,Audio,25,56.76,0.039,54.55,56.23,-2.99,4.6,0.5,5,272.73,147.73,54.17
20,6,20,1,0,GammaBand,Wearables,18,35.08,0.114,31.08,32.73,-5.04,46.76,0.766,52,1616.21,680.21,42.09
20,6,20,1,0,DeltaDock,Accessories,30,78.42,0.077,72.38,83.99,-13.82,40.0,0.727,4,289.53,169.53,58.55
20,6,20,1,0,EpsilonCam,Imaging,55,139.4,0.179,114.45,124.13,-7.8,15.23,0.645,3,343.34,178.34,51.94
20,6,20,1,0,ZetaHub,Accessories,22,61.16,0.079,56.33,69.24,-18.65,29.4,0.599,17,957.58,583.58,60.94
20,6,20,1,0,EtaDesk,Furniture,80,221.88,0.106,198.36,206.58,-3.98,59.82,1.279,5,991.8,591.8,59.67
20,6,20,1,0,ThetaMat,Accessories,15,30.55,0.106,27.31,31.32,-12.8,73.95,1.076,77,2103.0,948.0,45.08
21,0,21,0,0,AlphaWatch,Wearables,40,104.7,0.141,89.94,106.4,-15.47,28.66,0.742,5,449.69,249.69,55.52
21,0,21,0,0,BetaBuds,Audio,25,58.49,0.075,54.1,49.21,9.94,24.61,0.974,8,432.83,232.83,53.79
21,0,21,0,0,GammaBand,Wearables,18,48.09,0.064,45.01,56.78,-20.73,11.32,0.792,7,315.09,189.09,60.01
21,0,21,0,0,DeltaDock,Accessories,30,65.37,0.028,63.54,71.94,-11.68,3.18,0.5,1,63.54,33.54,52.79
21,0,21,0,0,EpsilonCam,Imaging,55,137.54,0.059,129.43,138.3,-6.42,116.05,1.332,5,647.13,372.13,57.5
21,0,21,0,0,ZetaHub,Accessories,22,42.74,0.169,35.52,50.42,-29.56,9.82,0.788,18,639.3,243.3,38.06
21,0,21,0,0,EtaDesk,Furniture,80,171.6,0.123,150.49,198.72,-24.27,43.58,0.958,8,1203.95,563.95,46.84
21,0,21,0,0,ThetaMat,Accessories,15,26.62,0.079,24.52,23.85,2.8,23.73,0.736,45,1103.27,428.27,38.82
22,1,22,0,0,AlphaWatch,Wearables,40,110.99,0.078,102.33,104.39,-1.97,72.5,1.215,6,614.0,374.0,60.91
22,1,22,0,0,BetaBuds,Audio,25,67.5,0.08,62.1,68.21,-8.96,3.05,0.5,2,124.2,74.2,59.74
22,1,22,0,0,GammaBand,Wearables,18,34.64,0.058,32.63,45.39,-28.11,6.15,0.536,17,554.72,248.72,44.84
22,1,22,0,0,DeltaDock,Accessories,30,77.91,0.099,70.2,89.0,-21.13,27.41,0.768,3,210.59,120.59,57.26
22,1,22,0,0,EpsilonCam,Imaging,55,119.8,0.087,109.38,128.79,-15.07,27.63,0.71,6,656.26,326.26,49.72
22,1,22,0,0,ZetaHub,Accessories,22,43.12,0.075,39.89,42.55,-6.26,20.06,0.731,30,1196.58,536.58,44.84
22,1,22,0,0,EtaDesk,Furniture,80,144.92,0.04,139.12,143.19,-2.84,1.4,0.5,1,139.12,59.12,42.5
22,1,22,0,0,ThetaMat,Accessories,15,35.09,0.089,31.97,34.16,-6.42,0.17,0.664,7,223.77,118.77,53.08
23,2,23,0,0,AlphaWatch,Wearables,40,88.56,0.08,81.48,76.55,6.43,12.7,0.767,3,244.43,124.43,50.91
23,2,23,0,0,BetaBuds,Audio,25,57.21,0.051,54.29,62.38,-12.97,28.09,0.872,11,597.22,322.22,53.95
23,2,23,0,0,GammaBand,Wearables,18,35.79,0.021,35.04,34.55,1.41,14.53,0.5,14,490.54,238.54,48.63
23,2,23,0,0,DeltaDock,Accessories,30,57.63,0.006,57.28,61.97,-7.56,34.06,0.96,4,229.14,109.14,47.63
23,2,23,0,0,EpsilonCam,Imaging,55,144.36,0.136,124.73,169.39,-26.37,2.06,0.5,1,124.73,69.73,55.9
23,2,23,0,0,ZetaHub,Accessories,22,48.85,0.167,40.69,56.19,-27.58,31.69,0.835,35,1424.22,654.22,45.94
23,2,23,0,0,EtaDesk,Furniture,80,216.03,0.198,173.26,245.06,-29.3,58.47,0.967,9,1559.3,839.3,53.83
23,2,23,0,0,ThetaMat,Accessories,15,36.4,0.03,35.31,37.51,-5.87,16.89,0.5,20,706.16,406.16,57.52
24,3,24,0,0,AlphaWatch,Wearables,40,69.48,0.021,68.02,73.11,-6.96,27.93,0.548,5,340.1,140.1,41.19
24,3,24,0,0,BetaBuds,Audio,25,57.15,0.056,53.95,66.43,-18.79,14.55,0.5,10,539.5,289.5,53.66
24,3,24,0,0,GammaBand,Wearables,18,49.61,0.079,45.69,51.64,-11.52,52.58,0.922,13,593.98,359.98,60.6
24,3,24,0,0,DeltaDock,Accessories,30,74.39,0.032,72.01,85.69,-15.97,17.42,0.5,1,72.01,42.01,58.34
24,3,24,0,0,EpsilonCam,Imaging,55,143.44,0.025,139.85,153.31,-8.78,4.5,0.849,2,279.71,169.71,60.67
24,3,24,0,0,ZetaHub,Accessories,22,52.47,0.075,48.53,41.5,16.95,19.36,0.5,9,436.81,238.81,54.67
24,3,24,0,0,EtaDesk,Furniture,80,215.57,0.052,204.36,191.48,6.73,47.43,0.988,2,408.72,248.72,60.85
24,3,24,0,0,ThetaMat,Accessories,15,34.56,0.087,31.55,37.05,-14.84,10.1,0.68,49,1546.11,811.11,52.46
25,4,25,0,0,AlphaWatch,Wearables,40,106.45,0.05,101.13,122.17,-17.22,43.38,0.945,5,505.64,305.64,60.45
25,4,25,0,0,BetaBuds,Audio,25,46.29,0.075,42.82,50.63,-15.43,29.55,1.04,22,942.0,392.0,41.61
25,4,25,0,0,GammaBand,Wearables,18,37.95,0.082,34.84,37.64,-7.44,94.71,1.432,87,3030.91,1464.91,48.33
25,4,25,0,0,DeltaDock,Accessories,30,78.28,0.084,71.7,91.08,-21.27,56.11,0.853,3,215.11,125.11,58.16
25,4,25,0,0,EpsilonCam,Imaging,55,99.14,0.05,94.18,111.39,-15.45,88.52,0.954,9,847.65,352.65,41.6
25,4,25,0,0,ZetaHub,Accessories,22,40.42,0.029,39.25,36.41,7.79,7.93,0.697,11,431.73,189.73,43.95
25,4,25,0,0,EtaDesk,Furniture,80,186.18,0.017,183.01,218.33,-16.18,27.75,0.935,5,915.07,515.07,56.29
25,4,25,0,0,ThetaMat,Accessories,15,35.01,0.072,32.49,38.69,-16.03,8.31,0.696,39,1267.08,682.08,53.83
26,5,26,1,0,AlphaWatch,Wearables,40,102.93,0.095,93.15,92.42,0.79,5.46,0.5,2,186.3,106.3,57.06
26,5,26,1,0,BetaBuds,Audio,25,60.96,0.041,58.46,57.37,1.9,16.97,0.751,7,409.22,234.22,57.24
26,5,26,1,0,GammaBand,Wearables,18,49.34,0.051,46.82,43.17,8.46,44.14,0.502,11,515.06,317.06,61.56
26,5,26,1,0,DeltaDock,Accessories,30,80.45,0.076,74.34,74.52,-0.25,57.85,0.916,4,297.34,177.34,59.64
26,5,26,1,0,EpsilonCam,Imaging,55,121.75,0.17,101.05,115.58,-12.57,2.04,0.5,2,202.1,92.1,45.57
26,5,26,1,0,ZetaHub,Accessories,22,49.51,0.067,46.19,54.92,-15.89,35.56,0.685,28,1293.4,677.4,52.37
26,5,26,1,0,EtaDesk,Furniture,80,169.85,0.116,150.15,199.21,-24.63,12.88,0.526,3,450.44,210.44,46.72
26,5,26,1,0,ThetaMat,Accessories,15,25.39,0.178,20.87,18.35,13.74,5.05,0.509,33,688.73,193.73,28.13
27,6,27,1,0,AlphaWatch,Wearables,40,100.85,0.053,95.5,98.88,-3.41,27.99,0.841,6,573.03,333.03,58.12
27,6,27,1,0,BetaBuds,Audio,25,56.46,0.071,52.45,57.84,-9.32,138.97,1.455,19,996.58,521.58,52.34
27,6,27,1,0,GammaBand,Wearables,18,32.39,0.037,31.19,29.81,4.63,52.29,0.689,57,1777.92,751.92,42.29
27,6,27,1,0,DeltaDock,Accessories,30,56.39,0.123,49.45,53.16,-6.97,5.77,0.5,2,98.91,38.91,39.34
27,6,27,1,0,EpsilonCam,Imaging,55,125.37,0.112,111.33,133.71,-16.74,94.8,1.101,6,667.97,337.97,50.6
27,6,27,1,0,ZetaHub,Accessories,22,60.4,0.067,56.35,62.55,-9.91,43.25,0.616,7,394.47,240.47,60.96
27,6,27,1,0,EtaDesk,Furniture,80,157.33,0.083,144.27,138.59,4.1,1.95,0.5,1,144.27,64.27,44.55
27,6,27,1,0,ThetaMat,Accessories,15,31.29,0.091,28.44,29.23,-2.69,37.0,0.832,81,2303.85,1088.85,47.26
28,0,28,0,0,AlphaWatch,Wearables,40,81.28,0.041,77.95,84.44,-7.69,24.98,0.779,7,545.63,265.63,48.68
28,0,28,0,0,BetaBuds,Audio,25,50.3,0.041,48.24,51.84,-6.95,56.52,0.808,29,1398.89,673.89,48.17
28,0,28,0,0,GammaBand,Wearables,18,34.18,0.033,33.05,34.74,-4.86,149.97,1.5,100,3305.21,1505.21,45.54
28,0,28,0,0,DeltaDock,Accessories,30,66.12,0.015,65.13,75.65,-13.91,13.32,0.5,1,65.13,35.13,53.94
28,0,28,0,0,EpsilonCam,Imaging,55,106.95,0.006,106.31,91.14,16.64,90.15,1.354,6,637.85,307.85,48.26
28,0,28,0,0,ZetaHub,Accessories,22,49.05,0.013,48.41,61.28,-21.0,19.41,0.601,16,774.6,422.6,54.56
28,0,28,0,0,EtaDesk,Furniture,80,157.87,0.032,152.82,130.31,17.27,49.96,0.946,3,458.45,218.45,47.65
28,0,28,0,0,ThetaMat,Accessories,15,40.65,0.103,36.46,40.5,-9.97,1.15,0.5,4,145.85,85.85,58.86
29,1,29,0,0,AlphaWatch,Wearables,40,111.03,0.112,98.59,99.9,-1.31,7.86,0.5,1,98.59,58.59,59.43
29,1,29,0,0,BetaBuds,Audio,25,60.42,0.024,58.97,67.25,-12.31,69.67,0.91,13,766.61,441.61,57.61
29,1,29,0,0,GammaBand,Wearables,18,44.0,0.008,43.65,41.23,5.86,91.24,1.471,37,1614.98,948.98,58.76
29,1,29,0,0,DeltaDock,Accessories,30,66.97,0.068,62.42,68.83,-9.32,18.58,0.804,3,187.25,97.25,51.94
29,1,29,0,0,EpsilonCam,Imaging,55,107.02,0.101,96.21,105.22,-8.56,38.95,0.941,7,673.48,288.48,42.83
29,1,29,0,0,ZetaHub,Accessories,22,54.82,0.101,49.28,53.79,-8.38,8.04,0.635,8,394.27,218.27,55.36
29,1,29,0,0,EtaDesk,Furniture,80,197.25,0.029,191.53,228.69,-16.25,24.14,0.622,2,383.06,223.06,58.23
29,1,29,0,0,ThetaMat,Accessories,15,38.86,0.13,33.81,40.23,-15.96,29.41,0.861,25,845.2,470.2,55.63
30,2,30,0,0,AlphaWatch,Wearables,40,94.41,0.177,77.7,86.66,-10.34,29.13,0.54,4,310.8,150.8,48.52
30,2,30,0,0,BetaBuds,Audio,25,57.68,0.065,53.93,61.57,-12.41,14.05,0.593,6,323.58,173.58,53.64
30,2,30,0,0,GammaBand,Wearables,18,44.01,0.044,42.07,36.08,16.61,16.97,0.5,8,336.59,192.59,57.22
30,2,30,0,0,DeltaDock,Accessories,30,64.02,0.057,60.37,55.35,9.07,6.89,0.5,1,60.37,30.37,50.31
30,2,30,0,0,EpsilonCam,Imaging,55,100.83,0.082,92.56,106.03,-12.7,29.32,0.549,6,555.37,225.37,40.58
30,2,30,0,0,ZetaHub,Accessories,22,47.64,0.059,44.83,50.33,-10.93,87.97,1.201,51,2286.29,1164.29,50.92
30,2,30,0,0,EtaDesk,Furniture,80,135.43,0.072,125.68,138.0,-8.93,94.8,1.459,12,1508.15,548.15,36.35
30,2,30,0,0,ThetaMat,Accessories,15,38.79,0.103,34.79,37.55,-7.34,38.56,0.824,32,1113.43,633.43,56.89
31,3,31,0,0,AlphaWatch,Wearables,40,76.6,0.02,75.07,84.21,-10.86,0.42,0.5,1,75.07,35.07,46.71
31,3,31,0,0,BetaBuds,Audio,25,62.64,0.06,58.88,72.64,-18.94,80.96,0.965,19,1118.75,643.75,57.54
31,3,31,0,0,GammaBand,Wearables,18,34.62,0.01,34.27,35.88,-4.48,23.19,0.575,29,993.94,471.94,47.48
31,3,31,0,0,DeltaDock,Accessories,30,74.9,0.094,67.86,71.82,-5.51,17.53,0.727,2,135.72,75.72,55.79
31,3,31,0,0,EpsilonCam,Imaging,55,100.32,0.183,81.96,81.49,0.58,20.26,0.595,4,327.85,107.85,32.9
31,3,31,0,0,ZetaHub,Accessories,22,42.11,0.124,36.89,45.67,-19.23,50.48,0.817,28,1032.87,416.87,40.36
31,3,31,0,0,EtaDesk,Furniture,80,178.2,0.086,162.87,199.18,-18.23,46.72,0.972,4,651.5,331.5,50.88
31,3,31,0,0,ThetaMat,Accessories,15,42.39,0.103,38.02,37.08,2.55,6.47,0.617,10,380.24,230.24,60.55
32,4,32,0,0,AlphaWatch,Wearables,40,97.94,0.051,92.95,86.61,7.31,35.52,0.733,7,650.62,370.62,56.96
32,4,32,0,0,BetaBuds,Audio,25,46.53,0.022,45.51,46.59,-2.33,3.34,0.544,4,182.03,82.03,45.06
32,4,32,0,0,GammaBand,Wearables,18,51.15,0.09,46.55,57.19,-18.61,16.81,0.921,10,465.46,285.47,61.33
32,4,32,0,0,DeltaDock,Accessories,30,81.43,0.049,77.44,79.16,-2.17,27.91,0.682,2,154.88,94.88,61.26
32,4,32,0,0,EpsilonCam,Imaging,55,148.43,0.035,143.23,143.6,-0.25,0.55,0.898,1,143.23,88.23,61.6
32,4,32,0,0,ZetaHub,Accessories,22,57.71,0.096,52.17,66.04,-21.0,55.61,0.651,16,834.72,482.72,57.83
32,4,32,0,0,EtaDesk,Furniture,80,209.48,0.079,192.93,206.3,-6.48,48.82,0.9,5,964.66,564.66,58.53
32,4,32,0,0,ThetaMat,Accessories,15,41.75,0.005,41.54,34.89,19.06,14.12,0.573,6,249.25,159.25,63.89
33,5,33,1,0,AlphaWatch,Wearables,40,86.19,0.029,83.69,89.96,-6.97,46.88,1.082,9,753.21,393.21,52.2
33,5,33,1,0,BetaBuds,Audio,25,49.69,0.046,47.4,59.76,-20.68,52.95,1.003,35,1659.15,784.15,47.26
33,5,33,1,0,GammaBand,Wearables,18,36.46,0.063,34.16,34.37,-0.6,90.76,1.326,131,4475.36,2117.36,47.31
33,5,33,1,0,DeltaDock,Accessories,30,61.36,0.031,59.46,59.37,0.15,8.59,0.712,2,118.92,58.92,49.54
33,5,33,1,0,EpsilonCam,Imaging,55,113.31,0.112,100.62,96.64,4.12,65.55,1.274,9,905.57,410.57,45.34
33,5,33,1,0,ZetaHub,Accessories,22,53.51,0.147,45.64,49.11,-7.06,45.08,0.784,27,1232.39,638.39,51.8
33,5,33,1,0,EtaDesk,Furniture,80,208.87,0.047,199.05,192.04,3.65,17.46,0.565,2,398.11,238.11,59.81
33,5,33,1,0,ThetaMat,Accessories,15,35.95,0.04,34.51,27.34,26.23,86.72,1.397,48,1656.58,936.58,56.54
34,6,34,1,0,AlphaWatch,Wearables,40,82.97,0.076,76.66,89.54,-14.38,74.18,1.21,19,1456.62,696.62,47.82
34,6,34,1,0,BetaBuds,Audio,25,57.96,0.069,53.96,52.01,3.75,0.55,0.608,3,161.88,86.88,53.67
34,6,34,1,0,GammaBand,Wearables,18,44.11,0.194,35.55,47.88,-25.75,33.05,0.932,56,1990.95,982.95,49.37
34,6,34,1,0,DeltaDock,Accessories,30,82.26,0.079,75.76,75.35,0.55,206.46,1.5,12,909.14,549.14,60.4
34,6,34,1,0,EpsilonCam,Imaging,55,134.04,0.012,132.43,137.33,-3.57,45.39,0.879,3,397.29,232.29,58.47
34,6,34,1,0,ZetaHub,Accessories,22,55.77,0.129,48.58,59.15,-17.88,7.07,0.63,10,485.76,265.76,54.71
34,6,34,1,0,EtaDesk,Furniture,80,186.65,0.059,175.64,185.63,-5.38,12.33,0.5,2,351.28,191.28,54.45
34,6,34,1,0,ThetaMat,Accessories,15,35.92,0.134,31.11,42.6,-26.98,9.02,0.695,26,808.77,418.77,51.78
35,0,35,0,0,AlphaWatch,Wearables,40,113.56,0.079,104.59,113.46,-7.82,111.08,1.396,7,732.12,452.12,61.75
35,0,35,0,0,BetaBuds,Audio,25,49.91,0.061,46.87,41.24,13.64,3.19,0.5,4,187.46,87.46,46.66
35,0,35,0,0,GammaBand,Wearables,18,38.1,0.062,35.74,39.42,-9.34,7.94,0.5,13,464.59,230.59,49.63
35,0,35,0,0,DeltaDock,Accessories,30,65.08,0.045,62.15,69.26,-10.26,24.86,0.685,3,186.45,96.45,51.73
35,0,35,0,0,EpsilonCam,Imaging,55,109.63,0.058,103.27,111.66,-7.51,10.98,0.5,3,309.81,144.81,46.74
35,0,35,0,0,ZetaHub,Accessories,22,59.77,0.04,57.38,61.04,-6.0,136.55,1.5,29,1664.0,1026.0,61.66
35,0,35,0,0,EtaDesk,Furniture,80,193.56,0.096,174.98,224.17,-21.94,15.67,0.576,3,524.93,284.93,54.28
35,0,35,0,0,ThetaMat,Accessories,15,34.18,0.208,27.07,31.21,-13.26,24.13,0.8,36,974.54,434.54,44.59
36,1,36,0,0,AlphaWatch,Wearables,40,78.07,0.062,73.23,69.71,5.05,78.57,1.28,10,732.3,332.3,45.38
36,1,36,0,0,BetaBuds,Audio,25,49.57,0.017,48.73,53.0,-8.06,5.78,0.618,4,194.91,94.91,48.69
36,1,36,0,0,GammaBand,Wearables,18,31.13,0.095,28.17,37.55,-24.97,41.62,1.031,104,2929.96,1057.96,36.11
36,1,36,0,0,DeltaDock,Accessories,30,55.14,0.014,54.37,50.53,7.6,71.72,0.988,4,217.47,97.47,44.82
36,1,36,0,0,EpsilonCam,Imaging,55,151.66,0.003,151.21,177.0,-14.57,5.62,0.568,1,151.21,96.21,63.63
36,1,36,0,0,ZetaHub,Accessories,22,40.8,0.066,38.11,39.4,-3.28,54.82,0.724,31,1181.32,499.32,42.27
36,1,36,0,0,EtaDesk,Furniture,80,163.82,0.069,152.52,181.81,-16.11,14.93,0.544,2,305.03,145.03,47.55
36,1,36,0,0,ThetaMat,Accessories,15,40.17,0.081,36.92,33.92,8.83,52.61,1.168,27,996.74,591.74,59.37
37,2,37,0,0,AlphaWatch,Wearables,40,98.34,0.041,94.31,105.28,-10.42,34.04,0.914,6,565.85,325.85,57.59
37,2,37,0,0,BetaBuds,Audio,25,54.02,0.036,52.08,60.81,-14.36,138.48,1.491,26,1353.96,703.96,51.99
37,2,37,0,0,GammaBand,Wearables,18,48.34,0.021,47.32,41.56,13.87,2.91,0.573,5,236.62,146.62,61.97
37,2,37,0,0,DeltaDock,Accessories,30,66.38,0.107,59.28,72.76,-18.53,42.06,0.98,7,414.94,204.94,49.39
37,2,37,0,0,EpsilonCam,Imaging,55,152.65,0.022,149.29,140.95,5.92,6.34,0.5,1,149.29,94.29,63.16
37,2,37,0,0,ZetaHub,Accessories,22,51.82,0.016,50.99,47.04,8.4,5.39,0.563,4,203.96,115.96,56.86
37,2,37,0,0,EtaDesk,Furniture,80,220.21,0.022,215.37,241.64,-10.87,68.6,0.823,4,861.46,541.46,62.85
37,2,37,0,0,ThetaMat,Accessories,15,34.42,0.036,33.18,40.78,-18.63,7.25,0.583,13,431.35,236.35,54.79
38,3,38,0,0,AlphaWatch,Wearables,40,76.96,0.029,74.73,69.67,7.26,83.57,0.91,8,597.83,277.83,46.47
38,3,38,0,0,BetaBuds,Audio,25,47.83,0.141,41.09,52.28,-21.41,13.35,0.676,8,328.69,128.69,39.15
38,3,38,0,0,GammaBand,Wearables,18,36.12,0.062,33.88,32.84,3.17,7.5,0.743,9,304.93,142.93,46.87
38,3,38,0,0,DeltaDock,Accessories,30,82.78,0.052,78.48,77.18,1.68,19.36,0.5,1,78.48,48.48,61.77
38,3,38,0,0,EpsilonCam,Imaging,55,98.53,0.172,81.58,104.26,-21.75,83.65,1.109,20,1631.66,531.66,32.58
38,3,38,0,0,ZetaHub,Accessories,22,54.77,0.009,54.28,55.59,-2.36,3.36,0.5,4,217.11,129.11,59.47
38,3,38,0,0,EtaDesk,Furniture,80,160.57,0.077,148.21,137.84,7.52,16.3,0.5,2,296.41,136.41,46.02
38,3,38,0,0,ThetaMat,Accessories,15,42.39,0.068,39.51,46.3,-14.67,41.88,1.147,30,1185.22,735.22,62.03
39,4,39,0,0,AlphaWatch,Wearables,40,109.16,0.041,104.68,109.69,-4.56,14.29,0.591,1,104.68,64.68,61.79
39,4,39,0,0,BetaBuds,Audio,25,58.87,0.025,57.4,55.39,3.63,0.19,0.728,2,114.8,64.8,56.44
39,4,39,0,0,GammaBand,Wearables,18,38.59,0.115,34.15,48.74,-29.93,0.78,0.754,9,307.37,145.37,47.29
39,4,39,0,0,DeltaDock,Accessories,30,57.82,0.049,54.99,56.17,-2.11,5.62,0.771,1,54.99,24.99,45.44
39,4,39,0,0,EpsilonCam,Imaging,55,104.53,0.063,97.94,99.78,-1.84,7.99,0.64,2,195.89,85.89,43.85
39,4,39,0,0,ZetaHub,Accessories,22,51.6,0.206,40.97,54.15,-24.34,0.34,0.5,8,327.76,151.76,46.3
39,4,39,0,0,EtaDesk,Furniture,80,193.63,0.002,193.24,179.92,7.4,70.38,1.214,4,772.97,452.97,58.6
39,4,39,0,0,ThetaMat,Accessories,15,31.13,0.138,26.83,34.95,-23.22,3.01,0.5,16,429.34,189.34,44.1
40,5,40,1,0,AlphaWatch,Wearables,40,83.82,0.122,73.59,88.36,-16.71,62.21,0.927,8,588.75,268.75,45.65
40,5,40,1,0,BetaBuds,Audio,25,65.13,0.076,60.18,57.19,5.23,38.98,0.903,7,421.26,246.26,58.46
40,5,40,1,0,GammaBand,Wearables,18,38.13,0.032,36.91,42.94,-14.04,66.09,0.885,34,1254.93,642.93,51.23
40,5,40,1,0,DeltaDock,Accessories,30,57.89,0.014,57.08,64.26,-11.17,76.41,1.095,3,171.24,81.24,47.44
40,5,40,1,0,EpsilonCam,Imaging,55,128.39,0.12,112.98,152.43,-25.88,44.39,0.903,5,564.92,289.92,51.32
40,5,40,1,0,ZetaHub,Accessories,22,57.84,0.196,46.5,65.54,-29.05,34.28,1.029,24,1116.08,588.08,52.69
40,5,40,1,0,EtaDesk,Furniture,80,155.38,0.029,150.87,168.35,-10.38,52.24,0.978,4,603.5,283.5,46.98
40,5,40,1,0,ThetaMat,Accessories,15,31.6,0.089,28.79,27.69,3.96,11.37,0.606,25,719.69,344.69,47.89
41,6,41,1,0,AlphaWatch,Wearables,40,99.14,0.175,81.79,106.65,-23.31,26.36,0.5,5,408.95,208.95,51.09
41,6,41,1,0,BetaBuds,Audio,25,56.14,0.173,46.43,66.14,-29.8,59.7,1.175,24,1114.27,514.27,46.15
41,6,41,1,0,GammaBand,Wearables,18,43.46,0.217,34.03,48.16,-29.34,14.85,0.724,36,1225.05,577.05,47.1
41,6,41,1,0,DeltaDock,Accessories,30,74.96,0.022,73.31,64.55,13.57,47.32,0.7,2,146.62,86.62,59.08
41,6,41,1,0,EpsilonCam,Imaging,55,126.32,0.169,104.97,131.73,-20.31,18.16,0.5,3,314.92,149.92,47.61
41,6,41,1,0,ZetaHub,Accessories,22,43.44,0.079,40.01,45.83,-12.7,78.6,1.071,35,1400.29,630.29,45.01
41,6,41,1,0,EtaDesk,Furniture,80,171.39,0.13,149.11,150.57,-0.97,32.83,0.939,7,1043.77,483.77,46.35
41,6,41,1,0,ThetaMat,Accessories,15,35.74,0.057,33.7,32.88,2.5,72.08,1.056,33,1112.19,617.19,55.49
42,0,42,0,0,AlphaWatch,Wearables,40,94.28,0.052,89.38,95.39,-6.3,7.99,0.732,3,268.13,148.13,55.25
42,0,42,0,0,BetaBuds,Audio,25,54.37,0.211,42.9,62.34,-31.19,26.25,0.598,15,643.47,268.47,41.72
42,0,42,0,0,GammaBand,Wearables,18,43.43,0.095,39.3,36.51,7.65,11.38,0.5,9,353.74,191.74,54.2
42,0,42,0,0,DeltaDock,Accessories,30,66.89,0.038,64.35,76.61,-16.01,14.24,0.591,1,64.35,34.35,53.38
42,0,42,0,0,EpsilonCam,Imaging,55,118.77,0.008,117.82,100.68,17.02,64.44,0.768,3,353.46,188.46,53.32
42,0,42,0,0,ZetaHub,Accessories,22,57.81,0.084,52.95,69.99,-24.34,4.93,0.908,6,317.72,185.72,58.45
42,0,42,0,0,EtaDesk,Furniture,80,178.58,0.225,138.4,162.66,-14.91,1.81,0.84,3,415.2,175.2,42.2
42,0,42,0,0,ThetaMat,Accessories,15,35.25,0.024,34.4,38.79,-11.31,15.14,0.511,10,344.04,194.04,56.4
43,1,43,0,0,AlphaWatch,Wearables,40,111.2,0.063,104.19,131.23,-20.6,2.51,0.862,2,208.39,128.39,61.61
43,1,43,0,0,BetaBuds,Audio,25,49.23,0.105,44.06,40.1,9.88,15.6,1.025,22,969.34,419.34,43.26
43,1,43,0,0,GammaBand,Wearables,18,48.54,0.066,45.34,47.52,-4.6,30.98,0.676,20,906.73,546.73,60.3
43,1,43,0,0,DeltaDock,Accessories,30,68.06,0.068,63.43,69.89,-9.24,48.25,1.092,6,380.59,200.59,52.71
43,1,43,0,0,EpsilonCam,Imaging,55,161.69,0.054,152.96,152.58,0.25,29.48,0.552,2,305.92,195.92,64.04
43,1,43,0,0,ZetaHub,Accessories,22,43.55,0.044,41.63,44.46,-6.36,5.35,0.5,7,291.44,137.44,47.16
43,1,43,0,0,EtaDesk,Furniture,80,189.63,0.159,159.48,169.7,-6.02,21.14,0.931,4,637.92,317.92,49.84
43,1,43,0,0,ThetaMat,Accessories,15,30.99,0.119,27.3,28.63,-4.64,87.55,1.156,80,2184.18,984.18,45.06
44,2,44,0,0,AlphaWatch,Wearables,40,90.45,0.006,89.91,104.35,-13.84,34.59,0.935,10,899.07,499.07,55.51
44,2,44,0,0,BetaBuds,Audio,25,55.61,0.035,53.66,62.97,-14.78,11.37,0.5,5,268.32,143.32,53.41
44,2,44,0,0,GammaBand,Wearables,18,43.42,0.032,42.03,37.87,10.99,9.88,0.759,10,420.31,240.31,57.17
44,2,44,0,0,DeltaDock,Accessories,30,57.07,0.081,52.45,62.94,-16.67,5.99,0.5,1,52.45,22.45,42.8
44,2,44,0,0,EpsilonCam,Imaging,55,139.73,0.119,123.1,140.38,-12.31,23.86,0.774,5,615.51,340.51,55.32
44,2,44,0,0,ZetaHub,Accessories,22,48.19,0.099,43.42,51.45,-15.61,25.71,0.5,18,781.55,385.55,49.33
44,2,44,0,0,EtaDesk,Furniture,80,140.82,0.06,132.37,138.18,-4.2,9.08,0.793,3,397.11,157.11,39.56
44,2,44,0,0,ThetaMat,Accessories,15,31.93,0.007,31.71,35.49,-10.66,21.63,0.5,25,792.66,417.66,52.69
45,3,45,0,0,AlphaWatch,Wearables,40,79.37,0.221,61.83,81.27,-23.92,23.99,0.586,10,618.29,218.29,35.31
45,3,45,0,0,BetaBuds,Audio,25,60.29,0.016,59.33,73.02,-18.75,73.27,1.045,11,652.58,377.58,57.86
45,3,45,0,0,GammaBand,Wearables,18,40.86,0.012,40.37,48.9,-17.44,2.55,0.5,12,484.44,268.44,55.41
45,3,45,0,0,DeltaDock,Accessories,30,80.8,0.104,72.4,94.74,-23.58,24.94,0.858,2,144.79,84.79,58.56
45,3,45,0,0,EpsilonCam,Imaging,55,151.82,0.052,143.93,132.67,8.48,8.88,0.54,1,143.93,88.93,61.79
45,3,45,0,0,ZetaHub,Accessories,22,57.61,0.067,53.75,61.87,-13.12,7.06,0.5,7,376.25,222.25,59.07
45,3,45,0,0,EtaDesk,Furniture,80,204.03,0.06,191.79,239.42,-19.89,33.42,0.736,3,575.36,335.36,58.29
45,3,45,0,0,ThetaMat,Accessories,15,34.54,0.124,30.26,36.86,-17.91,9.41,0.5,21,635.4,320.4,50.42
46,4,46,0,0,AlphaWatch,Wearables,40,106.7,0.087,97.42,97.15,0.27,12.43,0.672,3,292.25,172.25,58.94
46,4,46,0,0,BetaBuds,Audio,25,65.71,0.068,61.24,61.11,0.22,35.17,0.857,8,489.93,289.93,59.18
46,4,46,0,0,GammaBand,Wearables,18,37.75,0.055,35.67,37.33,-4.44,4.43,0.584,16,570.78,282.78,49.54
46,4,46,0,0,DeltaDock,Accessories,30,56.93,0.063,53.34,64.98,-17.91,8.72,0.745,3,160.03,70.03,43.76
46,4,46,0,0,EpsilonCam,Imaging,55,119.72,0.041,114.81,109.35,4.99,6.29,0.737,2,229.62,119.62,52.1
46,4,46,0,0,ZetaHub,Accessories,22,55.87,0.13,48.61,50.97,-4.64,35.82,0.939,24,1166.57,638.57,54.74
46,4,46,0,0,EtaDesk,Furniture,80,146.35,0.155,123.67,176.84,-30.07,9.46,0.797,4,494.66,174.66,35.31
46,4,46,0,0,ThetaMat,Accessories,15,41.32,0.133,35.82,36.36,-1.47,22.05,0.5,13,465.72,270.72,58.13
47,5,47,1,0,AlphaWatch,Wearables,40,98.19,0.113,87.09,99.01,-12.03,58.42,0.719,4,348.38,188.38,54.07
47,5,47,1,0,BetaBuds,Audio,25,63.23,0.118,55.77,67.79,-17.73,207.37,1.5,31,1728.83,953.83,55.17
47,5,47,1,0,GammaBand,Wearables,18,34.41,0.084,31.52,27.11,16.27,4.87,0.619,17,535.83,229.83,42.89
47,5,47,1,0,DeltaDock,Accessories,30,61.96,0.16,52.05,65.16,-20.13,4.45,0.658,2,104.09,44.09,42.36
47,5,47,1,0,EpsilonCam,Imaging,55,155.36,0.143,133.14,179.98,-26.02,25.09,0.706,4,532.57,312.57,58.69
47,5,47,1,0,ZetaHub,Accessories,22,46.21,0.146,39.46,35.13,12.34,64.92,0.963,27,1065.51,471.51,44.25
47,5,47,1,0,EtaDesk,Furniture,80,144.59,0.133,125.36,127.06,-1.34,20.53,0.742,4,501.44,181.44,36.18
47,5,47,1,0,ThetaMat,Accessories,15,40.93,0.113,36.3,32.48,11.78,14.68,0.5,13,471.96,276.96,58.68
48,6,48,1,0,AlphaWatch,Wearables,40,79.28,0.158,66.75,95.66,-30.22,7.03,0.5,4,267.02,107.02,40.08
48,6,48,1,0,BetaBuds,Audio,25,50.44,0.024,49.23,52.33,-5.93,6.62,0.5,7,344.61,169.61,49.22
48,6,48,1,0,GammaBand,Wearables,18,45.19,0.046,43.11,38.31,12.53,18.0,0.665,13,560.45,326.45,58.25
48,6,48,1,0,DeltaDock,Accessories,30,56.28,0.044,53.8,53.04,1.44,5.78,0.528,1,53.8,23.8,44.24
48,6,48,1,0,EpsilonCam,Imaging,55,138.68,0.029,134.66,130.74,3.0,2.72,0.595,1,134.66,79.66,59.16
48,6,48,1,0,ZetaHub,Accessories,22,55.61,0.185,45.32,53.87,-15.87,10.3,0.535,16,725.15,373.15,51.46
48,6,48,1,0,EtaDesk,Furniture,80,157.36,0.039,151.22,158.01,-4.3,4.42,0.611,1,151.22,71.22,47.1
48,6,48,1,0,ThetaMat,Accessories,15,29.21,0.063,27.37,29.25,-6.43,3.19,0.5,17,465.29,210.29,45.2
49,0,49,0,0,AlphaWatch,Wearables,40,76.24,0.087,69.61,73.97,-5.9,64.75,1.288,12,835.29,355.29,42.53
49,0,49,0,0,BetaBuds,Audio,25,55.49,0.115,49.11,63.07,-22.14,40.17,0.814,10,491.09,241.09,49.09
49,0,49,0,0,GammaBand,Wearables,18,45.51,0.024,44.42,47.79,-7.06,97.75,1.181,41,1821.13,1083.13,59.48
49,0,49,0,0,DeltaDock,Accessories,30,67.02,0.088,61.12,64.83,-5.72,47.39,0.919,4,244.49,124.49,50.92
49,0,49,0,0,EpsilonCam,Imaging,55,109.16,0.013,107.74,107.16,0.54,41.46,1.044,9,969.67,474.67,48.95
49,0,49,0,0,ZetaHub,Accessories,22,45.82,0.169,38.08,47.41,-19.69,102.58,1.222,53,2018.05,852.05,42.22
49,0,49,0,0,EtaDesk,Furniture,80,141.92,0.12,124.89,125.46,-0.45,24.0,0.769,3,374.67,134.67,35.94
49,0,49,0,0,ThetaMat,Accessories,15,37.76,0.11,33.61,36.02,-6.7,27.29,0.645,26,873.77,483.77,55.37
50,1,50,0,0,AlphaWatch,Wearables,40,80.64,0.017,79.27,82.24,-3.61,22.99,0.566,5,396.35,196.35,49.54
50,1,50,0,0,BetaBuds,Audio,25,62.69,0.055,59.24,69.69,-14.99,38.11,0.805,8,473.94,273.94,57.8
50,1,50,0,0,GammaBand,Wearables,18,38.37,0.224,29.78,45.81,-35.0,5.45,0.739,31,923.03,365.03,39.55
50,1,50,0,0,DeltaDock,Accessories,30,72.05,0.29,51.16,69.43,-26.32,27.67,0.957,5,255.78,105.78,41.36
50,1,50,0,0,EpsilonCam,Imaging,55,106.81,0.163,89.4,99.74,-10.37,17.27,0.528,4,357.6,137.6,38.48
50,1,50,0,0,ZetaHub,Accessories,22,48.26,0.151,40.97,53.38,-23.24,12.3,0.521,14,573.62,265.62,46.31
50,1,50,0,0,EtaDesk,Furniture,80,196.16,0.045,187.33,174.87,7.13,2.34,0.5,1,187.33,107.33,57.3
50,1,50,0,0,ThetaMat,Accessories,15,27.98,0.045,26.72,27.67,-3.43,9.13,0.544,13,347.37,152.37,43.86
51,2,51,0,0,AlphaWatch,Wearables,40,87.13,0.06,81.9,74.97,9.25,43.65,0.825,5,409.51,209.51,51.16
51,2,51,0,0,BetaBuds,Audio,25,61.35,0.086,56.07,65.53,-14.43,77.57,0.973,10,560.74,310.74,55.42
51,2,51,0,0,GammaBand,Wearables,18,39.01,0.225,30.23,46.89,-35.52,3.15,0.948,30,906.98,366.98,40.46
51,2,51,0,0,DeltaDock,Accessories,30,59.49,0.102,53.42,61.18,-12.68,63.57,1.244,5,267.11,117.11,43.84
51,2,51,0,0,EpsilonCam,Imaging,55,146.2,0.035,141.08,159.61,-11.61,6.1,0.709,1,141.08,86.08,61.02
51,2,51,0,0,ZetaHub,Accessories,22,49.48,0.259,36.66,43.75,-16.2,43.97,0.812,50,1833.23,733.23,40.0
51,2,51,0,0,EtaDesk,Furniture,80,213.38,0.056,201.43,190.43,5.78,14.73,0.635,2,402.86,242.86,60.28
51,2,51,0,0,ThetaMat,Accessories,15,32.95,0.123,28.9,36.09,-19.93,36.2,0.619,25,722.43,347.43,48.09
52,3,52,0,0,AlphaWatch,Wearables,40,81.69,0.159,68.7,101.59,-32.37,112.67,1.5,18,1236.62,516.62,41.78
52,3,52,0,0,BetaBuds,Audio,25,61.72,0.116,54.56,57.72,-5.47,40.69,1.157,11,600.17,325.17,54.18
52,3,52,0,0,GammaBand,Wearables,18,42.7,0.198,34.25,50.43,-32.09,32.79,0.609,34,1164.34,552.34,47.44
52,3,52,0,0,DeltaDock,Accessories,30,65.28,0.063,61.17,78.06,-21.64,72.22,0.695,3,183.5,93.5,50.95
52,3,52,0,0,EpsilonCam,Imaging,55,108.66,0.034,104.97,127.58,-17.73,59.62,1.033,7,734.76,349.76,47.6
52,3,52,0,0,ZetaHub,Accessories,22,58.34,0.036,56.24,55.39,1.53,19.01,0.675,11,618.64,376.64,60.88
52,3,52,0,0,EtaDesk,Furniture,80,177.17,0.017,174.16,163.25,6.68,84.36,1.058,4,696.63,376.63,54.06
52,3,52,0,0,ThetaMat,Accessories,15,30.94,0.049,29.42,26.43,11.33,27.93,0.567,28,823.87,403.87,49.02
53,4,53,0,0,AlphaWatch,Wearables,40,90.16,0.041,86.46,86.37,0.11,65.52,0.972,7,605.24,325.24,53.74
53,4,53,0,0,BetaBuds,Audio,25,57.44,0.092,52.16,49.49,5.39,9.81,0.672,7,365.09,190.09,52.07
53,4,53,0,0,GammaBand,Wearables,18,32.95,0.052,31.24,30.89,1.12,101.94,1.269,77,2405.22,1019.22,42.38
53,4,53,0,0,DeltaDock,Accessories,30,61.79,0.159,51.97,65.53,-20.7,161.59,1.5,11,571.62,241.62,42.27
53,4,53,0,0,EpsilonCam,Imaging,55,137.36,0.169,114.15,133.29,-14.36,21.72,0.744,3,342.44,177.44,51.82
53,4,53,0,0,ZetaHub,Accessories,22,53.44,0.031,51.78,55.55,-6.78,12.56,0.81,11,569.62,327.62,57.52
53,4,53,0,0,EtaDesk,Furniture,80,193.7,0.123,169.87,233.43,-27.23,4.51,0.569,1,169.87,89.87,52.91
53,4,53,0,0,ThetaMat,Accessories,15,33.58,0.122,29.48,32.04,-7.98,102.1,1.433,92,2712.46,1332.46,49.12
54,5,54,1,0,AlphaWatch,Wearables,40,93.13,0.134,80.65,87.68,-8.02,16.57,0.56,3,241.95,121.95,50.4
54,5,54,1,0,BetaBuds,Audio,25,55.17,0.031,53.46,68.22,-21.64,47.83,0.732,23,1229.57,654.57,53.24
54,5,54,1,0,GammaBand,Wearables,18,37.07,0.065,34.66,37.98,-8.74,5.46,0.514,14,485.25,233.25,48.07
54,5,54,1,0,DeltaDock,Accessories,30,59.53,0.03,57.74,60.0,-3.76,9.32,0.5,2,115.49,55.49,48.05
54,5,54,1,0,EpsilonCam,Imaging,55,134.09,0.052,127.12,153.03,-16.93,44.17,1.019,3,381.35,216.35,56.73
54,5,54,1,0,ZetaHub,Accessories,22,53.24,0.186,43.34,62.34,-30.48,13.22,0.522,19,823.41,405.41,49.24
54,5,54,1,0,EtaDesk,Furniture,80,185.39,0.114,164.26,218.38,-24.78,31.92,0.669,5,821.28,421.28,51.3
54,5,54,1,0,ThetaMat,Accessories,15,37.62,0.004,37.47,32.91,13.85,7.62,0.551,10,374.7,224.7,59.97
55,6,55,1,0,AlphaWatch,Wearables,40,78.54,0.113,69.66,89.86,-22.47,4.6,0.64,7,487.65,207.65,42.58
55,6,55,1,0,BetaBuds,Audio,25,40.87,0.021,40.01,43.5,-8.02,13.16,0.5,6,240.07,90.07,37.52
55,6,55,1,0,GammaBand,Wearables,18,37.26,0.061,34.99,40.61,-13.85,37.38,0.838,61,2134.22,1036.22,48.55
55,6,55,1,0,DeltaDock,Accessories,30,76.2,0.043,72.92,65.06,12.09,38.73,0.965,4,291.69,171.69,58.86
55,6,55,1,0,EpsilonCam,Imaging,55,149.15,0.117,131.7,179.11,-26.47,39.61,0.991,4,526.8,306.8,58.24
55,6,55,1,0,ZetaHub,Accessories,22,47.44,0.074,43.93,52.93,-17.0,2.15,0.795,10,439.29,219.29,49.92
55,6,55,1,0,EtaDesk,Furniture,80,136.81,0.094,123.95,161.81,-23.4,16.68,0.5,4,495.8,175.8,35.46
55,6,55,1,0,ThetaMat,Accessories,15,36.38,0.022,35.58,34.43,3.34,84.17,1.241,39,1387.61,802.61,57.84
56,0,56,0,0,AlphaWatch,Wearables,40,91.08,0.038,87.62,103.14,-15.05,23.99,0.775,5,438.09,238.09,54.35
56,0,56,0,0,BetaBuds,Audio,25,58.92,0.125,51.56,52.45,-1.71,1.76,0.5,4,206.22,106.22,51.51
56,0,56,0,0,GammaBand,Wearables,18,38.7,0.073,35.87,32.98,8.78,0.81,0.606,5,179.37,89.37,49.83
56,0,56,0,0,DeltaDock,Accessories,30,66.09,0.065,61.79,60.24,2.58,58.68,0.868,4,247.18,127.18,51.45
56,0,56,0,0,EpsilonCam,Imaging,55,138.65,0.091,126.03,158.31,-20.39,1.74,0.592,1,126.03,71.03,56.36
56,0,56,0,0,ZetaHub,Accessories,22,40.19,0.119,35.41,43.88,-19.31,5.8,0.5,15,531.11,201.11,37.87
56,0,56,0,0,EtaDesk,Furniture,80,180.35,0.126,157.63,212.04,-25.66,7.95,0.5,2,315.25,155.25,49.25
56,0,56,0,0,ThetaMat,Accessories,15,30.85,0.009,30.57,33.76,-9.44,13.13,0.5,23,703.16,358.16,50.94
57,1,57,0,0,AlphaWatch,Wearables,40,79.6,0.035,76.81,96.61,-20.49,33.89,0.772,11,844.95,404.95,47.93
57,1,57,0,0,BetaBuds,Audio,25,47.83,0.031,46.35,39.41,17.6,3.08,0.607,6,278.08,128.08,46.06
57,1,57,0,0,GammaBand,Wearables,18,45.36,0.058,42.73,42.62,0.26,66.49,0.971,42,1794.62,1038.62,57.87
57,1,57,0,0,DeltaDock,Accessories,30,80.95,0.105,72.45,93.82,-22.78,3.4,0.547,2,144.9,84.9,58.59
57,1,57,0,0,EpsilonCam,Imaging,55,117.7,0.081,108.17,112.21,-3.6,2.09,0.579,2,216.33,106.33,49.15
57,1,57,0,0,ZetaHub,Accessories,22,42.77,0.028,41.57,34.26,21.34,51.95,1.038,26,1080.88,508.88,47.08
57,1,57,0,0,EtaDesk,Furniture,80,221.83,0.019,217.62,264.43,-17.7,7.13,0.687,2,435.23,275.23,63.24
57,1,57,0,0,ThetaMat,Accessories,15,28.43,0.188,23.09,22.61,2.1,9.51,0.512,56,1292.77,452.77,35.02
58,2,58,0,0,AlphaWatch,Wearables,40,109.63,0.017,107.77,98.37,9.55,1.75,0.546,1,107.77,67.77,62.88
58,2,58,0,0,BetaBuds,Audio,25,61.18,0.04,58.73,61.38,-4.31,30.43,0.724,8,469.86,269.86,57.43
58,2,58,0,0,GammaBand,Wearables,18,40.78,0.177,33.56,51.25,-34.51,15.88,0.878,30,1006.86,466.86,46.37
58,2,58,0,0,DeltaDock,Accessories,30,60.59,0.126,52.96,71.92,-26.37,57.23,0.937,5,264.78,114.78,43.35
58,2,58,0,0,EpsilonCam,Imaging,55,127.42,0.169,105.89,140.01,-24.37,17.54,0.513,4,423.54,203.54,48.06
58,2,58,0,0,ZetaHub,Accessories,22,52.88,0.162,44.31,53.33,-16.91,60.52,0.915,20,886.27,446.27,50.35
58,2,58,0,0,EtaDesk,Furniture,80,210.74,0.16,177.02,212.37,-16.64,74.58,1.088,14,2478.3,1358.3,54.81
58,2,58,0,0,ThetaMat,Accessories,15,34.3,0.11,30.53,32.66,-6.53,91.26,1.5,57,1740.04,885.04,50.86
59,3,59,0,0,AlphaWatch,Wearables,40,101.66,0.05,96.58,93.41,3.39,5.39,0.653,1,96.58,56.58,58.58
59,3,59,0,0,BetaBuds,Audio,25,67.14,0.089,61.16,73.71,-17.02,3.48,0.5,4,244.66,144.66,59.13
59,3,59,0,0,GammaBand,Wearables,18,48.13,0.047,45.87,43.36,5.78,132.72,1.5,32,1467.77,891.77,60.76
59,3,59,0,0,DeltaDock,Accessories,30,63.28,0.07,58.85,50.2,17.23,34.21,0.741,4,235.4,115.4,49.02
59,3,59,0,0,EpsilonCam,Imaging,55,128.87,0.064,120.62,139.92,-13.79,49.97,1.003,8,964.98,524.98,54.4
59,3,59,0,0,ZetaHub,Accessories,22,60.43,0.056,57.05,57.26,-0.37,49.06,0.839,20,1140.92,700.92,61.43
59,3,59,0,0,EtaDesk,Furniture,80,149.98,0.072,139.18,162.78,-14.5,51.89,0.936,7,974.27,414.27,42.52
59,3,59,0,0,ThetaMat,Accessories,15,34.44,0.083,31.58,35.84,-11.88,31.35,0.781,33,1042.19,547.19,52.5
60,4,60,0,0,AlphaWatch,Wearables,40,83.79,0.028,81.44,101.42,-19.7,20.91,0.915,11,895.88,455.88,50.89
60,4,60,0,0,BetaBuds,Audio,25,56.62,0.042,54.24,49.57,9.42,38.19,0.856,12,650.9,350.9,53.91
60,4,60,0,0,GammaBand,Wearables,18,37.61,0.069,35.01,34.79,0.65,60.43,0.854,33,1155.49,561.49,48.59
60,4,60,0,0,DeltaDock,Accessories,30,60.44,0.105,54.09,71.26,-24.09,21.62,0.688,4,216.38,96.38,44.54
60,4,60,0,0,EpsilonCam,Imaging,55,127.2,0.054,120.33,126.96,-5.22,12.16,1.015,4,481.32,261.32,54.29
60,4,60,0,0,ZetaHub,Accessories,22,40.39,0.133,35.02,39.28,-10.85,11.01,0.584,22,770.4,286.4,37.18
60,4,60,0,0,EtaDesk,Furniture,80,212.31,0.107,189.59,196.43,-3.48,18.36,0.542,2,379.19,219.19,57.8
60,4,60,0,0,ThetaMat,Accessories,15,30.41,0.06,28.59,34.65,-17.5,1.61,0.5,9,257.27,122.27,47.53
61,5,61,1,0,AlphaWatch,Wearables,40,107.73,0.147,91.89,109.61,-16.16,3.25,0.518,2,183.79,103.79,56.47
61,5,61,1,0,BetaBuds,Audio,25,60.72,0.176,50.03,54.46,-8.13,0.15,0.509,2,100.07,50.07,50.03
61,5,61,1,0,GammaBand,Wearables,18,44.85,0.065,41.93,38.63,8.55,4.1,0.637,14,587.09,335.09,57.08
61,5,61,1,0,DeltaDock,Accessories,30,57.96,0.038,55.76,53.86,3.52,27.28,1.078,8,446.06,206.06,46.2
61,5,61,1,0,EpsilonCam,Imaging,55,106.29,0.055,100.44,98.25,2.23,68.72,1.001,6,602.66,272.66,45.24
61,5,61,1,0,ZetaHub,Accessories,22,47.62,0.159,40.05,54.87,-27.01,27.26,1.116,26,1041.26,469.26,45.07
61,5,61,1,0,EtaDesk,Furniture,80,156.45,0.143,134.08,143.31,-6.44,5.98,0.699,3,402.23,162.23,40.33
61,5,61,1,0,ThetaMat,Accessories,15,30.14,0.08,27.73,27.88,-0.54,46.17,0.997,44,1220.07,560.07,45.9
62,6,62,1,0,AlphaWatch,Wearables,40,70.64,0.158,59.48,69.93,-14.95,16.41,0.737,6,356.87,116.87,32.75
62,6,62,1,0,BetaBuds,Audio,25,63.16,0.101,56.78,63.6,-10.72,4.25,0.5,6,340.69,190.69,55.97
62,6,62,1,0,GammaBand,Wearables,18,46.97,0.14,40.39,46.78,-13.65,70.39,1.289,39,1575.37,873.37,55.44
62,6,62,1,0,DeltaDock,Accessories,30,73.98,0.02,72.5,84.62,-14.32,48.39,0.892,2,145.0,85.0,58.62
62,6,62,1,0,EpsilonCam,Imaging,55,133.47,0.152,113.18,120.71,-6.24,72.48,1.104,6,679.1,349.1,51.41
62,6,62,1,0,ZetaHub,Accessories,22,51.18,0.044,48.93,58.79,-16.77,11.22,0.747,18,880.71,484.71,55.04
62,6,62,1,0,EtaDesk,Furniture,80,203.18,0.082,186.52,230.24,-18.99,21.5,0.671,3,559.56,319.56,57.11
62,6,62,1,0,ThetaMat,Accessories,15,39.63,0.021,38.8,37.33,3.93,49.0,1.063,26,1008.74,618.74,61.34
63,0,63,0,0,AlphaWatch,Wearables,40,85.01,0.041,81.52,83.79,-2.7,49.63,0.972,13,1059.82,539.82,50.94
63,0,63,0,0,BetaBuds,Audio,25,47.67,0.051,45.24,59.88,-24.45,13.36,0.705,14,633.34,283.34,44.74
63,0,63,0,0,GammaBand,Wearables,18,41.26,0.037,39.73,44.55,-10.81,18.53,0.586,16,635.73,347.73,54.7
63,0,63,0,0,DeltaDock,Accessories,30,59.14,0.075,54.7,56.1,-2.49,37.11,0.852,2,109.41,49.41,45.16
63,0,63,0,0,EpsilonCam,Imaging,55,159.96,0.009,158.52,173.5,-8.63,8.24,0.5,1,158.52,103.52,65.3
63,0,63,0,0,ZetaHub,Accessories,22,55.1,0.065,51.52,63.86,-19.33,7.05,0.594,6,309.11,177.11,57.3
63,0,63,0,0,EtaDesk,Furniture,80,206.61,0.131,179.54,176.92,1.48,16.02,0.758,1,179.54,99.54,55.44
63,0,63,0,0,ThetaMat,Accessories,15,34.12,0.089,31.08,42.04,-26.06,6.83,0.508,17,528.42,273.42,51.74
64,1,64,0,0,AlphaWatch,Wearables,40,85.11,0.052,80.68,81.42,-0.9,16.59,0.75,4,322.74,162.74,50.42
64,1,64,0,0,BetaBuds,Audio,25,45.58,0.113,40.43,36.37,11.16,88.45,1.121,31,1253.31,478.31,38.16
64,1,64,0,0,GammaBand,Wearables,18,42.16,0.023,41.19,48.43,-14.95,3.66,0.543,8,329.52,185.52,56.3
64,1,64,0,0,DeltaDock,Accessories,30,81.3,0.093,73.74,84.72,-12.96,55.18,1.054,6,442.43,262.43,59.32
64,1,64,0,0,EpsilonCam,Imaging,55,122.01,0.057,115.06,140.86,-18.32,9.36,0.5,3,345.17,180.17,52.2
64,1,64,0,0,ZetaHub,Accessories,22,53.9,0.026,52.5,50.44,4.08,22.53,0.725,7,367.49,213.49,58.09
64,1,64,0,0,EtaDesk,Furniture,80,185.4,0.053,175.57,195.0,-9.96,10.65,0.5,1,175.57,95.57,54.44
64,1,64,0,0,ThetaMat,Accessories,15,29.55,0.093,26.8,27.78,-3.52,19.3,0.749,49,1313.29,578.29,44.03
65,2,65,0,0,AlphaWatch,Wearables,40,104.57,0.126,91.39,108.86,-16.04,7.95,0.638,2,182.79,102.79,56.23
65,2,65,0,0,BetaBuds,Audio,25,63.96,0.009,63.38,76.38,-17.01,24.26,0.822,6,380.31,230.31,60.56
65,2,65,0,0,GammaBand,Wearables,18,45.64,0.009,45.23,47.69,-5.16,20.96,0.647,16,723.67,435.67,60.2
65,2,65,0,0,DeltaDock,Accessories,30,74.71,0.049,71.05,69.1,2.82,42.19,0.703,2,142.1,82.1,57.78
65,2,65,0,0,EpsilonCam,Imaging,55,124.08,0.063,116.26,124.32,-6.48,0.18,0.534,1,116.26,61.26,52.69
65,2,65,0,0,ZetaHub,Accessories,22,59.45,0.117,52.49,57.2,-8.23,19.09,0.625,9,472.45,274.45,58.09
65,2,65,0,0,EtaDesk,Furniture,80,163.67,0.112,145.34,190.33,-23.64,26.14,1.075,9,1308.05,588.05,44.96
65,2,65,0,0,ThetaMat,Accessories,15,29.81,0.105,26.68,28.74,-7.17,61.1,0.893,59,1574.12,689.12,43.78
66,3,66,0,0,AlphaWatch,Wearables,40,92.56,0.02,90.71,82.38,10.11,15.64,1.071,3,272.13,152.13,55.9
66,3,66,0,0,BetaBuds,Audio,25,57.43,0.085,52.55,56.6,-7.16,32.88,1.106,17,893.32,468.32,52.42
66,3,66,0,0,GammaBand,Wearables,18,41.58,0.01,41.16,44.5,-7.5,67.54,0.973,42,1728.9,972.9,56.27
66,3,66,0,0,DeltaDock,Accessories,30,55.7,0.052,52.8,53.27,-0.88,8.21,0.5,1,52.8,22.8,43.19
66,3,66,0,0,EpsilonCam,Imaging,55,128.81,0.037,124.04,147.43,-15.86,42.41,1.032,4,496.18,276.18,55.66
66,3,66,0,0,ZetaHub,Accessories,22,45.66,0.102,41.0,45.76,-10.4,24.31,1.02,31,1271.08,589.08,46.34
66,3,66,0,0,EtaDesk,Furniture,80,135.88,0.097,122.7,137.56,-10.8,2.27,0.5,3,368.1,128.1,34.8
66,3,66,0,0,ThetaMat,Accessories,15,38.27,0.106,34.21,34.9,-1.97,25.4,0.609,19,650.05,365.05,56.16
67,4,67,0,0,AlphaWatch,Wearables,40,96.03,0.129,83.64,85.77,-2.48,7.92,0.695,3,250.93,130.93,52.18
67,4,67,0,0,BetaBuds,Audio,25,52.72,0.018,51.77,43.97,17.74,52.73,1.226,13,673.02,348.02,51.71
67,4,67,0,0,GammaBand,Wearables,18,44.76,0.018,43.95,52.01,-15.49,12.68,0.639,10,439.54,259.54,59.05
67,4,67,0,0,DeltaDock,Accessories,30,64.45,0.078,59.42,65.27,-8.96,10.89,0.775,2,118.85,58.85,49.51
67,4,67,0,0,EpsilonCam,Imaging,55,113.16,0.067,105.58,102.97,2.53,61.21,0.852,4,422.31,202.31,47.91
67,4,67,0,0,ZetaHub,Accessories,22,61.09,0.027,59.44,60.77,-2.19,20.98,0.845,13,772.73,486.73,62.99
67,4,67,0,0,EtaDesk,Furniture,80,157.84,0.095,142.85,157.27,-9.17,10.09,0.577,3,428.54,188.54,44.0
67,4,67,0,0,ThetaMat,Accessories,15,27.38,0.05,26.01,27.05,-3.84,40.35,0.56,45,1170.49,495.49,42.33
68,5,68,1,0,AlphaWatch,Wearables,40,110.68,0.033,107.03,114.98,-6.92,27.92,0.824,3,321.08,201.08,62.63
68,5,68,1,0,BetaBuds,Audio,25,68.34,0.043,65.4,77.41,-15.51,89.09,1.182,8,523.21,323.21,61.77
68,5,68,1,0,GammaBand,Wearables,18,33.84,0.138,29.17,29.44,-0.92,15.05,0.5,34,991.78,379.78,38.29
68,5,68,1,0,DeltaDock,Accessories,30,82.88,0.026,80.73,76.81,5.1,18.96,0.704,2,161.45,101.45,62.84
68,5,68,1,0,EpsilonCam,Imaging,55,116.81,0.143,100.11,110.53,-9.43,8.06,0.5,2,200.21,90.21,45.06
68,5,68,1,0,ZetaHub,Accessories,22,58.63,0.071,54.47,59.11,-7.85,23.46,0.67,12,653.61,389.61,59.61
68,5,68,1,0,EtaDesk,Furniture,80,162.79,0.057,153.51,143.42,7.04,72.47,1.012,5,767.55,367.55,47.89
68,5,68,1,0,ThetaMat,Accessories,15,32.95,0.084,30.18,35.06,-13.91,103.53,1.5,71,2142.94,1077.94,50.3
69,6,69,1,0,AlphaWatch,Wearables,40,95.51,0.106,85.39,94.63,-9.77,5.24,0.538,4,341.54,181.54,53.15
69,6,69,1,0,BetaBuds,Audio,25,66.08,0.095,59.8,59.73,0.12,31.75,0.685,13,777.43,452.43,58.2
69,6,69,1,0,GammaBand,Wearables,18,31.83,0.059,29.95,36.38,-17.67,42.98,0.871,69,2066.69,824.69,39.9
69,6,69,1,0,DeltaDock,Accessories,30,66.32,0.166,55.31,63.67,-13.13,8.43,0.5,3,165.93,75.93,45.76
69,6,69,1,0,EpsilonCam,Imaging,55,145.26,0.168,120.86,166.85,-27.57,68.46,0.998,7,845.99,460.99,54.49
69,6,69,1,0,ZetaHub,Accessories,22,59.05,0.083,54.15,49.56,9.26,100.25,1.5,19,1028.83,610.83,59.37
69,6,69,1,0,EtaDesk,Furniture,80,162.17,0.048,154.39,159.63,-3.29,17.97,0.538,4,617.54,297.54,48.18
69,6,69,1,0,ThetaMat,Accessories,15,34.1,0.171,28.27,31.55,-10.4,16.75,0.689,75,2120.17,995.17,46.94
70,0,70,0,0,AlphaWatch,Wearables,40,107.99,0.189,87.58,115.93,-24.45,10.03,0.837,5,437.9,237.9,54.33
70,0,70,0,0,BetaBuds,Audio,25,60.69,0.035,58.57,61.92,-5.42,31.16,0.977,6,351.4,201.4,57.31
70,0,70,0,0,GammaBand,Wearables,18,41.85,0.062,39.26,45.08,-12.92,3.83,0.5,10,392.55,212.55,54.15
70,0,70,0,0,DeltaDock,Accessories,30,56.9,0.029,55.25,58.55,-5.64,5.05,0.5,1,55.25,25.25,45.7
70,0,70,0,0,EpsilonCam,Imaging,55,117.41,0.017,115.41,125.74,-8.21,40.22,1.01,5,577.07,302.07,52.35
70,0,70,0,0,ZetaHub,Accessories,22,51.31,0.068,47.82,48.0,-0.37,2.86,0.557,3,143.46,77.46,54.0
70,0,70,0,0,EtaDesk,Furniture,80,150.11,0.08,138.1,127.25,8.53,6.75,0.573,2,276.2,116.2,42.07
70,0,70,0,0,ThetaMat,Accessories,15,37.6,0.033,36.36,36.78,-1.14,21.84,0.71,18,654.47,384.47,58.74
71,1,71,0,0,AlphaWatch,Wearables,40,90.74,0.008,90.01,86.46,4.11,87.08,1.178,6,540.08,300.08,55.56
71,1,71,0,0,BetaBuds,Audio,25,69.65,0.043,66.66,65.62,1.58,87.44,1.281,13,866.52,541.52,62.49
71,1,71,0,0,GammaBand,Wearables,18,39.35,0.092,35.73,41.03,-12.92,3.29,0.645,12,428.76,212.76,49.62
71,1,71,0,0,DeltaDock,Accessories,30,80.15,0.038,77.1,84.08,-8.3,37.25,0.558,2,154.21,94.21,61.09
71,1,71,0,0,EpsilonCam,Imaging,55,139.99,0.008,138.87,164.81,-15.74,44.15,0.869,3,416.61,251.61,60.39
71,1,71,0,0,ZetaHub,Accessories,22,44.91,0.25,33.68,46.38,-27.38,20.91,0.851,35,1178.89,408.89,34.68
71,1,71,0,0,EtaDesk,Furniture,80,189.64,0.064,177.5,221.59,-19.9,88.3,1.093,6,1065.02,585.02,54.93
71,1,71,0,0,ThetaMat,Accessories,15,32.49,0.04,31.19,33.83,-7.8,9.33,0.5,19,592.62,307.62,51.91
72,2,72,0,0,AlphaWatch,Wearables,40,107.21,0.124,93.92,122.48,-23.32,107.32,1.379,12,1126.99,646.99,57.41
72,2,72,0,0,BetaBuds,Audio,25,58.17,0.053,55.09,65.48,-15.87,32.53,0.963,9,495.78,270.78,54.62
72,2,72,0,0,GammaBand,Wearables,18,34.48,0.07,32.07,32.47,-1.24,50.21,0.986,55,1763.65,773.65,43.87
72,2,72,0,0,DeltaDock,Accessories,30,71.71,0.001,71.64,64.62,10.86,33.26,0.729,2,143.28,83.28,58.12
72,2,72,0,0,EpsilonCam,Imaging,55,104.79,0.208,82.99,99.56,-16.64,2.98,0.612,3,248.98,83.98,33.73
72,2,72,0,0,ZetaHub,Accessories,22,51.79,0.068,48.27,59.13,-18.37,38.44,0.634,12,579.22,315.22,54.42
72,2,72,0,0,EtaDesk,Furniture,80,193.9,0.205,154.15,180.33,-14.52,65.61,0.969,8,1233.2,593.2,48.1
72,2,72,0,0,ThetaMat,Accessories,15,27.12,0.202,21.64,37.98,-43.02,8.47,0.5,41,887.31,272.31,30.69
73,3,73,0,0,AlphaWatch,Wearables,40,96.39,0.027,93.79,112.65,-16.74,21.93,0.5,2,187.57,107.57,57.35
73,3,73,0,0,BetaBuds,Audio,25,71.8,0.008,71.23,70.76,0.66,21.56,0.63,4,284.9,184.9,64.9
73,3,73,0,0,GammaBand,Wearables,18,37.62,0.03,36.49,33.42,9.19,42.87,0.902,17,620.35,314.35,50.67
73,3,73,0,0,DeltaDock,Accessories,30,68.11,0.1,61.3,64.68,-5.23,6.29,0.596,1,61.3,31.3,51.06
73,3,73,0,0,EpsilonCam,Imaging,55,92.61,0.03,89.83,99.86,-10.04,2.8,0.5,2,179.66,69.66,38.77
73,3,73,0,0,ZetaHub,Accessories,22,44.96,0.122,39.47,35.77,10.36,49.86,0.651,29,1144.77,506.77,44.27
73,3,73,0,0,EtaDesk,Furniture,80,187.06,0.04,179.58,187.14,-4.04,7.33,0.615,2,359.16,199.16,55.45
73,3,73,0,0,ThetaMat,Accessories,15,32.04,0.16,26.91,30.52,-11.82,2.69,0.5,9,242.22,107.22,44.27
74,4,74,0,0,AlphaWatch,Wearables,40,85.75,0.008,85.06,90.91,-6.43,32.88,0.724,6,510.38,270.38,52.98
74,4,74,0,0,BetaBuds,Audio,25,52.66,0.215,41.34,43.46,-4.88,4.32,0.5,7,289.37,114.37,39.52
74,4,74,0,0,GammaBand,Wearables,18,31.03,0.173,25.66,33.46,-23.31,27.79,0.51,36,923.83,275.83,29.86
74,4,74,0,0,DeltaDock,Accessories,30,78.08,0.16,65.59,72.51,-9.55,54.35,1.131,6,393.52,213.52,54.26
74,4,74,0,0,EpsilonCam,Imaging,55,125.68,0.018,123.42,125.09,-1.34,4.46,0.511,1,123.42,68.42,55.44
74,4,74,0,0,ZetaHub,Accessories,22,48.51,0.148,41.33,50.22,-17.7,2.45,0.552,10,413.31,193.31,46.77
74,4,74,0,0,EtaDesk,Furniture,80,177.72,0.111,157.99,173.42,-8.9,54.41,0.978,8,1263.94,623.94,49.36
74,4,74,0,0,ThetaMat,Accessories,15,27.03,0.213,21.27,35.15,-39.48,39.13,0.868,90,1914.53,564.53,29.49
75,5,75,1,0,AlphaWatch,Wearables,40,77.85,0.103,69.83,69.43,0.58,69.74,0.85,8,558.65,238.65,42.72
75,5,75,1,0,BetaBuds,Audio,25,45.68,0.05,43.4,50.38,-13.86,46.25,0.806,18,781.13,331.13,42.39
75,5,75,1,0,GammaBand,Wearables,18,38.83,0.03,37.67,44.01,-14.42,50.54,0.94,44,1657.26,865.26,52.21
75,5,75,1,0,DeltaDock,Accessories,30,69.36,0.069,64.57,63.43,1.8,47.62,0.717,6,387.44,207.44,53.54
75,5,75,1,0,EpsilonCam,Imaging,55,123.69,0.076,114.29,134.38,-14.95,8.1,0.574,3,342.87,177.87,51.88
75,5,75,1,0,ZetaHub,Accessories,22,41.33,0.138,35.63,42.67,-16.51,42.16,0.947,34,1211.3,463.3,38.25
75,5,75,1,0,EtaDesk,Furniture,80,212.65,0.14,182.88,209.35,-12.64,14.69,0.5,2,365.76,205.76,56.26
75,5,75,1,0,ThetaMat,Accessories,15,39.11,0.225,30.31,48.14,-37.04,52.78,0.92,62,1879.24,949.24,50.51
76,6,76,1,0,AlphaWatch,Wearables,40,85.44,0.043,81.77,85.37,-4.22,21.92,0.595,4,327.06,167.06,51.08
76,6,76,1,0,BetaBuds,Audio,25,57.75,0.087,52.73,52.31,0.79,53.19,1.053,17,896.34,471.34,52.58
76,6,76,1,0,GammaBand,Wearables,18,45.8,0.099,41.27,42.92,-3.85,39.12,0.697,34,1403.04,791.04,56.38
76,6,76,1,0,DeltaDock,Accessories,30,70.22,0.056,66.29,77.02,-13.93,127.06,1.5,8,530.3,290.3,54.74
76,6,76,1,0,EpsilonCam,Imaging,55,138.9,0.042,133.07,135.82,-2.03,2.85,0.5,1,133.07,78.07,58.67
76,6,76,1,0,ZetaHub,Accessories,22,57.83,0.147,49.33,58.33,-15.43,16.68,0.831,15,739.93,409.93,55.4
76,6,76,1,0,EtaDesk,Furniture,80,160.83,0.083,147.48,162.68,-9.34,30.69,0.75,6,884.89,404.89,45.76
76,6,76,1,0,ThetaMat,Accessories,15,34.99,0.037,33.7,38.32,-12.07,8.89,0.608,13,438.04,243.04,55.48
77,0,77,0,0,AlphaWatch,Wearables,40,93.94,0.023,91.78,101.16,-9.27,10.81,0.5,2,183.56,103.56,56.42
77,0,77,0,0,BetaBuds,Audio,25,62.8,0.193,50.68,60.53,-16.27,2.75,0.5,3,152.04,77.04,50.67
77,0,77,0,0,GammaBand,Wearables,18,32.16,0.035,31.03,41.04,-24.38,8.59,0.577,27,837.93,351.93,42.0
77,0,77,0,0,DeltaDock,Accessories,30,69.6,0.082,63.89,63.84,0.08,77.4,1.123,8,511.14,271.14,53.05
77,0,77,0,0,EpsilonCam,Imaging,55,135.1,0.041,129.56,112.55,15.11,1.16,0.5,1,129.56,74.56,57.55
77,0,77,0,0,ZetaHub,Accessories,22,41.19,0.057,38.84,33.78,14.99,21.77,0.625,26,1009.9,437.9,43.36
77,0,77,0,0,EtaDesk,Furniture,80,176.22,0.019,172.87,202.14,-14.48,24.68,0.771,7,1210.1,650.1,53.72
77,0,77,0,0,ThetaMat,Accessories,15,36.25,0.085,33.17,36.26,-8.53,17.37,0.803,23,762.88,417.88,54.78
78,1,78,0,0,AlphaWatch,Wearables,40,80.83,0.133,70.08,72.34,-3.12,46.86,0.729,7,490.56,210.56,42.92
78,1,78,0,0,BetaBuds,Audio,25,49.16,0.065,45.96,38.31,19.98,108.52,1.5,55,2528.05,1153.05,45.61
78,1,78,0,0,GammaBand,Wearables,18,46.86,0.281,33.69,44.98,-25.09,1.67,0.533,11,370.62,172.62,46.58
78,1,78,0,0,DeltaDock,Accessories,30,67.17,0.034,64.89,61.28,5.88,21.01,0.629,2,129.77,69.77,53.77
78,1,78,0,0,EpsilonCam,Imaging,55,121.44,0.029,117.92,136.56,-13.65,9.41,0.637,3,353.75,188.75,53.36
78,1,78,0,0,ZetaHub,Accessories,22,36.52,0.081,33.56,33.45,0.33,3.88,0.5,9,302.06,104.06,34.45
78,1,78,0,0,EtaDesk,Furniture,80,212.93,0.102,191.21,233.24,-18.02,9.14,0.727,1,191.21,111.21,58.16
78,1,78,0,0,ThetaMat,Accessories,15,36.13,0.124,31.65,40.95,-22.71,4.56,0.5,11,348.15,183.15,52.61
79,2,79,0,0,AlphaWatch,Wearables,40,108.2,0.039,103.98,114.94,-9.54,4.89,0.615,2,207.96,127.96,61.53
79,2,79,0,0,BetaBuds,Audio,25,66.47,0.019,65.21,76.24,-14.47,70.89,1.154,17,1108.52,683.52,61.66
79,2,79,0,0,GammaBand,Wearables,18,37.47,0.087,34.21,31.5,8.6,17.32,0.749,28,957.88,453.88,47.38
79,2,79,0,0,DeltaDock,Accessories,30,63.22,0.099,56.96,57.63,-1.16,9.57,0.527,2,113.92,53.92,47.33
79,2,79,0,0,EpsilonCam,Imaging,55,109.23,0.162,91.53,122.27,-25.14,42.38,1.0,17,1556.09,621.09,39.91
79,2,79,0,0,ZetaHub,Accessories,22,43.08,0.128,37.57,46.37,-18.99,28.85,0.972,29,1089.41,451.41,41.44
79,2,79,0,0,EtaDesk,Furniture,80,170.77,0.029,165.82,167.88,-1.23,22.3,0.779,4,663.27,343.27,51.75
79,2,79,0,0,ThetaMat,Accessories,15,28.2,0.029,27.38,25.44,7.63,108.41,1.5,95,2601.31,1176.31,45.22
80,3,80,0,0,AlphaWatch,Wearables,40,109.88,0.113,97.46,118.76,-17.93,12.3,0.793,3,292.39,172.39,58.96
80,3,80,0,0,BetaBuds,Audio,25,52.65,0.087,48.07,47.83,0.5,16.08,0.919,16,769.11,369.11,47.99
80,3,80,0,0,GammaBand,Wearables,18,41.63,0.107,37.18,40.0,-7.06,7.22,0.5,24,892.21,460.21,51.58
80,3,80,0,0,DeltaDock,Accessories,30,79.96,0.046,76.28,82.09,-7.08,26.37,0.519,2,152.56,92.56,60.67
80,3,80,0,0,EpsilonCam,Imaging,55,133.57,0.014,131.7,143.73,-8.37,109.19,1.409,6,790.2,460.2,58.24
80,3,80,0,0,ZetaHub,Accessories,22,50.33,0.042,48.22,45.25,6.56,31.92,0.81,15,723.24,393.24,54.37
80,3,80,0,0,EtaDesk,Furniture,80,200.48,0.044,191.66,176.18,8.79,23.23,0.679,3,574.98,334.98,58.26
80,3,80,0,0,ThetaMat,Accessories,15,27.17,0.14,23.37,25.28,-7.57,8.72,0.655,33,771.08,276.08,35.8
81,4,81,0,0,AlphaWatch,Wearables,40,102.11,0.084,93.53,104.61,-10.59,98.73,1.253,9,841.79,481.79,57.23
81,4,81,0,0,BetaBuds,Audio,25,61.84,0.006,61.47,63.56,-3.29,48.67,0.831,12,737.63,437.63,59.33
81,4,81,0,0,GammaBand,Wearables,18,31.83,0.055,30.08,25.81,16.54,8.27,0.5,11,330.87,132.87,40.16
81,4,81,0,0,DeltaDock,Accessories,30,57.72,0.035,55.7,60.12,-7.35,10.26,0.5,2,111.4,51.4,46.14
81,4,81,0,0,EpsilonCam,Imaging,55,138.16,0.003,137.75,127.22,8.27,5.74,0.5,1,137.75,82.75,60.07
81,4,81,0,0,ZetaHub,Accessories,22,53.91,0.033,52.13,61.41,-15.11,24.04,0.813,13,677.7,391.7,57.8
81,4,81,0,0,EtaDesk,Furniture,80,198.75,0.068,185.24,210.33,-11.93,36.39,0.667,2,370.47,210.47,56.81
81,4,81,0,0,ThetaMat,Accessories,15,35.94,0.14,30.91,35.66,-13.32,47.96,0.926,68,2101.77,1081.77,51.47
82,5,82,1,0,AlphaWatch,Wearables,40,77.0,0.015,75.84,66.72,13.68,35.93,1.013,9,682.6,322.6,47.26
82,5,82,1,0,BetaBuds,Audio,25,68.64,0.038,66.03,65.02,1.56,1.02,0.5,2,132.06,82.06,62.14
82,5,82,1,0,GammaBand,Wearables,18,33.68,0.056,31.79,36.38,-12.61,36.54,0.874,74,2352.75,1020.75,43.39
82,5,82,1,0,DeltaDock,Accessories,30,58.01,0.208,45.94,48.54,-5.35,15.66,0.557,3,137.83,47.83,34.7
82,5,82,1,0,EpsilonCam,Imaging,55,119.14,0.022,116.52,114.9,1.41,74.11,1.205,6,699.11,369.11,52.8
82,5,82,1,0,ZetaHub,Accessories,22,57.59,0.033,55.69,56.48,-1.4,36.71,0.77,14,779.65,471.65,60.5
82,5,82,1,0,EtaDesk,Furniture,80,185.54,0.097,167.54,209.35,-19.97,7.53,0.756,3,502.63,262.63,52.25
82,5,82,1,0,ThetaMat,Accessories,15,36.09,0.152,30.6,37.02,-17.33,14.5,0.654,26,795.71,405.71,50.99
83,6,83,1,0,AlphaWatch,Wearables,40,82.12,0.066,76.7,87.62,-12.46,22.53,0.703,3,230.1,110.1,47.85
83,6,83,1,0,BetaBuds,Audio,25,61.1,0.004,60.86,60.93,-0.12,9.78,0.523,6,365.13,215.13,58.92
83,6,83,1,0,GammaBand,Wearables,18,37.65,0.099,33.92,36.05,-5.9,35.39,0.823,62,2103.2,987.2,46.94
83,6,83,1,0,DeltaDock,Accessories,30,82.33,0.015,81.1,84.77,-4.34,29.37,0.851,1,81.1,51.1,63.01
83,6,83,1,0,EpsilonCam,Imaging,55,124.51,0.142,106.83,146.61,-27.13,5.45,0.5,2,213.66,103.66,48.52
83,6,83,1,0,ZetaHub,Accessories,22,38.54,0.039,37.04,32.4,14.31,161.83,1.5,65,2407.4,977.4,40.6
83,6,83,1,0,EtaDesk,Furniture,80,194.99,0.021,190.9,191.43,-0.28,40.33,0.736,5,954.48,554.48,58.09
83,6,83,1,0,ThetaMat,Accessories,15,30.03,0.01,29.73,34.78,-14.52,5.8,0.535,25,743.24,368.24,49.55
84,0,84,0,0,AlphaWatch,Wearables,40,109.81,0.093,99.6,105.64,-5.72,10.48,0.5,2,199.2,119.2,59.84
84,0,84,0,0,BetaBuds,Audio,25,61.75,0.098,55.7,67.05,-16.93,80.71,1.16,16,891.18,491.18,55.12
84,0,84,0,0,GammaBand,Wearables,18,46.19,0.017,45.4,43.59,4.16,6.17,0.544,5,227.02,137.02,60.36
84,0,84,0,0,DeltaDock,Accessories,30,80.85,0.138,69.69,75.39,-7.56,10.19,0.612,1,69.69,39.69,56.95
84,0,84,0,0,EpsilonCam,Imaging,55,147.95,0.023,144.55,177.14,-18.4,18.06,0.628,2,289.09,179.09,61.95
84,0,84,0,0,ZetaHub,Accessories,22,56.1,0.142,48.13,63.23,-23.88,0.55,0.541,6,288.8,156.8,54.29
84,0,84,0,0,EtaDesk,Furniture,80,190.35,0.149,161.99,208.42,-22.28,15.23,0.79,4,647.95,327.95,50.61
84,0,84,0,0,ThetaMat,Accessories,15,32.36,0.088,29.51,30.69,-3.84,27.02,0.754,44,1298.54,638.54,49.17
85,1,85,0,0,AlphaWatch,Wearables,40,92.47,0.017,90.9,91.01,-0.12,14.99,0.566,3,272.69,152.69,55.99
85,1,85,0,0,BetaBuds,Audio,25,48.33,0.048,46.01,46.63,-1.33,43.89,0.839,18,828.18,378.18,45.66
85,1,85,0,0,GammaBand,Wearables,18,42.34,0.093,38.4,48.39,-20.64,40.45,0.808,26,998.46,530.46,53.13
85,1,85,0,0,DeltaDock,Accessories,30,79.77,0.016,78.49,91.35,-14.07,15.73,0.5,2,156.99,96.99,61.78
85,1,85,0,0,EpsilonCam,Imaging,55,152.9,0.009,151.52,139.25,8.81,0.62,0.506,1,151.52,96.52,63.7
85,1,85,0,0,ZetaHub,Accessories,22,46.58,0.036,44.9,35.3,27.2,49.66,0.809,16,718.45,366.45,51.01
85,1,85,0,0,EtaDesk,Furniture,80,173.91,0.097,157.04,156.9,0.09,17.4,0.896,2,314.08,154.08,49.06
85,1,85,0,0,ThetaMat,Accessories,15,35.21,0.01,34.86,39.58,-11.93,6.83,0.5,21,732.02,417.02,56.97
86,2,86,0,0,AlphaWatch,Wearables,40,106.15,0.102,95.32,99.07,-3.78,88.22,1.146,7,667.26,387.26,58.04
86,2,86,0,0,BetaBuds,Audio,25,61.9,0.203,49.33,62.72,-21.34,27.96,0.802,11,542.68,267.68,49.33
86,2,86,0,0,GammaBand,Wearables,18,39.29,0.014,38.74,49.77,-22.16,98.8,1.389,57,2208.18,1182.18,53.54
86,2,86,0,0,DeltaDock,Accessories,30,63.4,0.084,58.07,64.8,-10.38,20.99,0.68,2,116.15,56.15,48.34
86,2,86,0,0,EpsilonCam,Imaging,55,156.03,0.005,155.25,184.58,-15.89,64.46,1.076,5,776.25,501.25,64.57
86,2,86,0,0,ZetaHub,Accessories,22,55.01,0.125,48.13,52.72,-8.7,10.03,0.5,9,433.2,235.2,54.29
86,2,86,0,0,EtaDesk,Furniture,80,175.0,0.025,170.62,154.19,10.66,27.44,0.606,2,341.25,181.25,53.11
86,2,86,0,0,ThetaMat,Accessories,15,28.58,0.044,27.32,26.22,4.2,6.56,0.5,15,409.84,184.84,45.1
87,3,87,0,0,AlphaWatch,Wearables,40,76.79,0.083,70.42,81.33,-13.42,5.39,0.553,3,211.25,91.25,43.2
87,3,87,0,0,BetaBuds,Audio,25,50.16,0.024,48.96,54.18,-9.64,4.05,0.516,7,342.69,167.69,48.93
87,3,87,0,0,GammaBand,Wearables,18,40.74,0.099,36.71,46.61,-21.25,2.76,0.518,10,367.07,187.07,50.96
87,3,87,0,0,DeltaDock,Accessories,30,70.22,0.024,68.53,59.81,14.59,19.42,0.665,2,137.07,77.07,56.23
87,3,87,0,0,EpsilonCam,Imaging,55,123.93,0.202,98.9,137.36,-28.0,56.07,0.772,10,988.96,438.96,44.39
87,3,87,0,0,ZetaHub,Accessories,22,43.84,0.017,43.09,41.58,3.64,11.97,0.5,10,430.95,210.95,48.95
87,3,87,0,0,EtaDesk,Furniture,80,231.04,0.09,210.25,207.77,1.19,75.85,1.147,5,1051.23,651.23,61.95
87,3,87,0,0,ThetaMat,Accessories,15,37.01,0.024,36.12,35.71,1.15,35.12,0.788,40,1444.87,844.87,58.47
88,4,88,0,0,AlphaWatch,Wearables,40,95.95,0.019,94.13,109.96,-14.4,0.39,0.654,2,188.25,108.25,57.5
88,4,88,0,0,BetaBuds,Audio,25,47.88,0.007,47.54,48.57,-2.11,7.24,0.5,7,332.81,157.81,47.42
88,4,88,0,0,GammaBand,Wearables,18,46.83,0.054,44.3,49.36,-10.25,9.54,0.535,8,354.41,210.41,59.37
88,4,88,0,0,DeltaDock,Accessories,30,82.63,0.116,73.04,80.95,-9.77,42.25,0.864,3,219.13,129.13,58.93
88,4,88,0,0,EpsilonCam,Imaging,55,139.42,0.323,94.39,155.49,-39.3,2.63,0.583,3,283.16,118.16,41.73
88,4,88,0,0,ZetaHub,Accessories,22,44.96,0.018,44.15,46.9,-5.86,27.07,0.773,12,529.81,265.81,50.17
88,4,88,0,0,EtaDesk,Furniture,80,154.3,0.041,147.97,172.02,-13.98,2.76,0.707,3,443.92,203.92,45.94
88,4,88,0,0,ThetaMat,Accessories,15,40.57,0.155,34.28,39.85,-13.97,80.13,1.236,53,1816.93,1021.93,56.24
89,5,89,1,0,AlphaWatch,Wearables,40,85.27,0.037,82.12,85.01,-3.41,35.7,0.857,7,574.81,294.81,51.29
89,5,89,1,0,BetaBuds,Audio,25,61.02,0.112,54.19,65.97,-17.86,2.63,0.763,8,433.49,233.49,53.86
89,5,89,1,0,GammaBand,Wearables,18,35.32,0.099,31.82,34.81,-8.58,53.43,1.122,56,1782.11,774.11,43.44
89,5,89,1,0,DeltaDock,Accessories,30,85.83,0.121,75.44,92.99,-18.87,8.66,0.652,2,150.89,90.89,60.24
89,5,89,1,0,EpsilonCam,Imaging,55,142.68,0.027,138.83,138.67,0.11,13.62,0.792,2,277.66,167.66,60.38
89,5,89,1,0,ZetaHub,Accessories,22,40.36,0.006,40.12,34.11,17.61,77.98,1.282,32,1283.77,579.77,45.16
89,5,89,1,0,EtaDesk,Furniture,80,224.8,0.039,216.03,228.5,-5.46,17.19,0.501,2,432.07,272.07,62.97
89,5,89,1,0,ThetaMat,Accessories,15,31.01,0.24,23.57,27.04,-12.84,1.16,0.5,23,542.05,197.05,36.35
90,6,90,1,0,AlphaWatch,Wearables,40,77.82,0.047,74.16,76.5,-3.06,74.48,1.136,15,1112.44,512.44,46.06
90,6,90,1,0,BetaBuds,Audio,25,55.87,0.073,51.79,52.4,-1.16,26.72,0.687,16,828.66,428.66,51.73
90,6,90,1,0,GammaBand,Wearables,18,45.45,0.056,42.9,48.14,-10.87,15.67,0.73,13,557.76,323.76,58.05
90,6,90,1,0,DeltaDock,Accessories,30,57.92,0.201,46.28,56.64,-18.29,25.43,0.731,4,185.11,65.11,35.17
90,6,90,1,0,EpsilonCam,Imaging,55,125.85,0.044,120.31,122.34,-1.66,47.86,0.837,6,721.88,391.88,54.29
90,6,90,1,0,ZetaHub,Accessories,22,64.77,0.042,62.05,70.72,-12.26,14.99,0.989,14,868.7,560.7,64.54
90,6,90,1,0,EtaDesk,Furniture,80,218.49,0.068,203.63,217.2,-6.25,34.92,0.812,6,1221.8,741.8,60.71
90,6,90,1,0,ThetaMat,Accessories,15,41.03,0.168,34.14,41.44,-17.62,24.94,0.501,27,921.7,516.7,56.06
91,0,91,0,0,AlphaWatch,Wearables,40,84.88,0.295,59.84,79.09,-24.34,23.57,0.666,9,538.56,178.56,33.16
91,0,91,0,0,BetaBuds,Audio,25,71.59,0.114,63.43,74.16,-14.47,71.9,1.288,16,1014.86,614.86,60.59
91,0,91,0,0,GammaBand,Wearables,18,38.53,0.034,37.22,31.85,16.86,2.37,0.5,11,409.42,211.42,51.64
91,0,91,0,0,DeltaDock,Accessories,30,64.64,0.099,58.24,69.57,-16.28,36.33,0.948,7,407.68,197.68,48.49
91,0,91,0,0,EpsilonCam,Imaging,55,120.79,0.052,114.51,149.47,-23.39,2.37,0.817,2,229.02,119.02,51.97
91,0,91,0,0,ZetaHub,Accessories,22,40.44,0.174,33.4,38.84,-14.0,23.09,0.823,31,1035.51,353.51,34.14
91,0,91,0,0,EtaDesk,Furniture,80,196.2,0.149,166.97,230.29,-27.5,18.16,0.535,2,333.93,173.93,52.09
91,0,91,0,0,ThetaMat,Accessories,15,33.33,0.142,28.6,39.76,-28.08,20.35,0.666,29,829.32,394.32,47.55
92,1,92,0,0,AlphaWatch,Wearables,40,94.7,0.046,90.34,102.87,-12.18,11.89,0.5,2,180.69,100.69,55.72
92,1,92,0,0,BetaBuds,Audio,25,64.48,0.043,61.71,57.3,7.69,10.55,0.5,2,123.41,73.41,59.49
92,1,92,0,0,GammaBand,Wearables,18,37.92,0.049,36.06,39.81,-9.41,23.37,0.79,45,1622.79,812.79,50.09
92,1,92,0,0,DeltaDock,Accessories,30,66.28,0.067,61.84,64.49,-4.11,23.19,0.786,3,185.52,95.52,51.49
92,1,92,0,0,EpsilonCam,Imaging,55,104.26,0.116,92.17,114.3,-19.36,21.11,0.586,6,553.0,223.0,40.32
92,1,92,0,0,ZetaHub,Accessories,22,47.76,0.016,47.0,43.88,7.1,24.31,0.92,15,704.94,374.94,53.19
92,1,92,0,0,EtaDesk,Furniture,80,173.44,0.142,148.81,169.92,-12.42,49.77,1.07,11,1636.93,756.93,46.24
92,1,92,0,0,ThetaMat,Accessories,15,38.87,0.132,33.74,39.07,-13.64,55.63,1.02,33,1113.39,618.39,55.54
93,2,93,0,0,AlphaWatch,Wearables,40,79.05,0.09,71.94,91.77,-21.61,34.82,0.983,8,575.48,255.48,44.39
93,2,93,0,0,BetaBuds,Audio,25,59.42,0.028,57.76,64.38,-10.29,45.53,1.002,15,866.34,491.34,56.71
93,2,93,0,0,GammaBand,Wearables,18,35.11,0.074,32.51,39.96,-18.64,62.77,0.989,69,2243.32,1001.32,44.64
93,2,93,0,0,DeltaDock,Accessories,30,59.21,0.015,58.32,54.8,6.43,0.28,0.5,1,58.32,28.32,48.56
93,2,93,0,0,EpsilonCam,Imaging,55,106.62,0.11,94.89,110.7,-14.28,5.14,0.5,2,189.78,79.78,42.04
93,2,93,0,0,ZetaHub,Accessories,22,44.19,0.129,38.49,48.14,-20.05,23.89,0.704,21,808.28,346.28,42.84
93,2,93,0,0,EtaDesk,Furniture,80,207.36,0.034,200.31,228.57,-12.36,10.3,0.5,2,400.62,240.62,60.06
93,2,93,0,0,ThetaMat,Accessories,15,30.0,0.078,27.66,18.99,45.66,105.78,1.236,49,1355.34,620.34,45.77
94,3,94,0,0,AlphaWatch,Wearables,40,78.21,0.099,70.47,78.75,-10.52,61.5,0.827,10,704.67,304.67,43.24
94,3,94,0,0,BetaBuds,Audio,25,68.2,0.105,61.04,69.25,-11.86,18.77,0.762,6,366.23,216.23,59.04
94,3,94,0,0,GammaBand,Wearables,18,39.41,0.035,38.03,47.29,-19.58,29.33,0.705,25,950.77,500.77,52.67
94,3,94,0,0,DeltaDock,Accessories,30,72.4,0.009,71.75,62.73,14.38,93.72,1.294,4,286.99,166.99,58.19
94,3,94,0,0,EpsilonCam,Imaging,55,125.41,0.172,103.84,116.92,-11.19,5.24,0.805,4,415.36,195.36,47.03
94,3,94,0,0,ZetaHub,Accessories,22,50.35,0.078,46.42,55.12,-15.78,11.67,0.689,10,464.23,244.23,52.61
94,3,94,0,0,EtaDesk,Furniture,80,158.06,0.153,133.88,156.29,-14.34,17.44,0.834,5,669.38,269.38,40.24
94,3,94,0,0,ThetaMat,Accessories,15,29.76,0.033,28.78,25.27,13.88,4.72,0.534,21,604.34,289.34,47.88
95,4,95,0,0,AlphaWatch,Wearables,40,105.11,0.139,90.5,112.05,-19.23,26.52,0.772,3,271.5,151.5,55.8
95,4,95,0,0,BetaBuds,Audio,25,56.69,0.031,54.93,53.8,2.11,1.9,0.5,4,219.73,119.73,54.49
95,4,95,0,0,GammaBand,Wearables,18,36.9,0.018,36.24,28.07,29.09,4.31,0.5,14,507.3,255.3,50.33
95,4,95,0,0,DeltaDock,Accessories,30,72.59,0.023,70.92,69.3,2.34,20.66,0.5,2,141.84,81.84,57.7
95,4,95,0,0,EpsilonCam,Imaging,55,129.06,0.084,118.22,138.84,-14.85,8.48,0.63,1,118.22,63.22,53.48
95,4,95,0,0,ZetaHub,Accessories,22,46.99,0.045,44.88,49.68,-9.67,27.14,0.563,12,538.51,274.51,50.98
95,4,95,0,0,EtaDesk,Furniture,80,157.51,0.033,152.31,160.4,-5.04,20.86,0.553,4,609.25,289.25,47.48
95,4,95,0,0,ThetaMat,Accessories,15,35.08,0.008,34.8,29.09,19.63,8.6,0.588,12,417.59,237.59,56.9
96,5,96,1,0,AlphaWatch,Wearables,40,85.63,0.142,73.47,71.65,2.54,9.41,0.723,7,514.29,234.29,45.56
96,5,96,1,0,BetaBuds,Audio,25,56.16,0.003,55.99,49.41,13.32,26.91,0.739,7,391.94,216.94,55.35
96,5,96,1,0,GammaBand,Wearables,18,39.07,0.103,35.05,35.27,-0.64,68.6,1.062,84,2943.85,1431.85,48.64
96,5,96,1,0,DeltaDock,Accessories,30,61.46,0.043,58.82,74.66,-21.22,57.66,1.085,5,294.09,144.09,48.99
96,5,96,1,0,EpsilonCam,Imaging,55,127.1,0.064,118.97,110.36,7.8,74.62,0.996,6,713.79,383.79,53.77
96,5,96,1,0,ZetaHub,Accessories,22,44.99,0.108,40.13,47.8,-16.04,47.58,0.8,41,1645.37,743.37,45.18
96,5,96,1,0,EtaDesk,Furniture,80,156.67,0.205,124.55,157.13,-20.73,58.05,1.077,15,1868.29,668.29,35.77
96,5,96,1,0,ThetaMat,Accessories,15,38.65,0.098,34.86,35.93,-2.97,25.73,0.605,15,522.93,297.93,56.97
97,6,97,1,0,AlphaWatch,Wearables,40,77.08,0.094,69.83,83.62,-16.49,54.37,0.846,11,768.18,328.18,42.72
97,6,97,1,0,BetaBuds,Audio,25,55.35,0.123,48.54,58.63,-17.21,45.2,0.887,20,970.84,470.84,48.5
97,6,97,1,0,GammaBand,Wearables,18,45.62,0.069,42.47,55.12,-22.95,39.39,0.935,31,1316.64,758.64,57.62
97,6,97,1,0,DeltaDock,Accessories,30,72.43,0.056,68.37,79.89,-14.41,163.26,1.5,7,478.62,268.62,56.12
97,6,97,1,0,EpsilonCam,Imaging,55,133.12,0.11,118.48,137.08,-13.57,16.55,0.835,2,236.95,126.95,53.58
97,6,97,1,0,ZetaHub,Accessories,22,52.77,0.019,51.77,57.69,-10.27,20.01,0.79,11,569.44,327.44,57.5
97,6,97,1,0,EtaDesk,Furniture,80,174.07,0.05,165.37,187.02,-11.58,26.63,0.751,5,826.83,426.83,51.62
97,6,97,1,0,ThetaMat,Accessories,15,25.89,0.114,22.94,25.48,-9.97,71.85,1.212,141,3234.33,1119.33,34.61
98,0,98,0,0,AlphaWatch,Wearables,40,79.45,0.05,75.48,69.35,8.84,7.07,0.5,2,150.96,70.96,47.0
98,0,98,0,0,BetaBuds,Audio,25,51.63,0.104,46.26,63.69,-27.37,1.69,0.622,4,185.04,85.04,45.96
98,0,98,0,0,GammaBand,Wearables,18,34.78,0.18,28.52,41.0,-30.44,3.17,0.671,24,684.47,252.47,36.89
98,0,98,0,0,DeltaDock,Accessories,30,84.13,0.062,78.91,70.49,11.95,5.54,0.5,1,78.91,48.91,61.98
98,0,98,0,0,EpsilonCam,Imaging,55,130.53,0.064,122.18,136.33,-10.38,17.66,0.658,3,366.53,201.53,54.98
98,0,98,0,0,ZetaHub,Accessories,22,52.77,0.028,51.29,57.21,-10.34,8.77,0.718,17,871.97,497.97,57.11
98,0,98,0,0,EtaDesk,Furniture,80,175.92,0.079,162.02,163.63,-0.98,40.62,0.686,3,486.07,246.07,50.62
98,0,98,0,0,ThetaMat,Accessories,15,38.51,0.035,37.16,44.49,-16.47,3.48,0.607,6,222.97,132.97,59.64
99,1,99,0,0,AlphaWatch,Wearables,40,90.65,0.007,90.02,103.82,-13.3,13.1,0.68,2,180.03,100.03,55.56
99,1,99,0,0,BetaBuds,Audio,25,53.59,0.151,45.5,45.56,-0.14,11.8,0.797,7,318.49,143.49,45.05
99,1,99,0,0,GammaBand,Wearables,18,38.43,0.118,33.9,38.31,-11.52,19.42,0.5,27,915.17,429.17,46.9
99,1,99,0,0,DeltaDock,Accessories,30,64.37,0.031,62.37,64.94,-3.95,9.04,0.539,2,124.75,64.75,51.9
99,1,99,0,0,EpsilonCam,Imaging,55,104.45,0.171,86.59,121.02,-28.45,67.23,1.254,13,1125.66,410.66,36.48
99,1,99,0,0,ZetaHub,Accessories,22,51.0,0.037,49.11,52.99,-7.32,0.1,0.59,2,98.23,54.23,55.21
99,1,99,0,0,EtaDesk,Furniture,80,195.29,0.087,178.3,213.07,-16.32,8.96,0.618,3,534.9,294.9,55.13
99,1,99,0,0,ThetaMat,Accessories,15,39.62,0.093,35.94,42.19,-14.82,10.86,0.764,25,898.38,523.38,58.26
100,2,100,0,0,AlphaWatch,Wearables,40,104.95,0.177,86.37,107.74,-19.83,37.78,0.758,6,518.24,278.24,53.69
100,2,100,0,0,BetaBuds,Audio,25,64.05,0.046,61.1,77.02,-20.67,38.28,0.555,6,366.62,216.62,59.09
100,2,100,0,0,GammaBand,Wearables,18,38.14,0.029,37.03,36.47,1.55,9.15,0.501,11,407.37,209.37,51.4
100,2,100,0,0,DeltaDock,Accessories,30,77.16,0.14,66.36,67.52,-1.72,38.03,0.773,2,132.72,72.72,54.79
100,2,100,0,0,EpsilonCam,Imaging,55,110.89,0.044,106.01,95.8,10.66,25.12,0.584,5,530.05,255.05,48.12
100,2,100,0,0,ZetaHub,Accessories,22,54.38,0.046,51.88,64.6,-19.69,14.9,0.633,10,518.79,298.79,57.59
100,2,100,0,0,EtaDesk,Furniture,80,170.94,0.118,150.77,165.53,-8.92,19.29,0.807,4,603.08,283.08,46.94
100,2,100,0,0,ThetaMat,Accessories,15,31.27,0.029,30.36,32.38,-6.23,8.33,0.5,15,455.45,230.45,50.6
101,3,101,0,0,AlphaWatch,Wearables,40,93.87,0.064,87.86,91.89,-4.38,56.74,1.311,8,702.9,382.9,54.47
101,3,101,0,0,BetaBuds,Audio,25,68.97,0.017,67.8,73.79,-8.12,8.0,0.662,3,203.39,128.39,63.13
101,3,101,0,0,GammaBand,Wearables,18,45.89,0.038,44.15,41.93,5.29,111.87,1.389,49,2163.16,1281.16,59.23
101,3,101,0,0,DeltaDock,Accessories,30,66.51,0.08,61.19,69.96,-12.54,38.74,0.73,3,183.57,93.57,50.97
101,3,101,0,0,EpsilonCam,Imaging,55,123.69,0.137,106.74,119.2,-10.45,48.22,1.072,7,747.21,362.21,48.48
101,3,101,0,0,ZetaHub,Accessories,22,41.27,0.11,36.73,38.52,-4.65,102.32,1.219,42,1542.67,618.67,40.1
101,3,101,0,0,EtaDesk,Furniture,80,152.65,0.099,137.54,151.4,-9.16,62.0,1.412,10,1375.38,575.38,41.83
101,3,101,0,0,ThetaMat,Accessories,15,32.27,0.05,30.66,24.43,25.49,16.99,0.505,13,398.53,203.53,51.07
102,4,102,0,0,AlphaWatch,Wearables,40,82.2,0.109,73.24,77.98,-6.08,28.96,0.717,6,439.44,199.44,45.39
102,4,102,0,0,BetaBuds,Audio,25,73.51,0.157,61.97,83.7,-25.96,56.05,0.947,12,743.63,443.63,59.66
102,4,102,0,0,GammaBand,Wearables,18,50.82,0.148,43.3,49.04,-11.71,19.5,0.937,17,736.08,430.08,58.43
102,4,102,0,0,DeltaDock,Accessories,30,57.43,0.1,51.69,59.86,-13.65,26.02,0.819,3,155.06,65.06,41.96
102,4,102,0,0,EpsilonCam,Imaging,55,111.59,0.091,101.44,128.94,-21.33,4.6,0.5,2,202.87,92.87,45.78
102,4,102,0,0,ZetaHub,Accessories,22,51.71,0.036,49.85,52.42,-4.91,51.63,0.978,24,1196.36,668.36,55.87
102,4,102,0,0,EtaDesk,Furniture,80,209.39,0.006,208.13,241.63,-13.86,27.61,0.898,3,624.4,384.4,61.56
102,4,102,0,0,ThetaMat,Accessories,15,34.39,0.08,31.64,35.46,-10.78,45.0,0.884,41,1297.19,682.19,52.59
103,5,103,1,0,AlphaWatch,Wearables,40,77.51,0.038,74.56,92.67,-19.54,39.5,0.979,11,820.21,380.21,46.36
103,5,103,1,0,BetaBuds,Audio,25,61.71,0.168,51.34,53.88,-4.71,8.27,0.5,7,359.4,184.4,51.31
103,5,103,1,0,GammaBand,Wearables,18,37.6,0.015,37.04,34.24,8.17,20.59,0.708,34,1259.22,647.22,51.4
103,5,103,1,0,DeltaDock,Accessories,30,77.59,0.023,75.81,73.97,2.48,3.29,0.565,1,75.81,45.81,60.42
103,5,103,1,0,EpsilonCam,Imaging,55,115.94,0.02,113.62,115.69,-1.79,72.85,1.225,5,568.11,293.11,51.59
103,5,103,1,0,ZetaHub,Accessories,22,47.27,0.073,43.82,42.66,2.72,28.31,1.246,28,1226.94,610.94,49.79
103,5,103,1,0,EtaDesk,Furniture,80,198.9,0.01,196.91,227.48,-13.44,47.56,0.937,3,590.73,350.73,59.37
103,5,103,1,0,ThetaMat,Accessories,15,36.52,0.05,34.69,41.39,-16.18,14.76,0.711,46,1595.92,905.92,56.76
104,6,104,1,0,AlphaWatch,Wearables,40,86.42,0.034,83.48,71.92,16.08,60.46,1.174,8,667.85,347.85,52.09
104,6,104,1,0,BetaBuds,Audio,25,58.17,0.061,54.62,62.1,-12.04,25.9,0.598,17,928.57,503.57,54.23
104,6,104,1,0,GammaBand,Wearables,18,48.67,0.092,44.19,53.09,-16.76,33.2,0.705,24,1060.62,628.62,59.27
104,6,104,1,0,DeltaDock,Accessories,30,66.32,0.044,63.4,63.14,0.41,55.4,1.064,4,253.61,133.61,52.68
104,6,104,1,0,EpsilonCam,Imaging,55,120.78,0.026,117.64,125.08,-5.95,52.68,1.185,9,1058.76,563.76,53.25
104,6,104,1,0,ZetaHub,Accessories,22,49.96,0.047,47.61,63.99,-25.59,70.95,1.275,44,2094.92,1126.92,53.79
104,6,104,1,0,EtaDesk,Furniture,80,175.69,0.047,167.43,218.01,-23.2,28.67,0.539,5,837.16,437.16,52.22
104,6,104,1,0,ThetaMat,Accessories,15,35.8,0.16,30.07,37.39,-19.57,45.77,0.819,47,1413.38,708.38,50.12
105,0,105,0,0,AlphaWatch,Wearables,40,96.56,0.074,89.41,108.9,-17.89,31.39,0.696,4,357.66,197.66,55.26
105,0,105,0,0,BetaBuds,Audio,25,54.53,0.063,51.09,56.13,-8.97,62.21,1.022,24,1226.27,626.27,51.07
105,0,105,0,0,GammaBand,Wearables,18,50.05,0.175,41.29,54.27,-23.92,7.01,0.745,10,412.91,232.91,56.41
105,0,105,0,0,DeltaDock,Accessories,30,79.49,0.116,70.27,82.35,-14.67,9.26,0.701,2,140.54,80.54,57.31
105,0,105,0,0,EpsilonCam,Imaging,55,125.16,0.009,124.03,151.38,-18.06,17.72,0.5,4,496.13,276.13,55.66
105,0,105,0,0,ZetaHub,Accessories,22,40.33,0.063,37.79,36.78,2.74,3.13,0.5,9,340.1,142.1,41.78
105,0,105,0,0,EtaDesk,Furniture,80,165.1,0.027,160.64,158.66,1.25,8.52,0.566,3,481.93,241.93,50.2
105,0,105,0,0,ThetaMat,Accessories,15,26.91,0.056,25.4,32.51,-21.86,49.74,0.889,79,2006.84,821.84,40.95
106,1,106,0,0,AlphaWatch,Wearables,40,74.43,0.169,61.85,89.41,-30.82,29.54,0.618,11,680.36,240.36,35.33
106,1,106,0,0,BetaBuds,Audio,25,63.79,0.126,55.75,78.27,-28.77,7.88,0.5,4,223.01,123.01,55.16
106,1,106,0,0,GammaBand,Wearables,18,32.47,0.007,32.24,37.77,-14.63,42.39,0.796,32,1031.77,455.77,44.17
106,1,106,0,0,DeltaDock,Accessories,30,59.67,0.259,44.22,52.06,-15.07,22.44,0.795,4,176.86,56.86,32.15
106,1,106,0,0,EpsilonCam,Imaging,55,122.31,0.019,119.99,135.86,-11.68,5.02,0.655,2,239.97,129.97,54.16
106,1,106,0,0,ZetaHub,Accessories,22,48.65,0.005,48.41,55.41,-12.64,29.89,0.654,28,1355.39,739.39,54.55
106,1,106,0,0,EtaDesk,Furniture,80,177.01,0.117,156.3,166.13,-5.92,47.42,0.769,7,1094.1,534.1,48.82
106,1,106,0,0,ThetaMat,Accessories,15,31.34,0.013,30.93,35.15,-12.0,12.51,0.578,29,897.04,462.04,51.51
107,2,107,0,0,AlphaWatch,Wearables,40,73.25,0.128,63.87,83.78,-23.76,44.94,0.658,13,830.36,310.36,37.38
107,2,107,0,0,BetaBuds,Audio,25,61.12,0.037,58.86,68.12,-13.6,16.85,0.737,7,412.01,237.01,57.53
107,2,107,0,0,GammaBand,Wearables,18,35.64,0.073,33.04,42.07,-21.47,7.8,0.742,26,859.0,391.0,45.52
107,2,107,0,0,DeltaDock,Accessories,30,81.83,0.038,78.72,91.69,-14.14,19.12,0.647,2,157.44,97.44,61.89
107,2,107,0,0,EpsilonCam,Imaging,55,151.5,0.027,147.41,124.56,18.34,29.49,0.748,2,294.82,184.82,62.69
107,2,107,0,0,ZetaHub,Accessories,22,52.42,0.002,52.32,59.71,-12.38,21.19,0.63,7,366.21,212.21,57.95
107,2,107,0,0,EtaDesk,Furniture,80,220.85,0.048,210.25,216.82,-3.03,3.17,0.5,1,210.25,130.25,61.95
107,2,107,0,0,ThetaMat,Accessories,15,40.42,0.033,39.09,37.68,3.73,2.5,0.5,5,195.43,120.43,61.62
108,3,108,0,0,AlphaWatch,Wearables,40,90.14,0.102,80.95,97.03,-16.58,28.15,0.905,5,404.73,204.73,50.58
108,3,108,0,0,BetaBuds,Audio,25,68.41,0.067,63.83,86.11,-25.88,9.64,0.564,4,255.31,155.31,60.83
108,3,108,0,0,GammaBand,Wearables,18,48.42,0.023,47.31,51.35,-7.87,59.77,1.03,26,1229.96,761.96,61.95
108,3,108,0,0,DeltaDock,Accessories,30,73.39,0.118,64.73,66.96,-3.33,34.2,0.594,4,258.92,138.92,53.65
108,3,108,0,0,EpsilonCam,Imaging,55,126.25,0.124,110.6,145.76,-24.13,19.93,0.5,6,663.57,333.57,50.27
108,3,108,0,0,ZetaHub,Accessories,22,45.46,0.069,42.32,48.45,-12.65,17.83,0.774,23,973.43,467.43,48.02
108,3,108,0,0,EtaDesk,Furniture,80,224.95,0.095,203.58,216.36,-5.91,1.16,0.5,1,203.58,123.58,60.7
108,3,108,0,0,ThetaMat,Accessories,15,32.32,0.021,31.64,34.78,-9.02,24.91,0.837,41,1297.29,682.29,52.59
109,4,109,0,0,AlphaWatch,Wearables,40,100.09,0.111,88.98,103.69,-14.19,96.76,1.328,11,978.78,538.78,55.05
109,4,109,0,0,BetaBuds,Audio,25,70.18,0.097,63.37,68.15,-7.01,25.07,0.537,9,570.35,345.35,60.55
109,4,109,0,0,GammaBand,Wearables,18,45.93,0.057,43.31,49.91,-13.22,77.37,1.24,32,1385.98,809.98,58.44
109,4,109,0,0,DeltaDock,Accessories,30,78.79,0.113,69.89,63.86,9.44,5.48,0.5,1,69.89,39.89,57.07
109,4,109,0,0,EpsilonCam,Imaging,55,108.83,0.158,91.63,118.91,-22.94,59.25,1.023,10,916.35,366.35,39.98
109,4,109,0,0,ZetaHub,Accessories,22,41.88,0.086,38.28,32.72,16.99,9.6,0.703,21,803.84,341.84,42.53
109,4,109,0,0,EtaDesk,Furniture,80,191.99,0.088,175.09,189.93,-7.81,17.96,0.782,3,525.28,285.28,54.31
109,4,109,0,0,ThetaMat,Accessories,15,29.26,0.116,25.87,33.68,-23.2,136.22,1.5,143,3698.82,1553.82,42.01
110,5,110,1,0,AlphaWatch,Wearables,40,104.51,0.261,77.23,111.22,-30.56,38.99,0.631,14,1081.26,521.26,48.21
110,5,110,1,0,BetaBuds,Audio,25,56.35,0.034,54.43,61.02,-10.79,38.22,0.636,9,489.91,264.91,54.07
110,5,110,1,0,GammaBand,Wearables,18,39.61,0.069,36.88,39.47,-6.57,14.1,0.651,21,774.42,396.42,51.19
110,5,110,1,0,DeltaDock,Accessories,30,69.26,0.032,67.04,75.0,-10.61,20.42,0.868,4,268.17,148.17,55.25
110,5,110,1,0,EpsilonCam,Imaging,55,118.1,0.035,113.97,115.3,-1.16,15.17,0.722,3,341.9,176.9,51.74
110,5,110,1,0,ZetaHub,Accessories,22,55.02,0.053,52.1,71.28,-26.9,143.3,1.5,59,3074.13,1776.13,57.78
110,5,110,1,0,EtaDesk,Furniture,80,206.3,0.091,187.53,247.65,-24.28,12.66,0.508,2,375.05,215.05,57.34
110,5,110,1,0,ThetaMat,Accessories,15,31.35,0.073,29.06,35.39,-17.88,107.64,1.089,81,2353.98,1138.98,48.39
111,6,111,1,0,AlphaWatch,Wearables,40,75.3,0.089,68.6,75.42,-9.04,41.12,0.731,8,548.79,228.79,41.69
111,6,111,1,0,BetaBuds,Audio,25,54.84,0.081,50.4,60.8,-17.11,20.94,0.794,15,755.97,380.97,50.39
111,6,111,1,0,GammaBand,Wearables,18,36.22,0.044,34.63,38.88,-10.94,28.62,0.534,31,1073.42,515.42,48.02
111,6,111,1,0,DeltaDock,Accessories,30,66.99,0.14,57.61,60.9,-5.4,16.44,0.868,3,172.83,82.83,47.93
111,6,111,1,0,EpsilonCam,Imaging,55,99.8,0.187,81.14,97.09,-16.43,12.12,0.681,7,567.96,182.96,32.21
111,6,111,1,0,ZetaHub,Accessories,22,45.33,0.025,44.2,51.28,-13.81,3.58,0.5,11,486.16,244.16,50.22
111,6,111,1,0,EtaDesk,Furniture,80,199.5,0.079,183.74,220.1,-16.52,128.26,1.446,13,2388.61,1348.61,56.46
111,6,111,1,0,ThetaMat,Accessories,15,35.7,0.017,35.09,30.8,13.94,5.37,0.504,7,245.65,140.65,57.26
112,0,112,0,0,AlphaWatch,Wearables,40,73.33,0.098,66.14,62.54,5.76,3.43,0.555,4,264.57,104.57,39.53
112,0,112,0,0,BetaBuds,Audio,25,54.17,0.007,53.79,58.74,-8.43,7.92,0.5,5,268.95,143.95,53.52
112,0,112,0,0,GammaBand,Wearables,18,45.88,0.145,39.23,40.39,-2.88,5.89,0.507,8,313.82,169.82,54.11
112,0,112,0,0,DeltaDock,Accessories,30,64.24,0.077,59.29,73.1,-18.89,14.96,0.819,4,237.17,117.17,49.4
112,0,112,0,0,EpsilonCam,Imaging,55,119.69,0.051,113.59,115.95,-2.04,39.17,0.872,4,454.34,234.34,51.58
112,0,112,0,0,ZetaHub,Accessories,22,62.66,0.009,62.1,62.5,-0.65,7.76,0.515,6,372.58,240.58,64.57
112,0,112,0,0,EtaDesk,Furniture,80,182.39,0.131,158.5,156.04,1.57,5.58,0.722,2,316.99,156.99,49.53
112,0,112,0,0,ThetaMat,Accessories,15,30.45,0.048,28.99,31.15,-6.94,63.91,1.208,48,1391.44,671.44,48.26
113,1,113,0,0,AlphaWatch,Wearables,40,87.26,0.021,85.43,73.46,16.29,3.12,0.5,1,85.43,45.43,53.18
113,1,113,0,0,BetaBuds,Audio,25,65.14,0.063,61.04,64.04,-4.69,3.17,0.5,3,183.11,108.11,59.04
113,1,113,0,0,GammaBand,Wearables,18,42.65,0.01,42.22,49.52,-14.73,46.23,0.946,13,548.91,314.91,57.37
113,1,113,0,0,DeltaDock,Accessories,30,80.2,0.135,69.37,92.21,-24.77,5.74,0.507,1,69.37,39.37,56.76
113,1,113,0,0,EpsilonCam,Imaging,55,146.01,0.102,131.12,155.81,-15.85,12.3,0.587,2,262.23,152.23,58.05
113,1,113,0,0,ZetaHub,Accessories,22,43.97,0.208,34.82,38.45,-9.43,28.24,0.596,42,1462.62,538.62,36.83
113,1,113,0,0,EtaDesk,Furniture,80,187.99,0.193,151.71,178.92,-15.21,15.37,0.612,2,303.42,143.42,47.27
113,1,113,0,0,ThetaMat,Accessories,15,34.41,0.077,31.76,34.25,-7.27,9.47,0.63,19,603.45,318.45,52.77
114,2,114,0,0,AlphaWatch,Wearables,40,74.37,0.191,60.17,60.62,-0.75,27.36,0.677,13,782.15,262.15,33.52
114,2,114,0,0,BetaBuds,Audio,25,63.61,0.018,62.47,56.97,9.65,7.31,0.579,4,249.86,149.86,59.98
114,2,114,0,0,GammaBand,Wearables,18,35.44,0.104,31.75,40.39,-21.38,21.18,0.918,44,1397.19,605.19,43.31
114,2,114,0,0,DeltaDock,Accessories,30,68.31,0.07,63.53,72.5,-12.37,23.84,0.824,5,317.64,167.64,52.78
114,2,114,0,0,EpsilonCam,Imaging,55,137.49,0.151,116.73,157.13,-25.71,16.97,0.55,3,350.19,185.19,52.88
114,2,114,0,0,ZetaHub,Accessories,22,44.19,0.018,43.39,41.65,4.19,45.63,0.942,30,1301.84,641.84,49.3
114,2,114,0,0,EtaDesk,Furniture,80,166.06,0.07,154.44,180.04,-14.22,32.7,0.691,8,1235.49,595.49,48.2
114,2,114,0,0,ThetaMat,Accessories,15,32.88,0.032,31.83,35.96,-11.49,21.71,0.633,23,732.04,387.04,52.87
115,3,115,0,0,AlphaWatch,Wearables,40,108.25,0.065,101.21,103.73,-2.43,5.49,0.531,1,101.21,61.21,60.48
115,3,115,0,0,BetaBuds,Audio,25,44.29,0.023,43.27,41.42,4.47,74.96,1.149,44,1903.94,803.94,42.23
115,3,115,0,0,GammaBand,Wearables,18,40.82,0.145,34.9,40.3,-13.4,14.39,0.851,29,1012.13,490.13,48.43
115,3,115,0,0,DeltaDock,Accessories,30,64.8,0.046,61.82,60.13,2.81,13.04,0.574,1,61.82,31.82,51.47
115,3,115,0,0,EpsilonCam,Imaging,55,109.71,0.022,107.3,132.4,-18.96,200.54,1.5,19,2038.63,993.63,48.74
115,3,115,0,0,ZetaHub,Accessories,22,53.13,0.03,51.54,48.26,6.79,12.32,0.541,5,257.68,147.68,57.31
115,3,115,0,0,EtaDesk,Furniture,80,158.32,0.139,136.31,160.54,-15.09,9.49,0.571,4,545.25,225.25,41.31
115,3,115,0,0,ThetaMat,Accessories,15,32.96,0.101,29.63,39.87,-25.68,9.08,0.51,25,740.78,365.78,49.38
116,4,116,0,0,AlphaWatch,Wearables,40,106.81,0.111,94.95,132.04,-28.09,58.19,0.734,6,569.72,329.72,57.87
116,4,116,0,0,BetaBuds,Audio,25,62.05,0.238,47.28,56.04,-15.63,60.0,0.945,26,1229.33,579.33,47.13
116,4,116,0,0,GammaBand,Wearables,18,33.58,0.01,33.24,26.96,23.31,10.99,0.693,26,864.35,396.35,45.86
116,4,116,0,0,DeltaDock,Accessories,30,59.32,0.036,57.18,69.12,-17.27,50.47,0.934,6,343.11,163.11,47.54
116,4,116,0,0,EpsilonCam,Imaging,55,128.82,0.1,115.94,151.69,-23.57,21.35,0.577,2,231.88,121.88,52.56
116,4,116,0,0,ZetaHub,Accessories,22,44.76,0.042,42.88,40.24,6.56,129.82,1.471,64,2744.33,1336.33,48.69
116,4,116,0,0,EtaDesk,Furniture,80,195.3,0.094,176.94,214.38,-17.46,61.39,1.045,7,1238.59,678.59,54.79
116,4,116,0,0,ThetaMat,Accessories,15,41.73,0.076,38.56,44.2,-12.76,7.65,0.5,7,269.91,164.91,61.1
117,5,117,1,0,AlphaWatch,Wearables,40,110.29,0.075,102.02,101.81,0.2,27.54,0.513,3,306.05,186.05,60.79
117,5,117,1,0,BetaBuds,Audio,25,57.05,0.041,54.71,55.86,-2.06,15.77,0.623,8,437.69,237.69,54.31
117,5,117,1,0,GammaBand,Wearables,18,36.21,0.074,33.53,33.3,0.69,7.2,0.565,26,871.79,403.79,46.32
117,5,117,1,0,DeltaDock,Accessories,30,63.55,0.048,60.5,61.32,-1.34,28.85,0.917,4,242.0,122.0,50.41
117,5,117,1,0,EpsilonCam,Imaging,55,106.41,0.006,105.77,131.45,-19.53,19.29,0.827,4,423.09,203.09,48.0
117,5,117,1,0,ZetaHub,Accessories,22,49.4,0.108,44.06,40.54,8.69,48.13,0.857,37,1630.4,816.4,50.07
117,5,117,1,0,EtaDesk,Furniture,80,148.44,0.052,140.72,140.48,0.17,13.33,0.503,3,422.16,182.16,43.15
117,5,117,1,0,ThetaMat,Accessories,15,35.53,0.076,32.83,27.84,17.92,99.23,1.134,47,1543.0,838.0,54.31
118,6,118,1,0,AlphaWatch,Wearables,40,83.53,0.077,77.1,69.94,10.23,0.81,0.5,2,154.2,74.2,48.12
118,6,118,1,0,BetaBuds,Audio,25,55.77,0.055,52.7,53.81,-2.06,3.73,0.5,4,210.81,110.81,52.56
118,6,118,1,0,GammaBand,Wearables,18,45.51,0.047,43.37,44.75,-3.08,48.63,0.921,39,1691.47,989.47,58.5
118,6,118,1,0,DeltaDock,Accessories,30,68.22,0.046,65.08,65.21,-0.2,30.18,0.907,3,195.25,105.25,53.9
118,6,118,1,0,EpsilonCam,Imaging,55,123.43,0.081,113.43,107.49,5.53,74.88,1.248,7,794.03,409.03,51.51
118,6,118,1,0,ZetaHub,Accessories,22,50.88,0.046,48.54,51.13,-5.07,12.26,0.68,15,728.09,398.09,54.68
118,6,118,1,0,EtaDesk,Furniture,80,165.35,0.075,152.95,155.26,-1.49,56.46,1.088,11,1682.44,802.44,47.69
118,6,118,1,0,ThetaMat,Accessories,15,42.3,0.049,40.23,47.5,-15.31,8.99,0.5,6,241.36,151.36,62.71
119,0,119,0,0,AlphaWatch,Wearables,40,108.78,0.029,105.63,120.7,-12.49,24.98,0.5,2,211.25,131.25,62.13
119,0,119,0,0,BetaBuds,Audio,25,63.78,0.02,62.5,74.0,-15.53,24.44,0.782,11,687.55,412.55,60.0
119,0,119,0,0,GammaBand,Wearables,18,34.42,0.014,33.94,38.86,-12.67,5.23,0.5,20,678.76,318.76,46.96
119,0,119,0,0,DeltaDock,Accessories,30,75.86,0.153,64.25,78.95,-18.62,91.29,1.316,8,514.03,274.03,53.31
119,0,119,0,0,EpsilonCam,Imaging,55,150.97,0.065,141.16,155.32,-9.12,16.09,0.781,2,282.31,172.31,61.04
119,0,119,0,0,ZetaHub,Accessories,22,51.47,0.009,51.01,47.98,6.31,2.32,0.65,10,510.07,290.07,56.87
119,0,119,0,0,EtaDesk,Furniture,80,155.95,0.167,129.91,143.56,-9.51,61.92,1.137,13,1688.78,648.78,38.42
119,0,119,0,0,ThetaMat,Accessories,15,37.64,0.081,34.59,29.27,18.18,3.53,0.5,7,242.14,137.14,56.64
120,1,120,0,0,AlphaWatch,Wearables,40,100.39,0.027,97.68,100.08,-2.4,109.42,1.495,9,879.12,519.12,59.05
120,1,120,0,0,BetaBuds,Audio,25,54.3,0.172,44.96,55.59,-19.12,3.25,0.573,7,314.72,139.72,44.4
120,1,120,0,0,GammaBand,Wearables,18,43.53,0.033,42.09,41.86,0.56,20.05,0.728,14,589.31,337.31,57.24
120,1,120,0,0,DeltaDock,Accessories,30,67.2,0.172,55.64,68.97,-19.32,12.64,0.756,3,166.92,76.92,46.08
120,1,120,0,0,EpsilonCam,Imaging,55,152.88,0.064,143.1,135.39,5.69,27.91,0.587,3,429.29,264.29,61.56
120,1,120,0,0,ZetaHub,Accessories,22,42.96,0.014,42.36,48.91,-13.39,21.42,0.976,28,1186.04,570.04,48.06
120,1,120,0,0,EtaDesk,Furniture,80,177.09,0.081,162.75,169.9,-4.21,34.14,0.939,7,1139.22,579.22,50.84
120,1,120,0,0,ThetaMat,Accessories,15,36.56,0.069,34.04,43.67,-22.06,30.24,0.684,28,953.05,533.05,55.93
121,2,121,0,0,AlphaWatch,Wearables,40,98.89,0.172,81.88,99.03,-17.32,23.97,0.664,5,409.4,209.4,51.15
121,2,121,0,0,BetaBuds,Audio,25,66.27,0.111,58.91,73.34,-19.67,144.99,1.5,30,1767.42,1017.42,57.57
121,2,121,0,0,GammaBand,Wearables,18,39.94,0.174,32.99,45.71,-27.83,120.07,1.5,106,3496.99,1588.99,45.44
121,2,121,0,0,DeltaDock,Accessories,30,64.63,0.066,60.36,65.74,-8.18,14.87,0.807,3,181.09,91.09,50.3
121,2,121,0,0,EpsilonCam,Imaging,55,110.73,0.05,105.19,113.28,-7.14,43.32,0.745,6,631.16,301.16,47.72
121,2,121,0,0,ZetaHub,Accessories,22,49.88,0.076,46.09,46.81,-1.54,27.43,0.877,26,1198.32,626.32,52.27
121,2,121,0,0,EtaDesk,Furniture,80,207.3,0.073,192.17,197.85,-2.87,5.68,0.548,2,384.33,224.33,58.37
121,2,121,0,0,ThetaMat,Accessories,15,28.86,0.119,25.43,28.57,-11.01,104.55,1.438,127,3229.06,1324.06,41.0
122,3,122,0,0,AlphaWatch,Wearables,40,109.24,0.055,103.23,100.6,2.62,64.21,1.039,10,1032.32,632.32,61.25
122,3,122,0,0,BetaBuds,Audio,25,48.76,0.154,41.25,49.24,-16.22,32.53,0.579,23,948.77,373.77,39.4
122,3,122,0,0,GammaBand,Wearables,18,37.53,0.037,36.14,31.82,13.58,50.01,0.945,53,1915.49,961.49,50.2
122,3,122,0,0,DeltaDock,Accessories,30,52.05,0.131,45.23,56.18,-19.49,13.18,0.565,2,90.46,30.46,33.67
122,3,122,0,0,EpsilonCam,Imaging,55,145.37,0.043,139.12,162.22,-14.24,22.48,0.642,1,139.12,84.12,60.47
122,3,122,0,0,ZetaHub,Accessories,22,42.86,0.086,39.17,49.47,-20.81,9.07,0.567,13,509.26,223.26,43.84
122,3,122,0,0,EtaDesk,Furniture,80,198.87,0.001,198.67,175.27,13.35,40.85,0.871,3,596.01,356.01,59.73
122,3,122,0,0,ThetaMat,Accessories,15,42.01,0.058,39.57,42.09,-5.98,13.7,0.67,16,633.17,393.17,62.1
123,4,123,0,0,AlphaWatch,Wearables,40,91.96,0.126,80.37,99.74,-19.42,128.0,1.37,14,1125.22,565.22,50.23
123,4,123,0,0,BetaBuds,Audio,25,67.33,0.086,61.54,63.32,-2.81,3.87,0.533,4,246.16,146.16,59.38
123,4,123,0,0,GammaBand,Wearables,18,45.31,0.053,42.91,40.73,5.35,18.97,0.5,17,729.45,423.45,58.05
123,4,123,0,0,DeltaDock,Accessories,30,60.9,0.174,50.3,61.36,-18.02,36.67,0.63,6,301.82,121.82,40.36
123,4,123,0,0,EpsilonCam,Imaging,55,117.69,0.09,107.1,133.52,-19.79,57.54,0.855,8,856.78,416.78,48.65
123,4,123,0,0,ZetaHub,Accessories,22,49.73,0.083,45.6,57.63,-20.87,49.31,0.731,25,1140.06,590.06,51.76
123,4,123,0,0,EtaDesk,Furniture,80,199.57,0.039,191.79,200.81,-4.49,16.62,0.635,2,383.57,223.57,58.29
123,4,123,0,0,ThetaMat,Accessories,15,35.82,0.069,33.35,29.07,14.72,31.78,0.687,33,1100.5,605.5,55.02
124,5,124,1,0,AlphaWatch,Wearables,40,85.14,0.05,80.88,74.62,8.39,110.8,1.307,19,1536.78,776.78,50.55
124,5,124,1,0,BetaBuds,Audio,25,69.29,0.053,65.62,69.46,-5.53,41.27,0.737,9,590.56,365.56,61.9
124,5,124,1,0,GammaBand,Wearables,18,47.81,0.084,43.79,46.76,-6.34,18.52,0.698,17,744.5,438.5,58.9
124,5,124,1,0,DeltaDock,Accessories,30,57.77,0.034,55.81,60.33,-7.5,29.64,0.734,5,279.03,129.03,46.24
124,5,124,1,0,EpsilonCam,Imaging,55,113.32,0.093,102.78,108.75,-5.49,112.29,1.327,10,1027.81,477.81,46.49
124,5,124,1,0,ZetaHub,Accessories,22,40.06,0.115,35.45,49.04,-27.71,31.0,0.5,30,1063.59,403.59,37.95
124,5,124,1,0,EtaDesk,Furniture,80,200.62,0.035,193.6,230.74,-16.1,91.23,1.116,12,2323.18,1363.18,58.68
124,5,124,1,0,ThetaMat,Accessories,15,40.81,0.115,36.12,46.23,-21.88,10.44,0.5,13,469.52,274.52,58.47
125,6,125,1,0,AlphaWatch,Wearables,40,74.54,0.032,72.15,74.66,-3.36,48.63,1.01,16,1154.48,514.48,44.56
125,6,125,1,0,BetaBuds,Audio,25,71.3,0.09,64.88,65.71,-1.26,8.67,0.525,3,194.65,119.65,61.47
125,6,125,1,0,GammaBand,Wearables,18,35.07,0.129,30.55,36.98,-17.4,11.76,0.627,49,1496.75,614.75,41.07
125,6,125,1,0,DeltaDock,Accessories,30,75.66,0.171,62.72,73.34,-14.48,2.02,0.5,1,62.72,32.72,52.17
125,6,125,1,0,EpsilonCam,Imaging,55,142.69,0.064,133.56,154.68,-13.66,27.99,0.663,6,801.35,471.35,58.82
125,6,125,1,0,ZetaHub,Accessories,22,53.11,0.089,48.38,56.49,-14.35,36.28,0.928,15,725.75,395.75,54.53
125,6,125,1,0,EtaDesk,Furniture,80,203.83,0.034,196.9,226.25,-12.97,23.2,0.612,2,393.8,233.8,59.37
125,6,125,1,0,ThetaMat,Accessories,15,28.86,0.03,27.99,27.86,0.48,2.29,0.669,20,559.88,259.88,46.42
126,0,126,0,0,AlphaWatch,Wearables,40,105.13,0.199,84.21,114.53,-26.47,7.37,0.657,2,168.42,88.42,52.5
126,0,126,0,0,BetaBuds,Audio,25,59.34,0.016,58.39,72.01,-18.91,26.22,0.897,11,642.3,367.3,57.18
126,0,126,0,0,GammaBand,Wearables,18,35.05,0.047,33.4,37.32,-10.5,14.02,0.686,19,634.65,292.65,46.11
126,0,126,0,0,DeltaDock,Accessories,30,76.85,0.048,73.16,92.26,-20.7,82.12,1.3,5,365.81,215.81,58.99
126,0,126,0,0,EpsilonCam,Imaging,55,119.72,0.146,102.24,118.99,-14.08,34.19,1.025,6,613.45,283.45,46.21
126,0,126,0,0,ZetaHub,Accessories,22,48.09,0.103,43.14,47.27,-8.74,93.31,1.196,35,1509.79,739.79,49.0
126,0,126,0,0,EtaDesk,Furniture,80,200.63,0.034,193.81,173.77,11.53,50.96,0.943,2,387.62,227.62,58.72
126,0,126,0,0,ThetaMat,Accessories,15,36.75,0.227,28.41,35.44,-19.84,97.66,1.288,113,3210.08,1515.08,47.2
127,1,127,0,0,AlphaWatch,Wearables,40,106.01,0.073,98.27,94.8,3.66,13.04,0.568,3,294.81,174.81,59.3
127,1,127,0,0,BetaBuds,Audio,25,55.48,0.022,54.26,52.97,2.43,25.43,0.645,8,434.08,234.08,53.93
127,1,127,0,0,GammaBand,Wearables,18,35.22,0.123,30.89,35.23,-12.32,12.2,0.76,28,864.86,360.86,41.72
127,1,127,0,0,DeltaDock,Accessories,30,80.1,0.03,77.7,84.26,-7.79,45.29,0.507,2,155.39,95.39,61.39
127,1,127,0,0,EpsilonCam,Imaging,55,120.98,0.055,114.33,105.79,8.07,29.29,0.827,4,457.3,237.3,51.89
127,1,127,0,0,ZetaHub,Accessories,22,52.76,0.108,47.06,46.22,1.82,11.17,0.5,8,376.5,200.5,53.25
127,1,127,0,0,EtaDesk,Furniture,80,211.78,0.11,188.48,184.6,2.1,56.47,1.011,6,1130.91,650.91,57.56
127,1,127,0,0,ThetaMat,Accessories,15,32.36,0.055,30.58,34.44,-11.21,1.73,0.678,12,366.96,186.96,50.95
128,2,128,0,0,AlphaWatch,Wearables,40,89.2,0.038,85.81,87.33,-1.74,48.39,1.101,5,429.05,229.05,53.39
128,2,128,0,0,BetaBuds,Audio,25,56.95,0.185,46.41,58.87,-21.16,0.56,0.5,4,185.66,85.66,46.14
128,2,128,0,0,GammaBand,Wearables,18,35.61,0.043,34.08,37.39,-8.86,10.37,0.839,33,1124.6,530.6,47.18
128,2,128,0,0,DeltaDock,Accessories,30,53.09,0.029,51.55,54.21,-4.91,29.37,0.748,4,206.2,86.2,41.8
128,2,128,0,0,EpsilonCam,Imaging,55,105.72,0.072,98.11,110.85,-11.49,86.94,1.185,9,882.97,387.97,43.94
128,2,128,0,0,ZetaHub,Accessories,22,42.09,0.05,39.99,41.9,-4.57,60.66,1.06,36,1439.48,647.48,44.98
128,2,128,0,0,EtaDesk,Furniture,80,148.04,0.12,130.28,160.44,-18.8,25.01,0.65,7,911.93,351.93,38.59
128,2,128,0,0,ThetaMat,Accessories,15,35.58,0.067,33.2,35.58,-6.7,60.49,1.057,38,1261.45,691.45,54.81
129,3,129,0,0,AlphaWatch,Wearables,40,81.79,0.05,77.7,77.19,0.66,1.3,0.5,2,155.4,75.4,48.52
129,3,129,0,0,BetaBuds,Audio,25,63.49,0.126,55.49,74.39,-25.41,31.05,0.935,12,665.88,365.88,54.95
129,3,129,0,0,GammaBand,Wearables,18,51.41,0.144,44.01,54.42,-19.13,9.63,0.502,11,484.08,286.08,59.1
129,3,129,0,0,DeltaDock,Accessories,30,72.56,0.139,62.47,79.66,-21.57,33.67,0.799,4,249.9,129.9,51.98
129,3,129,0,0,EpsilonCam,Imaging,55,146.12,0.019,143.34,155.3,-7.7,19.85,0.586,1,143.34,88.34,61.63
129,3,129,0,0,ZetaHub,Accessories,22,46.72,0.056,44.1,42.02,4.96,18.58,0.594,17,749.76,375.76,50.12
129,3,129,0,0,EtaDesk,Furniture,80,183.93,0.256,136.84,215.28,-36.43,2.87,0.5,3,410.53,170.53,41.54
129,3,129,0,0,ThetaMat,Accessories,15,30.15,0.125,26.38,29.7,-11.17,0.68,0.524,10,263.81,113.81,43.14
130,4,130,0,0,AlphaWatch,Wearables,40,98.26,0.072,91.19,95.37,-4.39,3.57,0.5,1,91.19,51.19,56.13
130,4,130,0,0,BetaBuds,Audio,25,47.88,0.063,44.86,37.0,21.25,1.93,0.5,8,358.91,158.91,44.28
130,4,130,0,0,GammaBand,Wearables,18,43.55,0.13,37.89,37.52,0.98,15.11,0.606,10,378.88,198.88,52.49
130,4,130,0,0,DeltaDock,Accessories,30,76.45,0.113,67.81,73.52,-7.77,16.3,0.757,2,135.62,75.62,55.76
130,4,130,0,0,EpsilonCam,Imaging,55,126.38,0.273,91.88,143.72,-36.07,2.26,0.676,3,275.63,110.63,40.14
130,4,130,0,0,ZetaHub,Accessories,22,44.84,0.108,40.0,52.5,-23.81,21.07,0.708,23,919.94,413.94,45.0
130,4,130,0,0,EtaDesk,Furniture,80,157.36,0.133,136.43,149.51,-8.75,32.82,0.71,7,955.02,395.02,41.36
130,4,130,0,0,ThetaMat,Accessories,15,32.47,0.047,30.94,31.65,-2.23,1.43,0.698,12,371.33,191.33,51.53
131,5,131,1,0,AlphaWatch,Wearables,40,98.66,0.127,86.13,88.3,-2.46,46.01,1.021,6,516.78,276.78,53.56
131,5,131,1,0,BetaBuds,Audio,25,59.33,0.075,54.88,54.41,0.86,9.03,0.508,8,439.04,239.04,54.45
131,5,131,1,0,GammaBand,Wearables,18,46.06,0.015,45.37,39.77,14.08,50.99,0.85,29,1315.7,793.7,60.33
131,5,131,1,0,DeltaDock,Accessories,30,68.47,0.032,66.28,83.88,-20.98,56.1,0.993,5,331.39,181.39,54.74
131,5,131,1,0,EpsilonCam,Imaging,55,116.91,0.052,110.83,118.84,-6.74,4.61,0.5,3,332.49,167.49,50.37
131,5,131,1,0,ZetaHub,Accessories,22,51.3,0.054,48.53,54.2,-10.46,36.35,0.902,27,1310.3,716.3,54.67
131,5,131,1,0,EtaDesk,Furniture,80,176.77,0.15,150.25,156.36,-3.9,83.05,0.98,16,2404.07,1124.07,46.76
131,5,131,1,0,ThetaMat,Accessories,15,26.97,0.06,25.35,24.51,3.43,123.2,1.346,232,5881.62,2401.62,40.83
132,6,132,1,0,AlphaWatch,Wearables,40,104.57,0.069,97.35,95.36,2.09,67.98,0.884,11,1070.9,630.9,58.91
132,6,132,1,0,BetaBuds,Audio,25,45.28,0.066,42.29,48.13,-12.13,11.48,0.596,11,465.21,190.21,40.89
132,6,132,1,0,GammaBand,Wearables,18,38.06,0.019,37.34,33.54,11.32,14.56,0.5,24,896.08,464.08,51.79
132,6,132,1,0,DeltaDock,Accessories,30,61.23,0.121,53.82,50.08,7.47,31.82,1.097,4,215.28,95.28,44.26
132,6,132,1,0,EpsilonCam,Imaging,55,130.7,0.029,126.91,121.59,4.38,37.47,0.874,4,507.64,287.64,56.66
132,6,132,1,0,ZetaHub,Accessories,22,47.92,0.052,45.43,37.87,19.96,24.16,0.916,20,908.56,468.56,51.57
132,6,132,1,0,EtaDesk,Furniture,80,151.36,0.116,133.8,139.8,-4.29,3.07,0.651,2,267.6,107.6,40.21
132,6,132,1,0,ThetaMat,Accessories,15,39.97,0.15,33.97,35.48,-4.24,103.91,1.319,94,3193.6,1783.6,55.85
133,0,133,0,0,AlphaWatch,Wearables,40,104.07,0.025,101.47,108.48,-6.46,73.22,1.008,10,1014.68,614.68,60.58
133,0,133,0,0,BetaBuds,Audio,25,50.27,0.15,42.73,59.21,-27.83,5.66,0.58,14,598.21,248.21,41.49
133,0,133,0,0,GammaBand,Wearables,18,43.21,0.022,42.26,49.16,-14.04,8.03,0.583,11,464.85,266.85,57.41
133,0,133,0,0,DeltaDock,Accessories,30,49.87,0.03,48.37,41.94,15.34,60.03,1.269,11,532.11,202.11,37.98
133,0,133,0,0,EpsilonCam,Imaging,55,113.53,0.192,91.73,113.23,-18.99,9.26,0.612,3,275.2,110.2,40.04
133,0,133,0,0,ZetaHub,Accessories,22,53.85,0.142,46.2,47.05,-1.8,1.73,0.584,7,323.42,169.42,52.38
133,0,133,0,0,EtaDesk,Furniture,80,203.76,0.057,192.15,225.49,-14.79,18.88,0.567,2,384.29,224.29,58.36
133,0,133,0,0,ThetaMat,Accessories,15,39.42,0.03,38.24,41.78,-8.48,9.94,0.614,7,267.66,162.66,60.77
134,1,134,0,0,AlphaWatch,Wearables,40,87.71,0.112,77.89,85.92,-9.35,53.92,0.874,8,623.09,303.09,48.64
134,1,134,0,0,BetaBuds,Audio,25,62.62,0.19,50.72,69.35,-26.86,3.21,0.551,5,253.61,128.61,50.71
134,1,134,0,0,GammaBand,Wearables,18,37.63,0.215,29.54,42.08,-29.8,1.98,0.5,12,354.47,138.47,39.06
134,1,134,0,0,DeltaDock,Accessories,30,66.76,0.055,63.09,78.8,-19.94,0.91,0.518,1,63.09,33.09,52.45
134,1,134,0,0,EpsilonCam,Imaging,55,143.57,0.045,137.11,157.73,-13.07,10.5,0.5,2,274.22,164.22,59.89
134,1,134,0,0,ZetaHub,Accessories,22,50.46,0.202,40.27,52.31,-23.02,20.3,0.5,24,966.41,438.41,45.36
134,1,134,0,0,EtaDesk,Furniture,80,171.0,0.054,161.77,158.38,2.14,3.49,0.518,2,323.53,163.53,50.55
134,1,134,0,0,ThetaMat,Accessories,15,35.46,0.064,33.19,35.54,-6.61,1.24,0.5,10,331.91,181.91,54.81
135,2,135,0,0,AlphaWatch,Wearables,40,103.46,0.212,81.53,108.89,-25.13,21.57,0.82,10,815.26,415.26,50.94
135,2,135,0,0,BetaBuds,Audio,25,62.61,0.088,57.1,63.02,-9.39,8.3,0.855,5,285.5,160.5,56.22
135,2,135,0,0,GammaBand,Wearables,18,44.52,0.11,39.62,51.73,-23.4,17.6,0.635,12,475.47,259.47,54.57
135,2,135,0,0,DeltaDock,Accessories,30,82.93,0.047,79.03,84.81,-6.81,56.82,0.949,3,237.1,147.1,62.04
135,2,135,0,0,EpsilonCam,Imaging,55,115.2,0.131,100.11,128.22,-21.92,43.19,0.858,5,500.54,225.54,45.06
135,2,135,0,0,ZetaHub,Accessories,22,41.14,0.026,40.07,51.59,-22.33,20.76,0.804,18,721.27,325.27,45.1
135,2,135,0,0,EtaDesk,Furniture,80,205.05,0.026,199.72,181.39,10.1,24.42,0.614,2,399.44,239.44,59.94
135,2,135,0,0,ThetaMat,Accessories,15,31.16,0.028,30.29,35.26,-14.1,7.15,0.636,16,484.6,244.6,50.47
136,3,136,0,0,AlphaWatch,Wearables,40,110.27,0.032,106.74,124.54,-14.29,32.09,0.736,6,640.45,400.45,62.53
136,3,136,0,0,BetaBuds,Audio,25,52.13,0.134,45.14,42.92,5.18,8.02,0.5,6,270.87,120.87,44.62
136,3,136,0,0,GammaBand,Wearables,18,30.72,0.135,26.57,31.14,-14.67,2.72,0.743,36,956.62,308.62,32.26
136,3,136,0,0,DeltaDock,Accessories,30,79.68,0.079,73.39,91.83,-20.09,25.23,0.808,2,146.77,86.77,59.12
136,3,136,0,0,EpsilonCam,Imaging,55,109.53,0.017,107.67,100.19,7.46,40.6,0.875,6,646.01,316.01,48.92
136,3,136,0,0,ZetaHub,Accessories,22,58.94,0.056,55.64,72.52,-23.28,49.59,0.938,13,723.31,437.31,60.46
136,3,136,0,0,EtaDesk,Furniture,80,162.93,0.043,155.92,142.74,9.24,26.68,0.642,3,467.77,227.77,48.69
136,3,136,0,0,ThetaMat,Accessories,15,30.61,0.033,29.6,41.11,-28.0,8.29,0.5,16,473.6,233.6,49.32
137,4,137,0,0,AlphaWatch,Wearables,40,98.59,0.04,94.65,122.94,-23.01,98.89,1.12,6,567.88,327.88,57.74
137,4,137,0,0,BetaBuds,Audio,25,49.23,0.02,48.25,50.39,-4.26,18.28,0.541,11,530.7,255.7,48.18
137,4,137,0,0,GammaBand,Wearables,18,33.13,0.038,31.87,30.84,3.34,11.12,0.692,36,1147.36,499.36,43.52
137,4,137,0,0,DeltaDock,Accessories,30,63.17,0.106,56.47,71.81,-21.36,11.1,0.561,1,56.47,26.47,46.88
137,4,137,0,0,EpsilonCam,Imaging,55,136.96,0.064,128.19,153.08,-16.26,31.89,0.576,4,512.78,292.78,57.1
137,4,137,0,0,ZetaHub,Accessories,22,59.41,0.024,57.98,56.85,2.0,35.78,0.91,17,985.73,611.73,62.06
137,4,137,0,0,EtaDesk,Furniture,80,189.72,0.115,167.9,209.89,-20.0,76.47,1.182,8,1343.22,703.22,52.35
137,4,137,0,0,ThetaMat,Accessories,15,39.4,0.047,37.55,45.45,-17.39,17.76,0.672,19,713.42,428.42,60.05
138,5,138,1,0,AlphaWatch,Wearables,40,90.1,0.029,87.49,101.25,-13.59,43.19,0.925,7,612.41,332.41,54.28
138,5,138,1,0,BetaBuds,Audio,25,49.74,0.078,45.86,49.75,-7.82,87.0,0.853,32,1467.53,667.53,45.49
138,5,138,1,0,GammaBand,Wearables,18,46.86,0.013,46.25,42.69,8.34,126.27,1.5,49,2266.29,1384.29,61.08
138,5,138,1,0,DeltaDock,Accessories,30,60.4,0.044,57.74,63.32,-8.81,70.29,1.059,7,404.2,194.2,48.05
138,5,138,1,0,EpsilonCam,Imaging,55,106.15,0.06,99.78,102.97,-3.1,93.98,1.444,11,1097.59,492.59,44.88
138,5,138,1,0,ZetaHub,Accessories,22,56.64,0.116,50.07,62.2,-19.5,26.39,0.688,14,700.98,392.98,56.06
138,5,138,1,0,EtaDesk,Furniture,80,141.88,0.133,123.01,140.46,-12.42,9.28,0.5,3,369.03,129.03,34.96
138,5,138,1,0,ThetaMat,Accessories,15,40.86,0.001,40.82,41.14,-0.78,12.95,0.707,13,530.65,335.65,63.25
139,6,139,1,0,AlphaWatch,Wearables,40,81.75,0.054,77.34,93.42,-17.22,33.76,0.862,13,1005.36,485.36,48.28
139,6,139,1,0,BetaBuds,Audio,25,64.29,0.067,59.98,66.89,-10.33,53.52,1.103,16,959.72,559.72,58.32
139,6,139,1,0,GammaBand,Wearables,18,49.7,0.008,49.3,49.59,-0.58,4.89,0.643,6,295.81,187.81,63.49
139,6,139,1,0,DeltaDock,Accessories,30,77.84,0.096,70.37,76.98,-8.59,20.71,0.746,2,140.73,80.73,57.37
139,6,139,1,0,EpsilonCam,Imaging,55,137.29,0.016,135.09,126.22,7.03,64.53,1.097,4,540.37,320.37,59.29
139,6,139,1,0,ZetaHub,Accessories,22,38.62,0.01,38.23,46.33,-17.48,17.63,0.621,19,726.44,308.44,42.46
139,6,139,1,0,EtaDesk,Furniture,80,198.74,0.19,160.98,188.18,-14.45,21.6,0.619,4,643.92,323.92,50.3
139,6,139,1,0,ThetaMat,Accessories,15,35.04,0.193,28.28,35.07,-19.37,24.07,0.977,56,1583.53,743.53,46.95
140,0,140,0,0,AlphaWatch,Wearables,40,97.21,0.117,85.84,108.77,-21.08,42.39,0.805,8,686.69,366.69,53.4
140,0,140,0,0,BetaBuds,Audio,25,45.71,0.069,42.56,40.97,3.87,61.3,0.969,33,1404.35,579.35,41.25
140,0,140,0,0,GammaBand,Wearables,18,49.97,0.053,47.32,60.28,-21.5,2.41,0.5,8,378.57,234.57,61.96
140,0,140,0,0,DeltaDock,Accessories,30,62.32,0.15,52.97,59.48,-10.94,1.89,0.794,2,105.94,45.94,43.37
140,0,140,0,0,EpsilonCam,Imaging,55,136.23,0.082,125.06,145.72,-14.18,43.66,0.852,4,500.24,280.24,56.02
140,0,140,0,0,ZetaHub,Accessories,22,43.91,0.258,32.58,37.13,-12.25,20.11,0.57,25,814.53,264.53,32.48
140,0,140,0,0,EtaDesk,Furniture,80,144.2,0.137,124.44,128.41,-3.09,6.88,0.5,4,497.78,177.78,35.71
140,0,140,0,0,ThetaMat,Accessories,15,27.99,0.148,23.85,22.83,4.46,162.44,1.5,193,4602.56,1707.56,37.1
141,1,141,0,0,AlphaWatch,Wearables,40,77.76,0.077,71.77,72.04,-0.37,19.24,0.622,5,358.86,158.86,44.27
141,1,141,0,0,BetaBuds,Audio,25,51.68,0.109,46.05,43.63,5.54,6.84,0.5,7,322.33,147.33,45.71
141,1,141,0,0,GammaBand,Wearables,18,45.97,0.076,42.48,55.43,-23.37,2.17,0.5,10,424.76,244.76,57.62
141,1,141,0,0,DeltaDock,Accessories,30,55.53,0.208,43.98,54.52,-19.33,31.48,0.834,5,219.9,69.9,31.79
141,1,141,0,0,EpsilonCam,Imaging,55,108.25,0.033,104.68,104.63,0.05,44.88,1.166,7,732.74,347.74,47.46
141,1,141,0,0,ZetaHub,Accessories,22,52.06,0.039,50.03,61.59,-18.77,13.94,0.757,12,600.36,336.36,56.03
141,1,141,0,0,EtaDesk,Furniture,80,165.67,0.006,164.68,197.23,-16.51,13.98,0.622,2,329.35,169.35,51.42
141,1,141,0,0,ThetaMat,Accessories,15,32.08,0.083,29.42,23.56,24.86,13.01,0.559,24,706.02,346.02,49.01
142,2,142,0,0,AlphaWatch,Wearables,40,76.32,0.113,67.7,78.38,-13.63,42.88,0.961,8,541.57,221.57,40.91
142,2,142,0,0,BetaBuds,Audio,25,48.03,0.078,44.28,51.55,-14.1,4.85,0.647,5,221.42,96.42,43.55
142,2,142,0,0,GammaBand,Wearables,18,31.15,0.112,27.66,36.25,-23.69,21.04,0.567,41,1134.11,396.11,34.93
142,2,142,0,0,DeltaDock,Accessories,30,77.41,0.14,66.57,83.83,-20.59,17.28,0.712,4,266.29,146.29,54.94
142,2,142,0,0,EpsilonCam,Imaging,55,145.4,0.076,134.35,155.35,-13.52,33.44,0.873,4,537.4,317.4,59.06
142,2,142,0,0,ZetaHub,Accessories,22,40.56,0.011,40.11,52.6,-23.74,17.51,0.513,19,762.16,344.16,45.16
142,2,142,0,0,EtaDesk,Furniture,80,170.27,0.101,153.07,168.55,-9.18,23.57,0.843,3,459.22,219.22,47.74
142,2,142,0,0,ThetaMat,Accessories,15,28.12,0.112,24.97,28.99,-13.86,1.23,0.628,23,574.32,229.32,39.93
143,3,143,0,0,AlphaWatch,Wearables,40,100.95,0.054,95.5,117.7,-18.86,2.52,0.5,1,95.5,55.5,58.11
143,3,143,0,0,BetaBuds,Audio,25,65.68,0.019,64.43,63.1,2.11,41.14,0.786,6,386.59,236.59,61.2
143,3,143,0,0,GammaBand,Wearables,18,42.96,0.13,37.38,50.18,-25.52,1.0,0.5,11,411.13,213.13,51.84
143,3,143,0,0,DeltaDock,Accessories,30,77.15,0.025,75.22,66.74,12.71,5.59,0.5,1,75.22,45.22,60.12
143,3,143,0,0,EpsilonCam,Imaging,55,147.15,0.04,141.26,138.58,1.94,15.32,0.789,2,282.53,172.53,61.07
143,3,143,0,0,ZetaHub,Accessories,22,49.38,0.167,41.13,53.82,-23.57,8.21,0.51,14,575.87,267.87,46.52
143,3,143,0,0,EtaDesk,Furniture,80,179.69,0.11,159.92,183.93,-13.05,25.09,0.512,4,639.7,319.7,49.98
143,3,143,0,0,ThetaMat,Accessories,15,37.05,0.08,34.09,39.62,-13.97,1.27,0.5,11,374.95,209.95,55.99
144,4,144,0,0,AlphaWatch,Wearables,40,112.24,0.16,94.28,112.7,-16.34,6.09,0.558,2,188.56,108.56,57.57
144,4,144,0,0,BetaBuds,Audio,25,57.3,0.02,56.15,56.93,-1.36,1.3,0.5,2,112.31,62.31,55.48
144,4,144,0,0,GammaBand,Wearables,18,44.49,0.047,42.4,59.32,-28.52,82.45,1.134,55,2331.94,1341.94,57.55
144,4,144,0,0,DeltaDock,Accessories,30,77.4,0.142,66.41,76.75,-13.47,55.22,1.138,5,332.05,182.05,54.83
144,4,144,0,0,EpsilonCam,Imaging,55,146.17,0.178,120.15,141.91,-15.33,13.83,0.602,2,240.3,130.3,54.22
144,4,144,0,0,ZetaHub,Accessories,22,42.75,0.054,40.44,40.37,0.18,35.53,0.613,17,687.51,313.51,45.6
144,4,144,0,0,EtaDesk,Furniture,80,191.4,0.048,182.21,206.43,-11.73,46.39,1.005,8,1457.7,817.7,56.1
144,4,144,0,0,ThetaMat,Accessories,15,36.88,0.161,30.94,34.65,-10.7,54.26,1.129,79,2444.44,1259.44,51.52
145,5,145,1,0,AlphaWatch,Wearables,40,73.78,0.085,67.51,77.37,-12.75,39.75,0.826,13,877.61,357.61,40.75
145,5,145,1,0,BetaBuds,Audio,25,53.78,0.087,49.1,60.88,-19.35,47.93,0.903,30,1473.03,723.03,49.08
145,5,145,1,0,GammaBand,Wearables,18,35.22,0.076,32.54,36.64,-11.18,13.69,0.697,68,2212.94,988.94,44.69
145,5,145,1,0,DeltaDock,Accessories,30,84.54,0.077,78.03,81.92,-4.75,11.9,0.978,2,156.06,96.06,61.55
145,5,145,1,0,EpsilonCam,Imaging,55,97.99,0.024,95.64,118.71,-19.44,3.82,0.5,3,286.91,121.91,42.49
145,5,145,1,0,ZetaHub,Accessories,22,64.66,0.125,56.58,77.5,-27.0,29.63,0.609,11,622.35,380.35,61.12
145,5,145,1,0,EtaDesk,Furniture,80,177.54,0.044,169.73,176.48,-3.83,180.74,1.5,21,3564.29,1884.29,52.87
145,5,145,1,0,ThetaMat,Accessories,15,34.35,0.115,30.4,39.46,-22.96,0.67,0.533,11,334.4,169.4,50.66
146,6,146,1,0,AlphaWatch,Wearables,40,96.08,0.138,82.82,107.11,-22.68,0.65,0.641,2,165.64,85.64,51.7
146,6,146,1,0,BetaBuds,Audio,25,58.09,0.049,55.24,65.93,-16.21,3.47,0.781,4,220.97,120.97,54.75
146,6,146,1,0,GammaBand,Wearables,18,48.39,0.096,43.74,44.92,-2.62,49.83,0.728,25,1093.61,643.61,58.85
146,6,146,1,0,DeltaDock,Accessories,30,65.0,0.003,64.81,56.72,14.25,22.49,1.003,2,129.61,69.61,53.71
146,6,146,1,0,EpsilonCam,Imaging,55,99.57,0.276,72.09,105.27,-31.52,61.88,1.233,19,1369.68,324.68,23.71
146,6,146,1,0,ZetaHub,Accessories,22,51.89,0.024,50.64,56.4,-10.2,9.65,0.5,8,405.16,229.16,56.56
146,6,146,1,0,EtaDesk,Furniture,80,230.91,0.027,224.68,247.7,-9.3,49.74,0.863,7,1572.73,1012.73,64.39
146,6,146,1,0,ThetaMat,Accessories,15,35.87,0.103,32.18,42.82,-24.86,5.0,0.5,12,386.1,206.1,53.38
147,0,147,0,0,AlphaWatch,Wearables,40,88.07,0.065,82.35,75.43,9.17,40.23,0.637,5,411.73,211.73,51.42
147,0,147,0,0,BetaBuds,Audio,25,60.54,0.068,56.42,64.16,-12.06,17.25,0.615,7,394.96,219.96,55.69
147,0,147,0,0,GammaBand,Wearables,18,34.19,0.099,30.81,25.95,18.71,5.25,0.51,17,523.69,217.69,41.57
147,0,147,0,0,DeltaDock,Accessories,30,72.21,0.181,59.14,73.89,-19.96,45.53,0.84,6,354.84,174.84,49.27
147,0,147,0,0,EpsilonCam,Imaging,55,127.11,0.101,114.27,146.47,-21.98,17.01,0.624,4,457.09,237.09,51.87
147,0,147,0,0,ZetaHub,Accessories,22,48.49,0.098,43.74,49.84,-12.24,3.99,0.523,4,174.95,86.95,49.7
147,0,147,0,0,EtaDesk,Furniture,80,192.31,0.146,164.23,184.34,-10.91,26.85,0.813,7,1149.63,589.63,51.29
147,0,147,0,0,ThetaMat,Accessories,15,40.12,0.013,39.6,38.51,2.83,12.11,0.86,21,831.57,516.57,62.12
148,1,148,0,0,AlphaWatch,Wearables,40,87.26,0.032,84.47,92.78,-8.96,12.65,0.737,5,422.34,222.34,52.64
148,1,148,0,0,BetaBuds,Audio,25,69.32,0.02,67.93,71.36,-4.8,42.6,0.643,7,475.54,300.54,63.2
148,1,148,0,0,GammaBand,Wearables,18,43.44,0.013,42.88,43.33,-1.05,25.0,0.584,16,686.0,398.0,58.02
148,1,148,0,0,DeltaDock,Accessories,30,80.84,0.015,79.63,98.35,-19.04,6.42,0.569,1,79.63,49.63,62.32
148,1,148,0,0,EpsilonCam,Imaging,55,148.35,0.09,135.0,141.37,-4.51,13.69,0.938,4,539.99,319.99,59.26
148,1,148,0,0,ZetaHub,Accessories,22,48.82,0.117,43.11,48.85,-11.75,22.95,0.845,11,474.19,232.19,48.97
148,1,148,0,0,EtaDesk,Furniture,80,178.77,0.175,147.49,206.21,-28.48,66.3,1.059,9,1327.37,607.37,45.76
148,1,148,0,0,ThetaMat,Accessories,15,25.42,0.022,24.86,22.37,11.13,3.16,0.5,22,546.94,216.94,39.66
149,2,149,0,0,AlphaWatch,Wearables,40,68.86,0.077,63.56,79.2,-19.75,12.58,0.609,5,317.79,117.79,37.07
149,2,149,0,0,BetaBuds,Audio,25,50.57,0.027,49.2,43.76,12.44,27.14,0.768,17,836.48,411.48,49.19
149,2,149,0,0,GammaBand,Wearables,18,38.84,0.037,37.4,42.87,-12.75,0.81,0.607,8,299.22,155.22,51.88
149,2,149,0,0,DeltaDock,Accessories,30,69.77,0.071,64.82,65.22,-0.62,70.1,1.21,7,453.71,243.71,53.72
149,2,149,0,0,EpsilonCam,Imaging,55,109.55,0.021,107.25,109.13,-1.72,9.58,0.645,2,214.5,104.5,48.72
149,2,149,0,0,ZetaHub,Accessories,22,40.66,0.032,39.36,40.83,-3.6,37.21,0.724,21,826.54,364.54,44.1
149,2,149,0,0,EtaDesk,Furniture,80,220.48,0.07,205.05,235.48,-12.92,8.53,0.5,1,205.05,125.05,60.98
149,2,149,0,0,ThetaMat,Accessories,15,33.4,0.082,30.66,27.47,11.62,6.54,0.762,15,459.92,234.92,51.08
150,3,150,0,0,AlphaWatch,Wearables,40,106.95,0.034,103.31,105.35,-1.93,22.25,0.764,2,206.63,126.63,61.28
150,3,150,0,0,BetaBuds,Audio,25,56.86,0.052,53.9,50.84,6.03,14.28,0.65,9,485.13,260.13,53.62
150,3,150,0,0,GammaBand,Wearables,18,43.07,0.034,41.61,46.81,-11.12,4.32,0.707,19,790.51,448.51,56.74
150,3,150,0,0,DeltaDock,Accessories,30,55.67,0.021,54.5,59.84,-8.92,83.85,1.138,7,381.51,171.51,44.96
150,3,150,0,0,EpsilonCam,Imaging,55,95.06,0.058,89.55,97.79,-8.43,17.32,0.5,3,268.64,103.64,38.58
150,3,150,0,0,ZetaHub,Accessories,22,41.82,0.114,37.05,44.97,-17.61,30.75,0.647,31,1148.63,466.63,40.62
150,3,150,0,0,EtaDesk,Furniture,80,189.03,0.064,176.93,200.1,-11.58,28.76,0.654,5,884.66,484.66,54.78
150,3,150,0,0,ThetaMat,Accessories,15,31.77,0.282,22.81,37.61,-39.35,13.21,0.5,63,1437.08,492.08,34.24
151,4,151,0,0,AlphaWatch,Wearables,40,113.8,0.158,95.82,112.16,-14.57,35.27,0.924,4,383.28,223.28,58.25
151,4,151,0,0,BetaBuds,Audio,25,72.93,0.1,65.64,72.48,-9.44,31.83,0.566,5,328.19,203.19,61.91
151,4,151,0,0,GammaBand,Wearables,18,33.34,0.085,30.51,32.62,-6.48,26.46,0.602,44,1342.27,550.27,41.0
151,4,151,0,0,DeltaDock,Accessories,30,69.72,0.06,65.54,63.34,3.47,1.78,0.581,1,65.54,35.54,54.22
151,4,151,0,0,EpsilonCam,Imaging,55,95.6,0.097,86.33,100.37,-13.99,0.1,0.5,2,172.65,62.65,36.29
151,4,151,0,0,ZetaHub,Accessories,22,37.56,0.063,35.19,40.33,-12.74,14.41,0.654,28,985.42,369.42,37.49
151,4,151,0,0,EtaDesk,Furniture,80,145.79,0.138,125.67,130.54,-3.73,15.41,0.627,4,502.68,182.68,36.34
151,4,151,0,0,ThetaMat,Accessories,15,39.24,0.015,38.65,41.88,-7.71,65.92,1.125,29,1120.89,685.89,61.19
152,5,152,1,0,AlphaWatch,Wearables,40,107.07,0.171,88.76,119.75,-25.88,61.58,0.859,9,798.85,438.85,54.94
152,5,152,1,0,BetaBuds,Audio,25,69.18,0.166,57.7,62.14,-7.15,14.53,0.77,11,634.66,359.66,56.67
152,5,152,1,0,GammaBand,Wearables,18,44.36,0.186,36.11,38.77,-6.86,16.7,0.5,23,830.51,416.51,50.15
152,5,152,1,0,DeltaDock,Accessories,30,74.04,0.065,69.23,63.48,9.05,36.28,0.908,3,207.68,117.68,56.66
152,5,152,1,0,EpsilonCam,Imaging,55,126.44,0.007,125.55,126.46,-0.72,14.18,0.5,2,251.11,141.11,56.19
152,5,152,1,0,ZetaHub,Accessories,22,44.4,0.031,43.02,46.69,-7.85,7.06,0.847,19,817.45,399.45,48.87
152,5,152,1,0,EtaDesk,Furniture,80,196.13,0.03,190.25,219.21,-13.21,2.74,0.722,1,190.25,110.25,57.95
152,5,152,1,0,ThetaMat,Accessories,15,36.79,0.071,34.18,43.08,-20.66,73.0,1.196,67,2289.92,1284.92,56.11
153,6,153,1,0,AlphaWatch,Wearables,40,83.99,0.068,78.28,81.72,-4.21,1.02,0.698,3,234.84,114.84,48.9
153,6,153,1,0,BetaBuds,Audio,25,65.04,0.079,59.9,59.84,0.1,13.12,0.596,5,299.51,174.51,58.27
153,6,153,1,0,GammaBand,Wearables,18,40.16,0.079,36.99,34.59,6.93,5.31,0.723,17,628.79,322.79,51.33
153,6,153,1,0,DeltaDock,Accessories,30,79.75,0.05,75.76,71.75,5.59,12.71,0.566,1,75.76,45.76,60.4
153,6,153,1,0,EpsilonCam,Imaging,55,139.54,0.005,138.84,158.52,-12.41,10.61,0.795,3,416.53,251.53,60.39
153,6,153,1,0,ZetaHub,Accessories,22,58.84,0.051,55.84,63.96,-12.7,60.79,1.029,18,1005.1,609.1,60.6
153,6,153,1,0,EtaDesk,Furniture,80,177.32,0.125,155.16,207.98,-25.4,8.28,0.597,4,620.62,300.62,48.44
153,6,153,1,0,ThetaMat,Accessories,15,42.06,0.037,40.5,42.35,-4.36,4.46,0.5,8,324.03,204.03,62.97
154,0,154,0,0,AlphaWatch,Wearables,40,95.73,0.026,93.24,102.76,-9.26,10.32,0.635,4,372.96,212.96,57.1
154,0,154,0,0,BetaBuds,Audio,25,52.42,0.129,45.66,50.46,-9.52,34.27,0.942,24,1095.79,495.79,45.24
154,0,154,0,0,GammaBand,Wearables,18,37.46,0.08,34.46,33.29,3.52,55.47,0.705,54,1861.01,889.01,47.77
154,0,154,0,0,DeltaDock,Accessories,30,81.17,0.016,79.87,68.49,16.62,113.98,1.085,3,239.61,149.61,62.44
154,0,154,0,0,EpsilonCam,Imaging,55,129.73,0.082,119.09,148.04,-19.55,84.0,1.075,6,714.55,384.55,53.82
154,0,154,0,0,ZetaHub,Accessories,22,56.99,0.019,55.91,54.09,3.36,8.42,0.563,10,559.07,339.07,60.65
154,0,154,0,0,EtaDesk,Furniture,80,203.44,0.124,178.21,211.95,-15.92,1.71,0.5,1,178.21,98.21,55.11
154,0,154,0,0,ThetaMat,Accessories,15,38.7,0.062,36.3,39.46,-8.01,79.79,1.265,51,1851.33,1086.33,58.68
155,1,155,0,0,AlphaWatch,Wearables,40,81.63,0.03,79.18,81.07,-2.33,36.88,0.818,6,475.09,235.09,49.48
155,1,155,0,0,BetaBuds,Audio,25,50.12,0.031,48.57,48.55,0.03,26.68,0.708,9,437.1,212.1,48.52
155,1,155,0,0,GammaBand,Wearables,18,47.55,0.02,46.6,47.01,-0.87,38.52,0.723,17,792.18,486.18,61.37
155,1,155,0,0,DeltaDock,Accessories,30,70.83,0.011,70.05,71.79,-2.42,12.45,0.5,1,70.05,40.05,57.17
155,1,155,0,0,EpsilonCam,Imaging,55,150.89,0.052,143.04,161.95,-11.67,52.44,0.855,3,429.13,264.13,61.55
155,1,155,0,0,ZetaHub,Accessories,22,43.7,0.136,37.76,36.43,3.64,24.07,0.609,16,604.11,252.11,41.73
155,1,155,0,0,EtaDesk,Furniture,80,143.1,0.105,128.07,134.96,-5.1,30.88,0.792,5,640.37,240.37,37.54
155,1,155,0,0,ThetaMat,Accessories,15,33.11,0.016,32.58,32.98,-1.21,48.08,0.884,32,1042.57,562.57,53.96
156,2,156,0,0,AlphaWatch,Wearables,40,103.32,0.005,102.8,92.54,11.09,9.71,0.5,2,205.61,125.61,61.09
156,2,156,0,0,BetaBuds,Audio,25,66.57,0.104,59.65,66.63,-10.48,14.0,0.732,7,417.53,242.53,58.09
156,2,156,0,0,GammaBand,Wearables,18,43.3,0.059,40.75,35.25,15.59,24.68,0.548,11,448.2,250.2,55.82
156,2,156,0,0,DeltaDock,Accessories,30,77.75,0.058,73.24,81.45,-10.08,85.12,1.35,5,366.2,216.2,59.04
156,2,156,0,0,EpsilonCam,Imaging,55,130.83,0.135,113.17,142.64,-20.66,17.62,0.71,3,339.5,174.5,51.4
156,2,156,0,0,ZetaHub,Accessories,22,56.6,0.065,52.92,57.18,-7.45,2.65,0.5,3,158.76,92.76,58.43
156,2,156,0,0,EtaDesk,Furniture,80,139.34,0.082,127.91,143.4,-10.8,71.46,1.388,10,1279.14,479.14,37.46
156,2,156,0,0,ThetaMat,Accessories,15,38.1,0.137,32.88,39.3,-16.34,1.14,0.513,14,460.32,250.32,54.38
157,3,157,0,0,AlphaWatch,Wearables,40,104.67,0.04,100.48,89.84,11.85,7.95,0.5,1,100.48,60.48,60.19
157,3,157,0,0,BetaBuds,Audio,25,66.81,0.015,65.81,73.77,-10.79,54.29,0.978,12,789.69,489.69,62.01
157,3,157,0,0,GammaBand,Wearables,18,49.45,0.069,46.04,45.37,1.47,63.44,1.023,26,1196.99,728.99,60.9
157,3,157,0,0,DeltaDock,Accessories,30,80.09,0.056,75.6,67.54,11.94,13.91,0.603,2,151.21,91.21,60.32
157,3,157,0,0,EpsilonCam,Imaging,55,99.87,0.162,83.69,89.27,-6.25,34.1,0.825,5,418.46,143.46,34.28
157,3,157,0,0,ZetaHub,Accessories,22,40.92,0.093,37.11,46.1,-19.49,23.15,0.935,41,1521.69,619.69,40.72
157,3,157,0,0,EtaDesk,Furniture,80,165.19,0.054,156.27,164.77,-5.16,38.07,0.78,7,1093.89,533.89,48.81
157,3,157,0,0,ThetaMat,Accessories,15,29.52,0.063,27.66,29.31,-5.63,66.89,1.112,61,1687.27,772.27,45.77
158,4,158,0,0,AlphaWatch,Wearables,40,97.7,0.053,92.52,102.3,-9.56,83.32,1.197,11,1017.74,577.74,56.77
158,4,158,0,0,BetaBuds,Audio,25,44.04,0.078,40.6,52.37,-22.47,7.53,0.5,10,406.05,156.05,38.43
158,4,158,0,0,GammaBand,Wearables,18,39.87,0.101,35.84,45.02,-20.38,150.47,1.5,77,2759.92,1373.92,49.78
158,4,158,0,0,DeltaDock,Accessories,30,71.65,0.035,69.14,69.82,-0.97,62.55,0.804,3,207.43,117.43,56.61
158,4,158,0,0,EpsilonCam,Imaging,55,121.54,0.079,111.94,123.77,-9.56,3.48,0.5,2,223.88,113.88,50.87
158,4,158,0,0,ZetaHub,Accessories,22,53.53,0.069,49.84,63.21,-21.16,43.04,0.799,21,1046.57,584.57,55.86
158,4,158,0,0,EtaDesk,Furniture,80,149.3,0.065,139.6,156.24,-10.65,100.3,1.253,13,1814.74,774.74,42.69
158,4,158,0,0,ThetaMat,Accessories,15,42.64,0.045,40.72,46.26,-11.97,61.44,1.084,37,1506.68,951.68,63.16
159,5,159,1,0,AlphaWatch,Wearables,40,107.17,0.137,92.49,106.96,-13.53,24.26,0.762,6,554.93,314.93,56.75
159,5,159,1,0,BetaBuds,Audio,25,56.05,0.072,52.01,48.15,8.03,6.56,0.5,4,208.06,108.06,51.94
159,5,159,1,0,GammaBand,Wearables,18,45.75,0.075,42.32,47.19,-10.32,26.85,0.873,34,1438.84,826.84,57.47
159,5,159,1,0,DeltaDock,Accessories,30,81.64,0.058,76.9,77.38,-0.61,38.92,0.62,3,230.71,140.71,60.99
159,5,159,1,0,EpsilonCam,Imaging,55,137.78,0.239,104.85,163.99,-36.06,141.46,1.5,34,3564.92,1694.92,47.54
159,5,159,1,0,ZetaHub,Accessories,22,39.72,0.161,33.33,39.41,-15.44,34.98,0.559,54,1799.55,611.55,33.98
159,5,159,1,0,EtaDesk,Furniture,80,176.36,0.016,173.54,190.67,-8.99,72.45,1.19,9,1561.84,841.84,53.9
159,5,159,1,0,ThetaMat,Accessories,15,38.55,0.041,36.97,33.47,10.46,43.75,0.953,52,1922.41,1142.41,59.43
160,6,160,1,0,AlphaWatch,Wearables,40,115.09,0.114,101.97,101.06,0.9,37.96,0.928,6,611.82,371.82,60.77
160,6,160,1,0,BetaBuds,Audio,25,47.89,0.032,46.36,45.91,0.97,39.41,0.888,21,973.51,448.51,46.07
160,6,160,1,0,GammaBand,Wearables,18,37.36,0.119,32.91,44.19,-25.52,5.9,0.5,30,987.42,447.42,45.31
160,6,160,1,0,DeltaDock,Accessories,30,74.69,0.092,67.82,75.56,-10.25,35.24,0.649,2,135.64,75.64,55.76
160,6,160,1,0,EpsilonCam,Imaging,55,136.41,0.162,114.31,134.52,-15.02,3.87,0.5,2,228.62,118.62,51.89
160,6,160,1,0,ZetaHub,Accessories,22,56.98,0.023,55.67,63.68,-12.58,15.64,0.845,15,835.04,505.04,60.48
160,6,160,1,0,EtaDesk,Furniture,80,152.6,0.085,139.63,164.01,-14.87,13.1,0.698,3,418.89,178.89,42.71
160,6,160,1,0,ThetaMat,Accessories,15,35.12,0.02,34.42,38.05,-9.55,70.8,0.964,64,2202.73,1242.73,56.42
161,0,161,0,0,AlphaWatch,Wearables,40,84.3,0.156,71.15,86.33,-17.58,30.19,0.507,4,284.6,124.6,43.78
161,0,161,0,0,BetaBuds,Audio,25,67.88,0.012,67.07,63.71,5.27,39.17,0.906,8,536.52,336.52,62.72
161,0,161,0,0,GammaBand,Wearables,18,37.86,0.17,31.42,46.68,-32.68,31.23,0.751,71,2231.09,953.09,42.72
161,0,161,0,0,DeltaDock,Accessories,30,77.94,0.077,71.94,78.19,-8.0,22.16,0.531,2,143.88,83.88,58.3
161,0,161,0,0,EpsilonCam,Imaging,55,94.25,0.048,89.73,110.94,-19.12,13.45,0.709,5,448.63,173.63,38.7
161,0,161,0,0,ZetaHub,Accessories,22,44.05,0.009,43.65,46.21,-5.53,42.35,0.609,18,785.76,389.76,49.6
161,0,161,0,0,EtaDesk,Furniture,80,190.46,0.181,155.99,203.59,-23.38,61.94,0.84,5,779.93,379.93,48.71
161,0,161,0,0,ThetaMat,Accessories,15,28.97,0.064,27.12,21.55,25.83,109.42,1.5,90,2440.43,1090.43,44.68
162,1,162,0,0,AlphaWatch,Wearables,40,81.49,0.085,74.56,90.67,-17.76,11.67,0.794,4,298.25,138.25,46.35
162,1,162,0,0,BetaBuds,Audio,25,64.3,0.015,63.34,62.92,0.66,22.11,0.538,3,190.01,115.01,60.53
162,1,162,0,0,GammaBand,Wearables,18,46.34,0.098,41.8,49.83,-16.12,32.47,0.612,14,585.18,333.18,56.94
162,1,162,0,0,DeltaDock,Accessories,30,57.21,0.145,48.91,63.29,-22.71,71.15,1.129,6,293.49,113.49,38.67
162,1,162,0,0,EpsilonCam,Imaging,55,139.64,0.018,137.13,119.81,14.45,35.86,0.85,4,548.51,328.51,59.89
162,1,162,0,0,ZetaHub,Accessories,22,42.52,0.07,39.54,40.38,-2.07,2.57,0.59,5,197.72,87.72,44.37
162,1,162,0,0,EtaDesk,Furniture,80,188.49,0.015,185.66,224.94,-17.46,10.8,0.591,2,371.33,211.33,56.91
162,1,162,0,0,ThetaMat,Accessories,15,31.02,0.015,30.55,39.23,-22.11,28.41,0.587,24,733.31,373.31,50.91
163,2,163,0,0,AlphaWatch,Wearables,40,74.69,0.053,70.73,92.62,-23.63,20.22,0.522,5,353.66,153.66,43.45
163,2,163,0,0,BetaBuds,Audio,25,50.11,0.014,49.41,56.9,-13.17,24.25,0.888,9,444.68,219.68,49.4
163,2,163,0,0,GammaBand,Wearables,18,36.79,0.123,32.26,40.11,-19.56,14.47,0.836,41,1322.86,584.86,44.21
163,2,163,0,0,DeltaDock,Accessories,30,77.34,0.027,75.25,77.03,-2.31,5.22,0.541,1,75.25,45.25,60.13
163,2,163,0,0,EpsilonCam,Imaging,55,122.21,0.135,105.71,141.11,-25.09,21.38,0.803,4,422.85,202.85,47.97
163,2,163,0,0,ZetaHub,Accessories,22,57.21,0.197,45.94,50.97,-9.87,21.09,0.736,23,1056.61,550.61,52.11
163,2,163,0,0,EtaDesk,Furniture,80,148.48,0.027,144.47,163.53,-11.65,31.76,1.057,5,722.36,322.36,44.63
163,2,163,0,0,ThetaMat,Accessories,15,40.48,0.036,39.02,42.06,-7.22,99.23,1.366,48,1873.09,1153.09,61.56
164,3,164,0,0,AlphaWatch,Wearables,40,81.58,0.04,78.32,77.18,1.47,6.02,0.5,3,234.95,114.95,48.93
164,3,164,0,0,BetaBuds,Audio,25,72.94,0.103,65.43,72.74,-10.05,39.65,0.582,14,915.98,565.98,61.79
164,3,164,0,0,GammaBand,Wearables,18,41.39,0.131,35.97,36.46,-1.35,12.85,0.68,30,1079.04,539.04,49.96
164,3,164,0,0,DeltaDock,Accessories,30,82.93,0.025,80.86,76.02,6.36,11.82,0.69,1,80.86,50.86,62.9
164,3,164,0,0,EpsilonCam,Imaging,55,105.41,0.077,97.29,97.38,-0.09,29.64,0.79,4,389.17,169.17,43.47
164,3,164,0,0,ZetaHub,Accessories,22,56.52,0.033,54.65,54.55,0.19,79.98,1.112,18,983.79,587.79,59.75
164,3,164,0,0,EtaDesk,Furniture,80,183.63,0.034,177.39,196.56,-9.75,11.42,0.584,2,354.77,194.77,54.9
164,3,164,0,0,ThetaMat,Accessories,15,39.39,0.064,36.87,35.32,4.39,40.34,0.668,20,737.38,437.38,59.32
165,4,165,0,0,AlphaWatch,Wearables,40,102.04,0.09,92.86,120.42,-22.89,7.94,0.606,4,371.43,211.43,56.92
165,4,165,0,0,BetaBuds,Audio,25,64.63,0.111,57.46,73.86,-22.21,25.89,0.935,16,919.3,519.3,56.49
165,4,165,0,0,GammaBand,Wearables,18,42.32,0.128,36.9,43.84,-15.82,71.93,1.114,49,1808.25,926.25,51.22
165,4,165,0,0,DeltaDock,Accessories,30,79.48,0.012,78.53,84.22,-6.76,34.36,0.578,2,157.05,97.05,61.8
165,4,165,0,0,EpsilonCam,Imaging,55,149.76,0.01,148.26,140.78,5.31,7.28,0.58,2,296.52,186.52,62.9
165,4,165,0,0,ZetaHub,Accessories,22,53.2,0.054,50.33,54.49,-7.64,16.17,0.673,3,150.98,84.98,56.29
165,4,165,0,0,EtaDesk,Furniture,80,183.95,0.041,176.41,182.51,-3.34,93.35,1.32,6,1058.45,578.45,54.65
165,4,165,0,0,ThetaMat,Accessories,15,28.64,0.079,26.38,31.59,-16.5,52.83,0.997,89,2347.59,1012.59,43.13
166,5,166,1,0,AlphaWatch,Wearables,40,97.91,0.049,93.11,117.9,-21.02,0.47,0.5,1,93.11,53.11,57.04
166,5,166,1,0,BetaBuds,Audio,25,47.21,0.152,40.03,39.64,0.99,33.64,0.784,26,1040.89,390.89,37.55
166,5,166,1,0,GammaBand,Wearables,18,35.87,0.079,33.04,37.3,-11.43,73.47,1.124,99,3270.59,1488.59,45.51
166,5,166,1,0,DeltaDock,Accessories,30,66.4,0.094,60.16,65.65,-8.36,46.55,0.898,3,180.48,90.48,50.13
166,5,166,1,0,EpsilonCam,Imaging,55,128.94,0.098,116.3,143.38,-18.88,41.77,0.745,11,1279.34,674.34,52.71
166,5,166,1,0,ZetaHub,Accessories,22,42.32,0.08,38.93,40.15,-3.03,26.65,0.598,26,1012.29,440.29,43.49
166,5,166,1,0,EtaDesk,Furniture,80,188.41,0.088,171.83,178.57,-3.77,28.12,0.531,3,515.49,275.49,53.44
166,5,166,1,0,ThetaMat,Accessories,15,33.15,0.089,30.2,30.62,-1.37,86.6,1.195,33,996.59,501.59,50.33
167,6,167,1,0,AlphaWatch,Wearables,40,83.01,0.092,75.37,99.92,-24.57,6.75,0.709,4,301.49,141.49,46.93
167,6,167,1,0,BetaBuds,Audio,25,45.09,0.012,44.55,46.36,-3.91,6.8,0.705,16,712.78,312.78,43.88
167,6,167,1,0,GammaBand,Wearables,18,33.21,0.072,30.82,28.39,8.56,4.87,0.527,21,647.2,269.2,41.59
167,6,167,1,0,DeltaDock,Accessories,30,83.51,0.061,78.42,83.47,-6.06,83.74,1.125,6,470.5,290.5,61.74
167,6,167,1,0,EpsilonCam,Imaging,55,138.88,0.147,118.46,146.36,-19.06,24.37,0.576,4,473.86,253.86,53.57
167,6,167,1,0,ZetaHub,Accessories,22,43.18,0.095,39.08,51.21,-23.69,59.5,0.887,56,2188.36,956.36,43.7
167,6,167,1,0,EtaDesk,Furniture,80,219.28,0.019,215.11,199.42,7.87,3.71,0.5,1,215.11,135.11,62.81
167,6,167,1,0,ThetaMat,Accessories,15,39.7,0.041,38.07,42.79,-11.03,85.24,1.357,56,2132.05,1292.05,60.6
168,0,168,0,0,AlphaWatch,Wearables,40,104.47,0.044,99.87,110.03,-9.23,104.06,1.27,7,699.11,419.11,59.95
168,0,168,0,0,BetaBuds,Audio,25,54.61,0.072,50.68,44.86,12.97,57.68,1.137,9,456.1,231.1,50.67
168,0,168,0,0,GammaBand,Wearables,18,46.7,0.143,40.02,48.47,-17.43,22.22,1.078,38,1520.83,836.83,55.02
168,0,168,0,0,DeltaDock,Accessories,30,70.12,0.083,64.3,60.42,6.42,6.84,0.58,1,64.3,34.3,53.34
168,0,168,0,0,EpsilonCam,Imaging,55,104.6,0.054,98.95,99.23,-0.28,1.0,0.555,2,197.9,87.9,44.42
168,0,168,0,0,ZetaHub,Accessories,22,48.18,0.049,45.82,45.64,0.39,25.34,0.862,18,824.75,428.75,51.99
168,0,168,0,0,EtaDesk,Furniture,80,200.8,0.028,195.18,178.37,9.42,45.47,1.01,4,780.71,460.71,59.01
168,0,168,0,0,ThetaMat,Accessories,15,40.72,0.065,38.07,36.42,4.54,12.19,0.715,16,609.17,369.17,60.6
169,1,169,0,0,AlphaWatch,Wearables,40,111.47,0.125,97.54,124.85,-21.88,29.88,0.856,5,487.68,287.68,58.99
169,1,169,0,0,BetaBuds,Audio,25,57.65,0.04,55.34,55.01,0.61,5.58,0.5,3,166.03,91.03,54.83
169,1,169,0,0,GammaBand,Wearables,18,44.48,0.151,37.76,51.45,-26.6,8.37,0.5,27,1019.62,533.62,52.33
169,1,169,0,0,DeltaDock,Accessories,30,82.38,0.045,78.67,86.68,-9.24,13.92,0.732,2,157.35,97.35,61.87
169,1,169,0,0,EpsilonCam,Imaging,55,151.47,0.196,121.78,147.04,-17.18,23.86,0.876,5,608.91,333.91,54.84
169,1,169,0,0,ZetaHub,Accessories,22,41.73,0.11,37.14,44.48,-16.5,53.6,0.954,35,1299.89,529.89,40.76
169,1,169,0,0,EtaDesk,Furniture,80,173.3,0.059,163.08,189.23,-13.82,13.04,0.5,2,326.15,166.15,50.94
169,1,169,0,0,ThetaMat,Accessories,15,40.86,0.015,40.25,42.21,-4.65,14.41,0.628,11,442.72,277.72,62.73
170,2,170,0,0,AlphaWatch,Wearables,40,103.14,0.097,93.14,87.55,6.38,35.59,0.651,6,558.81,318.81,57.05
170,2,170,0,0,BetaBuds,Audio,25,58.77,0.081,54.01,72.14,-25.13,4.4,0.742,5,270.05,145.05,53.71
170,2,170,0,0,GammaBand,Wearables,18,46.62,0.044,44.57,52.67,-15.38,7.29,0.768,10,445.69,265.69,59.61
170,2,170,0,0,DeltaDock,Accessories,30,66.73,0.014,65.8,57.36,14.71,45.45,0.933,2,131.59,71.59,54.4
170,2,170,0,0,EpsilonCam,Imaging,55,103.87,0.048,98.88,104.8,-5.64,41.78,0.973,4,395.54,175.54,44.38
170,2,170,0,0,ZetaHub,Accessories,22,50.98,0.016,50.16,52.59,-4.61,13.5,0.532,10,501.64,281.64,56.14
170,2,170,0,0,EtaDesk,Furniture,80,166.37,0.062,156.06,182.78,-14.62,11.75,0.952,6,936.33,456.33,48.74
170,2,170,0,0,ThetaMat,Accessories,15,39.71,0.091,36.1,40.6,-11.09,28.18,0.76,38,1371.66,801.66,58.44
171,3,171,0,0,AlphaWatch,Wearables,40,76.5,0.109,68.16,76.08,-10.41,45.04,1.37,14,954.26,394.26,41.32
171,3,171,0,0,BetaBuds,Audio,25,54.33,0.066,50.74,56.02,-9.42,48.93,0.653,10,507.44,257.44,50.73
171,3,171,0,0,GammaBand,Wearables,18,34.29,0.059,32.27,27.39,17.81,39.54,0.979,36,1161.61,513.61,44.22
171,3,171,0,0,DeltaDock,Accessories,30,72.88,0.152,61.8,82.76,-25.32,38.26,0.675,3,185.41,95.41,51.46
171,3,171,0,0,EpsilonCam,Imaging,55,147.39,0.066,137.66,142.84,-3.62,75.06,1.208,6,825.97,495.97,60.05
171,3,171,0,0,ZetaHub,Accessories,22,48.15,0.22,37.56,45.22,-16.95,19.62,0.805,26,976.48,404.48,41.42
171,3,171,0,0,EtaDesk,Furniture,80,203.5,0.218,159.14,189.33,-15.95,42.03,0.784,7,1113.96,553.96,49.73
171,3,171,0,0,ThetaMat,Accessories,15,28.97,0.026,28.22,34.46,-18.12,10.36,0.754,24,677.2,317.2,46.84
172,4,172,0,0,AlphaWatch,Wearables,40,79.77,0.109,71.08,70.12,1.36,15.16,0.75,5,355.38,155.38,43.72
172,4,172,0,0,BetaBuds,Audio,25,44.82,0.012,44.28,39.65,11.68,19.71,0.917,16,708.51,308.51,43.54
172,4,172,0,0,GammaBand,Wearables,18,47.94,0.105,42.91,40.92,4.85,4.51,0.5,8,343.25,199.25,58.05
172,4,172,0,0,DeltaDock,Accessories,30,69.5,0.044,66.44,62.34,6.58,14.74,0.561,1,66.44,36.44,54.85
172,4,172,0,0,EpsilonCam,Imaging,55,127.72,0.016,125.68,121.32,3.59,19.33,0.5,2,251.35,141.35,56.24
172,4,172,0,0,ZetaHub,Accessories,22,44.39,0.078,40.93,49.24,-16.88,4.83,0.5,10,409.28,189.28,46.25
172,4,172,0,0,EtaDesk,Furniture,80,200.63,0.034,193.81,219.21,-11.59,19.59,0.72,4,775.23,455.23,58.72
172,4,172,0,0,ThetaMat,Accessories,15,37.76,0.025,36.82,33.15,11.06,15.37,0.641,14,515.42,305.42,59.26
173,5,173,1,0,AlphaWatch,Wearables,40,89.39,0.091,81.26,107.27,-24.25,7.78,0.822,7,568.79,288.79,50.77
173,5,173,1,0,BetaBuds,Audio,25,56.66,0.086,51.79,66.41,-22.02,85.79,1.193,45,2330.43,1205.43,51.73
173,5,173,1,0,GammaBand,Wearables,18,41.92,0.091,38.11,44.89,-15.11,73.9,0.778,40,1524.21,804.21,52.76
173,5,173,1,0,DeltaDock,Accessories,30,59.18,0.15,50.3,63.37,-20.62,122.5,1.5,11,553.33,223.33,40.36
173,5,173,1,0,EpsilonCam,Imaging,55,136.12,0.048,129.59,153.62,-15.64,99.55,1.334,8,1036.69,596.69,57.56
173,5,173,1,0,ZetaHub,Accessories,22,41.08,0.032,39.77,41.4,-3.95,17.49,0.691,14,556.72,248.72,44.68
173,5,173,1,0,EtaDesk,Furniture,80,164.42,0.044,157.19,187.98,-16.38,9.9,0.649,3,471.56,231.56,49.1
173,5,173,1,0,ThetaMat,Accessories,15,40.06,0.154,33.89,31.94,6.11,26.88,0.716,20,677.82,377.82,55.74
174,6,174,1,0,AlphaWatch,Wearables,40,77.95,0.006,77.48,74.23,4.38,47.72,0.731,7,542.38,262.38,48.38
174,6,174,1,0,BetaBuds,Audio,25,63.92,0.248,48.07,64.43,-25.4,30.82,0.892,18,865.22,415.22,47.99
174,6,174,1,0,GammaBand,Wearables,18,40.11,0.144,34.33,36.45,-5.8,25.48,0.628,31,1064.36,506.36,47.57
174,6,174,1,0,DeltaDock,Accessories,30,80.14,0.039,77.01,76.67,0.45,200.21,1.5,9,693.13,423.13,61.05
174,6,174,1,0,EpsilonCam,Imaging,55,102.29,0.009,101.37,105.59,-4.0,137.69,1.5,18,1824.65,834.65,45.74
174,6,174,1,0,ZetaHub,Accessories,22,54.14,0.08,49.81,57.87,-13.93,31.93,0.68,11,547.9,305.9,55.83
174,6,174,1,0,EtaDesk,Furniture,80,201.92,0.153,171.03,237.24,-27.91,6.48,0.622,2,342.05,182.05,53.22
174,6,174,1,0,ThetaMat,Accessories,15,32.58,0.095,29.48,27.19,8.44,60.52,1.136,51,1503.73,738.73,49.13
175,0,175,0,0,AlphaWatch,Wearables,40,90.72,0.014,89.45,95.36,-6.2,10.23,0.5,2,178.9,98.9,55.28
175,0,175,0,0,BetaBuds,Audio,25,53.51,0.067,49.92,58.22,-14.25,80.14,1.134,50,2496.24,1246.24,49.92
175,0,175,0,0,GammaBand,Wearables,18,38.7,0.047,36.88,37.94,-2.79,34.13,0.5,24,885.15,453.15,51.19
175,0,175,0,0,DeltaDock,Accessories,30,78.35,0.022,76.63,93.26,-17.84,9.18,0.529,1,76.63,46.63,60.85
175,0,175,0,0,EpsilonCam,Imaging,55,110.8,0.016,109.03,115.18,-5.34,3.83,0.597,1,109.03,54.03,49.55
175,0,175,0,0,ZetaHub,Accessories,22,48.61,0.03,47.15,52.22,-9.71,52.94,0.812,28,1320.25,704.25,53.34
175,0,175,0,0,EtaDesk,Furniture,80,170.55,0.07,158.61,179.32,-11.55,16.81,0.549,2,317.22,157.22,49.56
175,0,175,0,0,ThetaMat,Accessories,15,35.81,0.047,34.13,39.66,-13.95,0.76,0.829,9,307.14,172.14,56.05
176,1,176,0,0,AlphaWatch,Wearables,40,85.24,0.006,84.73,76.23,11.15,2.0,0.62,1,84.73,44.73,52.79
176,1,176,0,0,BetaBuds,Audio,25,49.63,0.047,47.3,55.95,-15.46,16.9,0.693,8,378.38,178.38,47.14
176,1,176,0,0,GammaBand,Wearables,18,32.95,0.053,31.2,27.67,12.77,1.65,0.724,15,468.05,198.05,42.31
176,1,176,0,0,DeltaDock,Accessories,30,56.39,0.201,45.06,53.69,-16.08,55.41,0.851,7,315.39,105.39,33.42
176,1,176,0,0,EpsilonCam,Imaging,55,124.35,0.05,118.13,113.16,4.39,10.38,0.646,2,236.26,126.26,53.44
176,1,176,0,0,ZetaHub,Accessories,22,49.49,0.055,46.77,50.99,-8.28,9.12,0.5,14,654.75,346.75,52.96
176,1,176,0,0,EtaDesk,Furniture,80,146.59,0.134,126.95,152.69,-16.86,45.54,0.779,9,1142.52,422.52,36.98
176,1,176,0,0,ThetaMat,Accessories,15,34.33,0.036,33.09,30.91,7.07,14.38,0.734,12,397.13,217.13,54.67
177,2,177,0,0,AlphaWatch,Wearables,40,78.9,0.015,77.72,91.84,-15.38,3.37,0.5,2,155.43,75.43,48.53
177,2,177,0,0,BetaBuds,Audio,25,72.4,0.022,70.81,73.08,-3.11,45.7,1.04,10,708.07,458.07,64.69
177,2,177,0,0,GammaBand,Wearables,18,48.43,0.082,44.46,52.5,-15.32,100.11,1.383,85,3778.99,2248.99,59.51
177,2,177,0,0,DeltaDock,Accessories,30,66.78,0.131,58.03,61.14,-5.08,9.18,0.605,2,116.06,56.06,48.3
177,2,177,0,0,EpsilonCam,Imaging,55,116.66,0.132,101.26,113.24,-10.58,23.24,0.765,4,405.04,185.04,45.68
177,2,177,0,0,ZetaHub,Accessories,22,53.88,0.082,49.46,55.4,-10.72,6.64,0.5,11,544.08,302.08,55.52
177,2,177,0,0,EtaDesk,Furniture,80,205.7,0.091,186.98,207.02,-9.68,18.14,0.72,3,560.94,320.94,57.21
177,2,177,0,0,ThetaMat,Accessories,15,36.1,0.124,31.62,44.59,-29.08,38.81,0.962,24,758.97,398.97,52.57
178,3,178,0,0,AlphaWatch,Wearables,40,104.25,0.079,96.01,118.79,-19.17,25.92,0.794,7,672.1,392.1,58.34
178,3,178,0,0,BetaBuds,Audio,25,53.38,0.068,49.75,41.29,20.49,37.68,0.787,13,646.75,321.75,49.75
178,3,178,0,0,GammaBand,Wearables,18,45.85,0.192,37.05,51.52,-28.09,8.75,0.711,29,1074.36,552.36,51.41
178,3,178,0,0,DeltaDock,Accessories,30,67.77,0.082,62.21,60.43,2.95,56.77,1.109,5,311.06,161.06,51.78
178,3,178,0,0,EpsilonCam,Imaging,55,123.82,0.138,106.73,120.71,-11.58,66.78,1.04,10,1067.33,517.33,48.47
178,3,178,0,0,ZetaHub,Accessories,22,58.36,0.013,57.6,64.02,-10.03,1.75,0.728,2,115.2,71.2,61.81
178,3,178,0,0,EtaDesk,Furniture,80,157.07,0.093,142.46,150.89,-5.59,13.05,0.639,3,427.39,187.39,43.84
178,3,178,0,0,ThetaMat,Accessories,15,28.16,0.07,26.19,28.77,-8.97,3.56,0.5,12,314.27,134.27,42.72
179,4,179,0,0,AlphaWatch,Wearables,40,76.23,0.066,71.2,76.79,-7.28,50.72,0.986,18,1281.58,561.58,43.82
179,4,179,0,0,BetaBuds,Audio,25,56.86,0.088,51.86,57.33,-9.55,13.71,0.5,6,311.14,161.14,51.79
179,4,179,0,0,GammaBand,Wearables,18,39.03,0.018,38.33,42.24,-9.26,14.03,0.598,21,804.88,426.88,53.04
179,4,179,0,0,DeltaDock,Accessories,30,67.67,0.076,62.53,59.41,5.25,37.54,0.539,3,187.58,97.58,52.02
179,4,179,0,0,EpsilonCam,Imaging,55,127.83,0.089,116.45,148.56,-21.61,10.39,0.634,2,232.91,122.91,52.77
179,4,179,0,0,ZetaHub,Accessories,22,51.59,0.031,49.99,47.97,4.21,2.04,0.5,3,149.97,83.97,55.99
179,4,179,0,0,EtaDesk,Furniture,80,167.69,0.021,164.17,180.79,-9.19,42.54,0.905,5,820.84,420.84,51.27
179,4,179,0,0,ThetaMat,Accessories,15,35.26,0.147,30.08,43.23,-30.43,9.97,0.621,20,601.54,301.54,50.13
180,5,180,1,0,AlphaWatch,Wearables,40,103.43,0.095,93.6,117.23,-20.15,25.31,0.754,6,561.62,321.62,57.27
180,5,180,1,0,BetaBuds,Audio,25,60.97,0.061,57.25,59.56,-3.88,13.54,0.528,6,343.5,193.5,56.33
180,5,180,1,0,GammaBand,Wearables,18,34.13,0.063,31.98,30.35,5.37,31.25,0.803,41,1311.17,573.17,43.71
180,5,180,1,0,DeltaDock,Accessories,30,83.74,0.066,78.21,72.76,7.49,55.17,0.839,3,234.64,144.64,61.64
180,5,180,1,0,EpsilonCam,Imaging,55,145.4,0.083,133.33,154.43,-13.66,39.11,0.831,6,799.99,469.99,58.75
180,5,180,1,0,ZetaHub,Accessories,22,45.01,0.039,43.25,43.56,-0.7,73.83,0.984,20,865.09,425.09,49.14
180,5,180,1,0,EtaDesk,Furniture,80,175.66,0.115,155.46,199.19,-21.95,120.11,1.5,15,2331.89,1131.89,48.54
180,5,180,1,0,ThetaMat,Accessories,15,33.14,0.052,31.42,41.09,-23.54,24.79,0.711,33,1036.75,541.75,52.25
181,6,181,1,0,AlphaWatch,Wearables,40,97.72,0.018,95.96,107.35,-10.61,13.94,0.5,3,287.88,167.88,58.32
181,6,181,1,0,BetaBuds,Audio,25,57.15,0.073,52.98,58.58,-9.56,55.53,0.946,28,1483.39,783.39,52.81
181,6,181,1,0,GammaBand,Wearables,18,46.01,0.109,40.99,48.54,-15.54,57.29,1.069,48,1967.76,1103.76,56.09
181,6,181,1,0,DeltaDock,Accessories,30,56.93,0.036,54.88,56.06,-2.1,14.81,0.581,3,164.64,74.64,45.34
181,6,181,1,0,EpsilonCam,Imaging,55,157.19,0.058,148.07,150.24,-1.44,39.77,0.975,3,444.22,279.22,62.86
181,6,181,1,0,ZetaHub,Accessories,22,55.83,0.006,55.5,61.07,-9.13,4.63,0.5,6,332.97,200.97,60.36
181,6,181,1,0,EtaDesk,Furniture,80,191.4,0.098,172.64,165.07,4.59,36.57,0.952,6,1035.86,555.86,53.66
181,6,181,1,0,ThetaMat,Accessories,15,37.05,0.018,36.38,41.52,-12.37,34.57,0.809,19,691.28,406.28,58.77
182,0,182,0,0,AlphaWatch,Wearables,40,72.7,0.221,56.63,88.06,-35.69,0.29,0.631,2,113.27,33.27,29.37
182,0,182,0,0,BetaBuds,Audio,25,68.92,0.018,67.68,62.25,8.72,11.97,0.666,7,473.76,298.76,63.06
182,0,182,0,0,GammaBand,Wearables,18,34.53,0.093,31.32,38.21,-18.04,32.48,0.675,52,1628.57,692.57,42.53
182,0,182,0,0,DeltaDock,Accessories,30,76.04,0.053,72.01,75.05,-4.05,8.34,0.753,1,72.01,42.01,58.34
182,0,182,0,0,EpsilonCam,Imaging,55,133.06,0.19,107.78,135.52,-20.47,15.17,0.663,3,323.34,158.34,48.97
182,0,182,0,0,ZetaHub,Accessories,22,53.47,0.1,48.12,55.5,-13.29,66.01,0.894,19,914.34,496.34,54.28
182,0,182,0,0,EtaDesk,Furniture,80,182.31,0.075,168.64,181.42,-7.05,23.68,0.836,5,843.18,443.18,52.56
182,0,182,0,0,ThetaMat,Accessories,15,32.09,0.07,29.84,24.5,21.81,12.09,0.69,22,656.56,326.56,49.74
183,1,183,0,0,AlphaWatch,Wearables,40,91.8,0.018,90.15,85.47,5.47,18.25,0.836,3,270.44,150.44,55.63
183,1,183,0,0,BetaBuds,Audio,25,73.92,0.014,72.89,71.4,2.08,34.01,0.5,6,437.31,287.31,65.7
183,1,183,0,0,GammaBand,Wearables,18,41.36,0.065,38.67,51.22,-24.5,45.45,0.753,47,1817.57,971.57,53.45
183,1,183,0,0,DeltaDock,Accessories,30,68.16,0.049,64.82,58.5,10.8,38.72,0.897,3,194.46,104.46,53.72
183,1,183,0,0,EpsilonCam,Imaging,55,113.69,0.041,109.03,130.66,-16.56,42.94,0.947,8,872.23,432.23,49.55
183,1,183,0,0,ZetaHub,Accessories,22,46.92,0.163,39.27,50.35,-22.0,77.89,0.988,50,1963.6,863.6,43.98
183,1,183,0,0,EtaDesk,Furniture,80,176.85,0.123,155.1,162.19,-4.37,80.15,1.289,15,2326.46,1126.46,48.42
183,1,183,0,0,ThetaMat,Accessories,15,37.14,0.129,32.35,36.44,-11.23,7.45,0.801,20,646.98,346.98,53.63
184,2,184,0,0,AlphaWatch,Wearables,40,77.75,0.142,66.71,75.04,-11.1,40.63,0.688,18,1200.77,480.77,40.04
184,2,184,0,0,BetaBuds,Audio,25,66.54,0.195,53.56,69.17,-22.56,14.41,0.614,8,428.52,228.52,53.33
184,2,184,0,0,GammaBand,Wearables,18,39.43,0.127,34.42,44.1,-21.94,54.82,1.039,30,1032.67,492.67,47.71
184,2,184,0,0,DeltaDock,Accessories,30,72.99,0.082,67.0,67.13,-0.19,21.15,0.829,4,268.02,148.02,55.23
184,2,184,0,0,EpsilonCam,Imaging,55,106.62,0.004,106.19,94.25,12.67,18.92,0.767,6,637.16,307.16,48.21
184,2,184,0,0,ZetaHub,Accessories,22,47.65,0.051,45.22,47.4,-4.6,40.8,0.99,25,1130.5,580.5,51.35
184,2,184,0,0,EtaDesk,Furniture,80,179.73,0.165,150.07,196.32,-23.56,102.69,1.401,12,1800.89,840.89,46.69
184,2,184,0,0,ThetaMat,Accessories,15,39.01,0.081,35.85,40.18,-10.78,59.41,1.095,53,1900.06,1105.06,58.16
185,3,185,0,0,AlphaWatch,Wearables,40,108.89,0.046,103.88,97.76,6.26,32.62,0.611,3,311.64,191.64,61.49
185,3,185,0,0,BetaBuds,Audio,25,46.92,0.14,40.35,45.61,-11.53,9.65,0.846,9,363.16,138.16,38.04
185,3,185,0,0,GammaBand,Wearables,18,49.1,0.118,43.31,51.29,-15.57,36.19,0.848,41,1775.55,1037.55,58.44
185,3,185,0,0,DeltaDock,Accessories,30,77.89,0.052,73.84,86.15,-14.29,51.8,0.724,3,221.52,131.52,59.37
185,3,185,0,0,EpsilonCam,Imaging,55,115.64,0.075,106.97,125.58,-14.82,40.0,1.092,7,748.77,363.77,48.58
185,3,185,0,0,ZetaHub,Accessories,22,50.19,0.075,46.43,58.27,-20.33,8.89,0.64,9,417.83,219.83,52.61
185,3,185,0,0,EtaDesk,Furniture,80,162.89,0.083,149.37,143.2,4.31,92.31,1.204,10,1493.7,693.7,46.44
185,3,185,0,0,ThetaMat,Accessories,15,41.39,0.104,37.09,44.78,-17.18,23.39,0.641,35,1297.99,772.99,59.55
186,4,186,0,0,AlphaWatch,Wearables,40,109.5,0.092,99.43,122.99,-19.16,34.72,0.792,4,397.7,237.7,59.77
186,4,186,0,0,BetaBuds,Audio,25,48.28,0.05,45.87,48.58,-5.59,8.06,0.655,14,642.12,292.12,45.49
186,4,186,0,0,GammaBand,Wearables,18,36.6,0.107,32.68,39.1,-16.41,39.76,1.029,80,2614.7,1174.7,44.93
186,4,186,0,0,DeltaDock,Accessories,30,70.38,0.116,62.22,73.88,-15.79,13.21,0.5,3,186.65,96.65,51.78
186,4,186,0,0,EpsilonCam,Imaging,55,140.83,0.034,136.04,144.33,-5.74,24.88,0.5,2,272.08,162.08,59.57
186,4,186,0,0,ZetaHub,Accessories,22,49.65,0.178,40.81,42.54,-4.06,8.65,0.589,8,326.5,150.5,46.09
186,4,186,0,0,EtaDesk,Furniture,80,229.05,0.088,208.89,231.87,-9.91,42.94,0.965,3,626.68,386.68,61.7
186,4,186,0,0,ThetaMat,Accessories,15,33.5,0.063,31.39,40.38,-22.26,1.76,0.509,8,251.12,131.12,52.21
187,5,187,1,0,AlphaWatch,Wearables,40,110.84,0.023,108.29,109.59,-1.19,72.33,1.283,6,649.74,409.74,63.06
187,5,187,1,0,BetaBuds,Audio,25,44.91,0.16,37.72,37.21,1.38,26.45,1.144,32,1207.18,407.18,33.73
187,5,187,1,0,GammaBand,Wearables,18,46.45,0.099,41.85,43.58,-3.97,17.81,0.666,14,585.92,333.92,56.99
187,5,187,1,0,DeltaDock,Accessories,30,65.32,0.067,60.94,56.06,8.71,72.04,1.242,6,365.66,185.66,50.77
187,5,187,1,0,EpsilonCam,Imaging,55,122.67,0.087,112.0,133.02,-15.8,5.86,0.609,2,224.0,114.0,50.89
187,5,187,1,0,ZetaHub,Accessories,22,41.52,0.019,40.73,50.37,-19.14,16.13,0.655,27,1099.74,505.74,45.99
187,5,187,1,0,EtaDesk,Furniture,80,171.34,0.016,168.6,170.08,-0.87,31.7,0.649,3,505.8,265.8,52.55
187,5,187,1,0,ThetaMat,Accessories,15,30.05,0.053,28.46,24.75,14.98,6.11,0.5,19,540.69,255.69,47.29
188,6,188,1,0,AlphaWatch,Wearables,40,107.99,0.029,104.86,123.9,-15.37,7.93,0.555,2,209.72,129.72,61.85
188,6,188,1,0,BetaBuds,Audio,25,51.58,0.029,50.08,60.24,-16.86,9.22,0.583,7,350.59,175.59,50.08
188,6,188,1,0,GammaBand,Wearables,18,36.86,0.11,32.81,41.32,-20.61,35.59,0.611,29,951.36,429.36,45.13
188,6,188,1,0,DeltaDock,Accessories,30,70.29,0.033,67.97,66.13,2.78,151.73,1.5,5,339.85,189.85,55.86
188,6,188,1,0,EpsilonCam,Imaging,55,118.8,0.06,111.67,113.14,-1.3,70.3,0.892,9,1005.05,510.05,50.75
188,6,188,1,0,ZetaHub,Accessories,22,45.66,0.09,41.55,51.57,-19.43,12.26,0.5,13,540.16,254.16,47.05
188,6,188,1,0,EtaDesk,Furniture,80,209.54,0.064,196.13,190.93,2.72,47.78,1.02,4,784.52,464.52,59.21
188,6,188,1,0,ThetaMat,Accessories,15,28.18,0.089,25.67,24.28,5.73,30.66,1.07,58,1488.97,618.97,41.57
189,0,189,0,0,AlphaWatch,Wearables,40,103.12,0.072,95.7,113.61,-15.77,18.28,0.702,4,382.78,222.78,58.2
189,0,189,0,0,BetaBuds,Audio,25,69.28,0.105,62.01,66.4,-6.62,6.33,0.747,6,372.03,222.03,59.68
189,0,189,0,0,GammaBand,Wearables,18,48.39,0.174,39.97,45.56,-12.27,5.6,0.5,13,519.61,285.61,54.97
189,0,189,0,0,DeltaDock,Accessories,30,54.82,0.213,43.14,57.04,-24.36,21.24,0.787,5,215.72,65.72,30.46
189,0,189,0,0,EpsilonCam,Imaging,55,120.65,0.194,97.24,107.55,-9.58,6.19,0.753,2,194.49,84.49,43.44
189,0,189,0,0,ZetaHub,Accessories,22,59.86,0.124,52.44,76.95,-31.86,156.94,1.5,36,1887.74,1095.74,58.05
189,0,189,0,0,EtaDesk,Furniture,80,171.79,0.06,161.48,196.83,-17.96,174.14,1.5,20,3229.65,1629.65,50.46
189,0,189,0,0,ThetaMat,Accessories,15,35.25,0.04,33.84,39.02,-13.28,76.29,0.809,44,1488.96,828.96,55.67
190,1,190,0,0,AlphaWatch,Wearables,40,98.82,0.073,91.61,110.57,-17.15,8.12,0.758,4,366.42,206.42,56.33
190,1,190,0,0,BetaBuds,Audio,25,69.69,0.078,64.25,71.03,-9.54,11.98,0.588,6,385.53,235.53,61.09
190,1,190,0,0,GammaBand,Wearables,18,41.03,0.06,38.57,42.96,-10.22,23.65,0.75,30,1157.05,617.05,53.33
190,1,190,0,0,DeltaDock,Accessories,30,65.8,0.049,62.58,56.62,10.52,2.36,0.5,1,62.58,32.58,52.06
190,1,190,0,0,EpsilonCam,Imaging,55,155.15,0.067,144.75,162.67,-11.01,19.86,0.947,3,434.26,269.26,62.0
190,1,190,0,0,ZetaHub,Accessories,22,42.05,0.076,38.85,43.8,-11.29,51.71,0.822,40,1554.17,674.17,43.38
190,1,190,0,0,EtaDesk,Furniture,80,204.34,0.024,199.44,199.33,0.05,1.98,0.5,1,199.44,119.44,59.89
190,1,190,0,0,ThetaMat,Accessories,15,36.51,0.063,34.21,39.11,-12.53,10.13,0.798,26,889.46,499.46,56.15
191,2,191,0,0,AlphaWatch,Wearables,40,107.74,0.072,99.98,100.39,-0.41,17.9,0.685,4,399.93,239.93,59.99
191,2,191,0,0,BetaBuds,Audio,25,55.19,0.1,49.67,54.09,-8.17,25.36,0.98,14,695.39,345.39,49.67
191,2,191,0,0,GammaBand,Wearables,18,35.87,0.001,35.83,37.67,-4.87,13.77,0.514,23,824.18,410.18,49.77
191,2,191,0,0,DeltaDock,Accessories,30,79.39,0.006,78.91,73.17,7.85,0.24,0.5,0,0.0,0.0,61.98
191,2,191,0,0,EpsilonCam,Imaging,55,120.75,0.094,109.4,120.95,-9.55,0.83,0.73,1,109.4,54.4,49.73
191,2,191,0,0,ZetaHub,Accessories,22,43.79,0.064,40.99,43.94,-6.72,6.4,0.671,18,737.77,341.77,46.33
191,2,191,0,0,EtaDesk,Furniture,80,150.45,0.072,139.62,131.24,6.38,44.48,0.771,5,698.09,298.09,42.7
191,2,191,0,0,ThetaMat,Accessories,15,34.12,0.037,32.86,32.67,0.57,11.54,0.5,15,492.86,267.86,54.35
192,3,192,0,0,AlphaWatch,Wearables,40,77.33,0.218,60.47,88.37,-31.57,8.32,0.5,4,241.89,81.89,33.85
192,3,192,0,0,BetaBuds,Audio,25,57.03,0.053,54.01,49.01,10.2,104.67,1.392,28,1512.21,812.21,53.71
192,3,192,0,0,GammaBand,Wearables,18,48.66,0.063,45.59,53.94,-15.47,16.01,0.834,21,957.48,579.48,60.52
192,3,192,0,0,DeltaDock,Accessories,30,69.03,0.053,65.37,68.92,-5.15,62.28,1.022,6,392.23,212.23,54.11
192,3,192,0,0,EpsilonCam,Imaging,55,145.89,0.016,143.56,134.36,6.84,202.42,1.5,9,1292.0,797.0,61.69
192,3,192,0,0,ZetaHub,Accessories,22,39.58,0.121,34.79,49.6,-29.86,20.53,0.606,19,661.03,243.03,36.76
192,3,192,0,0,EtaDesk,Furniture,80,152.2,0.07,141.55,173.84,-18.58,13.78,0.553,3,424.64,184.64,43.48
192,3,192,0,0,ThetaMat,Accessories,15,33.04,0.021,32.35,36.35,-11.01,2.33,0.5,10,323.46,173.46,53.63
193,4,193,0,0,AlphaWatch,Wearables,40,77.82,0.126,68.01,92.32,-26.33,25.46,0.835,5,340.07,140.07,41.19
193,4,193,0,0,BetaBuds,Audio,25,57.65,0.071,53.56,56.41,-5.06,1.81,0.791,4,214.23,114.23,53.32
193,4,193,0,0,GammaBand,Wearables,18,43.97,0.068,40.98,38.96,5.18,0.63,0.709,8,327.84,183.84,56.08
193,4,193,0,0,DeltaDock,Accessories,30,78.28,0.019,76.79,78.93,-2.71,49.73,0.826,4,307.17,187.17,60.93
193,4,193,0,0,EpsilonCam,Imaging,55,110.5,0.021,108.18,117.34,-7.81,6.43,0.514,2,216.36,106.36,49.16
193,4,193,0,0,ZetaHub,Accessories,22,50.7,0.045,48.42,45.42,6.6,53.79,0.784,18,871.53,475.53,54.56
193,4,193,0,0,EtaDesk,Furniture,80,183.44,0.039,176.29,217.0,-18.76,61.08,1.078,10,1762.86,962.86,54.62
193,4,193,0,0,ThetaMat,Accessories,15,29.21,0.109,26.03,32.92,-20.94,33.62,0.931,59,1535.54,650.54,42.37
194,5,194,1,0,AlphaWatch,Wearables,40,74.97,0.091,68.15,83.67,-18.55,3.84,0.5,5,340.74,140.74,41.3
194,5,194,1,0,BetaBuds,Audio,25,46.44,0.083,42.59,49.59,-14.12,8.66,0.776,17,723.95,298.95,41.29
194,5,194,1,0,GammaBand,Wearables,18,38.8,0.086,35.46,38.96,-8.98,18.89,0.537,24,851.12,419.12,49.24
194,5,194,1,0,DeltaDock,Accessories,30,51.98,0.15,44.18,43.96,0.51,66.12,0.787,6,265.1,85.1,32.1
194,5,194,1,0,EpsilonCam,Imaging,55,105.87,0.01,104.81,113.62,-7.75,26.14,0.5,4,419.25,199.25,47.52
194,5,194,1,0,ZetaHub,Accessories,22,44.75,0.095,40.5,42.75,-5.27,22.95,0.741,24,971.97,443.97,45.68
194,5,194,1,0,EtaDesk,Furniture,80,150.0,0.095,135.75,149.56,-9.23,9.06,0.901,5,678.75,278.75,41.07
194,5,194,1,0,ThetaMat,Accessories,15,31.56,0.274,22.91,34.57,-33.72,17.28,0.671,85,1947.57,672.57,34.53
195,6,195,1,0,AlphaWatch,Wearables,40,71.1,0.165,59.37,63.21,-6.08,30.57,0.501,12,712.42,232.42,32.62
195,6,195,1,0,BetaBuds,Audio,25,56.34,0.092,51.16,59.84,-14.51,62.77,0.907,20,1023.13,523.13,51.13
195,6,195,1,0,GammaBand,Wearables,18,39.04,0.064,36.54,45.41,-19.53,37.46,0.819,53,1936.7,982.7,50.74
195,6,195,1,0,DeltaDock,Accessories,30,66.24,0.157,55.84,66.28,-15.75,19.2,0.663,4,223.36,103.36,46.28
195,6,195,1,0,EpsilonCam,Imaging,55,154.46,0.018,151.68,147.51,2.83,29.82,0.754,3,455.04,290.04,63.74
195,6,195,1,0,ZetaHub,Accessories,22,58.3,0.084,53.4,52.92,0.91,2.8,0.5,5,267.01,157.01,58.8
195,6,195,1,0,EtaDesk,Furniture,80,150.96,0.108,134.66,180.38,-25.35,8.91,0.5,6,807.94,327.94,40.59
195,6,195,1,0,ThetaMat,Accessories,15,27.17,0.02,26.63,19.73,34.95,7.2,0.507,25,665.66,290.67,43.67
196,0,196,0,0,AlphaWatch,Wearables,40,97.33,0.097,87.89,108.27,-18.82,25.72,0.688,6,527.33,287.33,54.49
196,0,196,0,0,BetaBuds,Audio,25,65.18,0.116,57.62,72.14,-20.13,11.41,0.552,5,288.1,163.1,56.61
196,0,196,0,0,GammaBand,Wearables,18,48.29,0.087,44.09,47.23,-6.65,37.11,0.704,17,749.51,443.51,59.17
196,0,196,0,0,DeltaDock,Accessories,30,78.13,0.032,75.63,78.19,-3.27,39.66,0.852,2,151.26,91.26,60.33
196,0,196,0,0,EpsilonCam,Imaging,55,110.26,0.041,105.74,124.54,-15.1,47.9,1.024,6,634.44,304.44,47.99
196,0,196,0,0,ZetaHub,Accessories,22,54.67,0.014,53.9,44.61,20.84,5.34,0.5,5,269.52,159.52,59.19
196,0,196,0,0,EtaDesk,Furniture,80,152.81,0.038,147.0,159.71,-7.96,22.15,0.775,6,882.02,402.02,45.58
196,0,196,0,0,ThetaMat,Accessories,15,38.62,0.098,34.84,38.58,-9.71,60.98,1.085,40,1393.41,793.41,56.94
197,1,197,0,0,AlphaWatch,Wearables,40,111.39,0.079,102.59,107.11,-4.22,12.45,0.578,3,307.77,187.77,61.01
197,1,197,0,0,BetaBuds,Audio,25,57.14,0.109,50.91,56.82,-10.4,5.67,0.5,10,509.12,259.12,50.9
197,1,197,0,0,GammaBand,Wearables,18,50.21,0.032,48.6,44.79,8.51,16.06,0.5,10,486.03,306.03,62.97
197,1,197,0,0,DeltaDock,Accessories,30,66.46,0.051,63.07,65.25,-3.34,14.6,0.576,2,126.14,66.14,52.43
197,1,197,0,0,EpsilonCam,Imaging,55,104.47,0.168,86.92,101.27,-14.17,67.52,1.187,11,956.11,351.11,36.72
197,1,197,0,0,ZetaHub,Accessories,22,56.46,0.063,52.9,67.94,-22.13,101.29,1.265,62,3279.99,1915.99,58.41
197,1,197,0,0,EtaDesk,Furniture,80,192.69,0.11,171.49,205.11,-16.39,16.12,0.5,2,342.99,182.99,53.35
197,1,197,0,0,ThetaMat,Accessories,15,34.04,0.25,25.53,34.77,-26.57,15.97,0.644,49,1250.97,515.97,41.25
198,2,198,0,0,AlphaWatch,Wearables,40,98.13,0.01,97.15,108.98,-10.86,39.04,1.089,4,388.59,228.59,58.83
198,2,198,0,0,BetaBuds,Audio,25,47.6,0.044,45.51,47.88,-4.96,4.22,0.5,3,136.52,61.52,45.06
198,2,198,0,0,GammaBand,Wearables,18,42.02,0.06,39.5,40.99,-3.64,91.87,1.115,43,1698.45,924.45,54.43
198,2,198,0,0,DeltaDock,Accessories,30,63.02,0.052,59.74,67.47,-11.45,53.49,0.928,5,298.71,148.71,49.78
198,2,198,0,0,EpsilonCam,Imaging,55,113.95,0.084,104.38,128.87,-19.01,34.95,0.595,7,730.65,345.65,47.31
198,2,198,0,0,ZetaHub,Accessories,22,41.28,0.098,37.23,37.82,-1.55,9.03,0.5,17,632.99,258.99,40.92
198,2,198,0,0,EtaDesk,Furniture,80,209.84,0.157,176.9,226.17,-21.79,9.53,0.765,2,353.79,193.79,54.78
198,2,198,0,0,ThetaMat,Accessories,15,39.7,0.096,35.89,31.16,15.18,80.44,1.086,29,1040.78,605.78,58.2
199,3,199,0,0,AlphaWatch,Wearables,40,79.0,0.157,66.6,91.59,-27.29,32.83,0.958,11,732.57,292.57,39.94
199,3,199,0,0,BetaBuds,Audio,25,55.97,0.077,51.66,49.23,4.94,45.84,0.985,20,1033.21,533.21,51.61
199,3,199,0,0,GammaBand,Wearables,18,38.32,0.112,34.03,47.01,-27.62,112.23,1.389,79,2688.22,1266.22,47.1
199,3,199,0,0,DeltaDock,Accessories,30,65.3,0.144,55.9,57.88,-3.43,40.19,0.838,3,167.69,77.69,46.33
199,3,199,0,0,EpsilonCam,Imaging,55,138.22,0.01,136.84,164.38,-16.76,8.34,0.771,2,273.68,163.68,59.81
199,3,199,0,0,ZetaHub,Accessories,22,59.68,0.06,56.1,63.87,-12.17,2.19,0.5,4,224.4,136.4,60.78
199,3,199,0,0,EtaDesk,Furniture,80,225.3,0.005,224.17,197.3,13.62,13.11,0.5,1,224.17,144.17,64.31
199,3,199,0,0,ThetaMat,Accessories,15,32.02,0.047,30.52,31.8,-4.04,30.64,0.728,30,915.45,465.45,50.84
200,4,200,0,0,AlphaWatch,Wearables,40,100.41,0.034,97.0,112.68,-13.92,72.76,1.31,8,775.97,455.97,58.76
200,4,200,0,0,BetaBuds,Audio,25,62.98,0.132,54.67,58.96,-7.28,13.8,0.73,6,328.0,178.0,54.27
200,4,200,0,0,GammaBand,Wearables,18,48.11,0.032,46.57,44.76,4.04,125.8,1.5,33,1536.83,942.83,61.35
200,4,200,0,0,DeltaDock,Accessories,30,55.33,0.116,48.91,66.75,-26.72,7.4,0.782,4,195.65,75.65,38.67
200,4,200,0,0,EpsilonCam,Imaging,55,97.67,0.056,92.2,100.47,-8.23,1.95,0.5,2,184.4,74.4,40.35
200,4,200,0,0,ZetaHub,Accessories,22,46.99,0.042,45.02,47.72,-5.67,79.76,0.937,23,1035.38,529.38,51.13
200,4,200,0,0,EtaDesk,Furniture,80,215.56,0.082,197.88,192.92,2.57,14.1,0.618,3,593.65,353.65,59.57
200,4,200,0,0,ThetaMat,Accessories,15,33.3,0.036,32.1,41.06,-21.82,25.04,0.626,30,963.04,513.04,53.27
201,5,201,1,0,AlphaWatch,Wearables,40,94.85,0.121,83.37,110.77,-24.73,0.88,0.5,2,166.75,86.75,52.02
201,5,201,1,0,BetaBuds,Audio,25,64.04,0.022,62.63,65.95,-5.03,109.8,1.5,35,2192.09,1317.09,60.08
201,5,201,1,0,GammaBand,Wearables,18,40.81,0.015,40.2,40.06,0.34,26.44,0.946,26,1045.14,577.14,55.22
201,5,201,1,0,DeltaDock,Accessories,30,67.88,0.064,63.54,80.26,-20.84,99.27,1.5,7,444.75,234.75,52.78
201,5,201,1,0,EpsilonCam,Imaging,55,134.83,0.055,127.41,138.71,-8.14,68.22,1.193,8,1019.31,579.31,56.83
201,5,201,1,0,ZetaHub,Accessories,22,39.7,0.067,37.04,38.26,-3.19,74.6,1.124,41,1518.64,616.64,40.6
201,5,201,1,0,EtaDesk,Furniture,80,189.77,0.045,181.23,190.24,-4.74,5.22,0.5,2,362.46,202.46,55.86
201,5,201,1,0,ThetaMat,Accessories,15,33.88,0.08,31.17,27.71,12.49,8.49,0.53,11,342.87,177.87,51.88
202,6,202,1,0,AlphaWatch,Wearables,40,87.2,0.172,72.2,103.67,-30.35,14.54,0.612,7,505.41,225.41,44.6
202,6,202,1,0,BetaBuds,Audio,25,61.7,0.085,56.46,72.14,-21.74,35.1,0.782,6,338.73,188.73,55.72
202,6,202,1,0,GammaBand,Wearables,18,44.48,0.135,38.48,46.28,-16.86,10.98,0.507,12,461.7,245.7,53.22
202,6,202,1,0,DeltaDock,Accessories,30,67.52,0.039,64.89,78.91,-17.77,13.03,0.684,1,64.89,34.89,53.77
202,6,202,1,0,EpsilonCam,Imaging,55,130.9,0.07,121.74,129.44,-5.95,41.43,0.64,4,486.95,266.95,54.82
202,6,202,1,0,ZetaHub,Accessories,22,61.14,0.057,57.66,56.66,1.76,58.93,1.059,11,634.21,392.21,61.84
202,6,202,1,0,EtaDesk,Furniture,80,214.72,0.145,183.59,210.9,-12.95,5.42,0.591,1,183.59,103.59,56.42
202,6,202,1,0,ThetaMat,Accessories,15,33.96,0.099,30.6,30.19,1.35,0.5,0.58,9,275.38,140.38,50.98
203,0,203,0,0,AlphaWatch,Wearables,40,107.33,0.131,93.27,120.14,-22.37,7.6,0.5,3,279.81,159.81,57.11
203,0,203,0,0,BetaBuds,Audio,25,60.67,0.081,55.76,75.87,-26.51,2.69,0.507,4,223.02,123.02,55.16
203,0,203,0,0,GammaBand,Wearables,18,44.77,0.159,37.65,44.96,-16.26,31.12,0.719,23,865.99,451.99,52.19
203,0,203,0,0,DeltaDock,Accessories,30,62.2,0.061,58.41,70.7,-17.39,20.71,0.5,3,175.22,85.22,48.64
203,0,203,0,0,EpsilonCam,Imaging,55,134.09,0.035,129.4,121.35,6.63,12.98,0.596,2,258.79,148.79,57.5
203,0,203,0,0,ZetaHub,Accessories,22,40.28,0.141,34.6,43.01,-19.55,14.07,0.807,17,588.21,214.21,36.42
203,0,203,0,0,EtaDesk,Furniture,80,156.89,0.044,149.99,169.24,-11.38,11.13,0.623,3,449.96,209.96,46.66
203,0,203,0,0,ThetaMat,Accessories,15,35.03,0.081,32.19,32.78,-1.79,13.72,0.64,17,547.27,292.27,53.41
204,1,204,0,0,AlphaWatch,Wearables,40,85.86,0.052,81.4,85.03,-4.27,11.4,1.079,4,325.58,165.58,50.86
204,1,204,0,0,BetaBuds,Audio,25,55.02,0.058,51.83,59.65,-13.11,64.01,1.055,31,1606.69,831.69,51.76
204,1,204,0,0,GammaBand,Wearables,18,45.02,0.094,40.79,45.7,-10.75,21.79,0.5,16,652.61,364.61,55.87
204,1,204,0,0,DeltaDock,Accessories,30,82.6,0.104,74.01,77.67,-4.71,125.48,1.5,3,222.03,132.03,59.46
204,1,204,0,0,EpsilonCam,Imaging,55,125.68,0.034,121.41,127.99,-5.14,27.4,0.679,3,364.22,199.22,54.7
204,1,204,0,0,ZetaHub,Accessories,22,47.67,0.004,47.48,49.15,-3.4,25.8,0.718,13,617.23,331.23,53.66
204,1,204,0,0,EtaDesk,Furniture,80,171.15,0.026,166.7,202.68,-17.75,4.41,0.701,2,333.4,173.4,52.01
204,1,204,0,0,ThetaMat,Accessories,15,35.13,0.102,31.55,42.94,-26.53,35.03,0.691,45,1419.6,744.6,52.45
205,2,205,0,0,AlphaWatch,Wearables,40,88.77,0.123,77.85,102.18,-23.81,27.69,0.577,4,311.41,151.41,48.62
205,2,205,0,0,BetaBuds,Audio,25,68.01,0.031,65.9,77.29,-14.73,17.98,0.636,5,329.51,204.51,62.06
205,2,205,0,0,GammaBand,Wearables,18,33.46,0.052,31.72,46.42,-31.67,10.81,0.624,28,888.16,384.16,43.25
205,2,205,0,0,DeltaDock,Accessories,30,60.84,0.039,58.47,60.47,-3.31,1.17,0.731,1,58.47,28.47,48.69
205,2,205,0,0,EpsilonCam,Imaging,55,104.71,0.045,100.0,97.13,2.95,104.66,1.389,12,1199.98,539.98,45.0
205,2,205,0,0,ZetaHub,Accessories,22,46.98,0.187,38.19,48.88,-21.86,5.78,0.536,13,496.53,210.53,42.4
205,2,205,0,0,EtaDesk,Furniture,80,170.23,0.193,137.38,201.31,-31.76,8.64,0.548,3,412.13,172.13,41.77
205,2,205,0,0,ThetaMat,Accessories,15,40.61,0.064,38.01,41.64,-8.72,50.49,0.8,27,1026.3,621.3,60.54
206,3,206,0,0,AlphaWatch,Wearables,40,96.75,0.213,76.14,108.87,-30.06,3.57,0.818,3,228.43,108.43,47.47
206,3,206,0,0,BetaBuds,Audio,25,69.18,0.041,66.34,73.41,-9.63,76.5,0.97,15,995.15,620.15,62.32
206,3,206,0,0,GammaBand,Wearables,18,40.87,0.099,36.82,42.96,-14.28,5.05,0.5,15,552.36,282.36,51.12
206,3,206,0,0,DeltaDock,Accessories,30,78.52,0.044,75.07,72.12,4.08,111.07,1.284,5,375.33,225.33,60.03
206,3,206,0,0,EpsilonCam,Imaging,55,118.96,0.033,115.03,139.1,-17.3,12.32,0.605,3,345.1,180.1,52.19
206,3,206,0,0,ZetaHub,Accessories,22,45.69,0.045,43.63,41.8,4.39,75.87,1.0,57,2487.14,1233.14,49.58
206,3,206,0,0,EtaDesk,Furniture,80,186.96,0.03,181.35,204.43,-11.29,4.91,0.5,1,181.35,101.35,55.89
206,3,206,0,0,ThetaMat,Accessories,15,40.7,0.127,35.53,36.32,-2.17,88.17,1.032,56,1989.74,1149.74,57.78
207,4,207,0,0,AlphaWatch,Wearables,40,94.73,0.011,93.69,84.15,11.33,37.47,0.881,8,749.5,429.5,57.31
207,4,207,0,0,BetaBuds,Audio,25,47.98,0.116,42.41,54.93,-22.78,7.35,0.5,12,508.97,208.97,41.06
207,4,207,0,0,GammaBand,Wearables,18,41.37,0.012,40.87,47.64,-14.2,41.98,1.057,54,2207.17,1235.17,55.96
207,4,207,0,0,DeltaDock,Accessories,30,88.0,0.008,87.3,90.43,-3.47,17.29,0.777,3,261.89,171.89,65.63
207,4,207,0,0,EpsilonCam,Imaging,55,123.13,0.161,103.31,115.32,-10.42,8.75,0.618,3,309.92,144.92,46.76
207,4,207,0,0,ZetaHub,Accessories,22,46.47,0.052,44.05,46.79,-5.85,33.37,0.716,20,881.07,441.07,50.06
207,4,207,0,0,EtaDesk,Furniture,80,190.58,0.043,182.39,207.44,-12.08,26.3,0.622,3,547.16,307.16,56.14
207,4,207,0,0,ThetaMat,Accessories,15,27.35,0.01,27.08,28.68,-5.59,9.93,0.532,30,812.3,362.3,44.6
208,5,208,1,0,AlphaWatch,Wearables,40,107.3,0.221,83.59,102.06,-18.1,50.96,1.019,11,919.45,479.45,52.15
208,5,208,1,0,BetaBuds,Audio,25,49.76,0.016,48.96,43.34,12.98,35.15,0.629,16,783.42,383.42,48.94
208,5,208,1,0,GammaBand,Wearables,18,47.6,0.121,41.84,48.66,-14.01,29.11,0.848,32,1338.89,762.89,56.98
208,5,208,1,0,DeltaDock,Accessories,30,60.21,0.13,52.38,68.77,-23.83,33.53,0.795,8,419.06,179.06,42.73
208,5,208,1,0,EpsilonCam,Imaging,55,103.01,0.042,98.68,90.06,9.58,26.97,0.697,3,296.05,131.05,44.27
208,5,208,1,0,ZetaHub,Accessories,22,44.42,0.09,40.42,50.55,-20.04,3.45,0.538,13,525.49,239.49,45.57
208,5,208,1,0,EtaDesk,Furniture,80,194.84,0.14,167.56,169.17,-0.95,19.94,0.917,4,670.25,350.25,52.26
208,5,208,1,0,ThetaMat,Accessories,15,43.02,0.083,39.45,46.89,-15.87,43.1,0.699,44,1735.77,1075.77,61.98
209,6,209,1,0,AlphaWatch,Wearables,40,103.68,0.041,99.43,98.04,1.42,44.48,1.042,6,596.57,356.57,59.77
209,6,209,1,0,BetaBuds,Audio,25,48.69,0.026,47.42,53.66,-11.62,0.23,0.518,3,142.27,67.27,47.28
209,6,209,1,0,GammaBand,Wearables,18,42.49,0.081,39.05,48.61,-19.67,19.05,0.578,27,1054.3,568.3,53.9
209,6,209,1,0,DeltaDock,Accessories,30,62.48,0.162,52.36,72.65,-27.93,1.0,0.84,1,52.36,22.36,42.7
209,6,209,1,0,EpsilonCam,Imaging,55,130.25,0.059,122.57,154.71,-20.78,51.73,0.808,6,735.39,405.39,55.13
209,6,209,1,0,ZetaHub,Accessories,22,42.68,0.011,42.21,43.75,-3.52,20.33,0.5,19,802.0,384.0,47.88
209,6,209,1,0,EtaDesk,Furniture,80,150.26,0.1,135.23,134.96,0.2,112.25,1.467,17,2298.98,938.98,40.84
209,6,209,1,0,ThetaMat,Accessories,15,28.63,0.053,27.11,29.34,-7.59,14.37,0.668,39,1057.39,472.39,44.68
210,0,210,0,0,AlphaWatch,Wearables,40,91.85,0.191,74.31,87.97,-15.53,7.95,0.568,3,222.92,102.92,46.17
210,0,210,0,0,BetaBuds,Audio,25,65.14,0.124,57.06,66.22,-13.83,30.64,0.786,11,627.69,352.69,56.19
210,0,210,0,0,GammaBand,Wearables,18,37.66,0.185,30.69,35.34,-13.15,1.94,0.54,12,368.31,152.31,41.35
210,0,210,0,0,DeltaDock,Accessories,30,67.74,0.071,62.93,74.36,-15.37,10.46,0.772,2,125.86,65.86,52.33
210,0,210,0,0,EpsilonCam,Imaging,55,114.0,0.165,95.19,137.6,-30.82,5.55,0.504,4,380.76,160.76,42.22
210,0,210,0,0,ZetaHub,Accessories,22,37.05,0.076,34.23,41.46,-17.43,1.32,0.561,8,273.87,97.87,35.74
210,0,210,0,0,EtaDesk,Furniture,80,213.42,0.071,198.27,241.29,-17.83,2.97,0.5,1,198.27,118.27,59.65
210,0,210,0,0,ThetaMat,Accessories,15,31.85,0.025,31.05,37.25,-16.63,40.0,0.851,29,900.56,465.56,51.7
211,1,211,0,0,AlphaWatch,Wearables,40,76.11,0.141,65.38,73.3,-10.81,24.51,0.818,8,523.03,203.03,38.82
211,1,211,0,0,BetaBuds,Audio,25,54.44,0.085,49.81,52.8,-5.66,6.33,0.5,16,797.0,397.0,49.81
211,1,211,0,0,GammaBand,Wearables,18,49.98,0.11,44.48,54.36,-18.17,3.3,0.604,6,266.89,158.89,59.53
211,1,211,0,0,DeltaDock,Accessories,30,78.6,0.036,75.77,91.68,-17.35,25.68,0.771,2,151.54,91.54,60.41
211,1,211,0,0,EpsilonCam,Imaging,55,101.2,0.118,89.26,118.53,-24.7,24.08,0.5,5,446.29,171.29,38.38
211,1,211,0,0,ZetaHub,Accessories,22,54.44,0.149,46.33,60.82,-23.83,3.5,0.696,12,555.94,291.94,52.51
211,1,211,0,0,EtaDesk,Furniture,80,156.55,0.081,143.87,142.04,1.29,52.58,1.019,11,1582.56,702.56,44.39
211,1,211,0,0,ThetaMat,Accessories,15,38.94,0.049,37.03,37.98,-2.5,19.75,0.606,12,444.38,264.38,59.49
212,2,212,0,0,AlphaWatch,Wearables,40,94.67,0.091,86.06,89.56,-3.91,5.81,0.568,2,172.11,92.11,53.52
212,2,212,0,0,BetaBuds,Audio,25,58.97,0.131,51.24,63.07,-18.75,33.73,0.5,6,307.47,157.47,51.21
212,2,212,0,0,GammaBand,Wearables,18,35.86,0.016,35.29,33.94,3.97,41.35,0.801,27,952.73,466.73,48.99
212,2,212,0,0,DeltaDock,Accessories,30,63.1,0.095,57.11,57.25,-0.25,0.58,0.5,1,57.11,27.11,47.47
212,2,212,0,0,EpsilonCam,Imaging,55,125.44,0.105,112.27,132.7,-15.4,4.29,0.537,2,224.54,114.54,51.01
212,2,212,0,0,ZetaHub,Accessories,22,42.7,0.079,39.33,52.48,-25.06,67.75,1.014,68,2674.22,1178.22,44.06
212,2,212,0,0,EtaDesk,Furniture,80,179.22,0.105,160.4,207.31,-22.63,2.76,0.574,2,320.8,160.8,50.13
212,2,212,0,0,ThetaMat,Accessories,15,34.44,0.057,32.48,40.37,-19.55,6.23,0.578,21,682.02,367.02,53.81
213,3,213,0,0,AlphaWatch,Wearables,40,78.27,0.121,68.8,81.73,-15.82,7.42,0.5,5,344.0,144.0,41.86
213,3,213,0,0,BetaBuds,Audio,25,46.61,0.041,44.7,55.4,-19.32,41.78,0.781,24,1072.78,472.78,44.07
213,3,213,0,0,GammaBand,Wearables,18,43.34,0.043,41.48,48.29,-14.11,12.98,0.837,22,912.48,516.48,56.6
213,3,213,0,0,DeltaDock,Accessories,30,53.15,0.162,44.54,46.4,-4.01,98.62,1.124,12,534.48,174.48,32.64
213,3,213,0,0,EpsilonCam,Imaging,55,110.05,0.044,105.21,129.51,-18.76,12.76,0.794,5,526.04,251.04,47.72
213,3,213,0,0,ZetaHub,Accessories,22,57.73,0.257,42.89,70.19,-38.89,1.44,0.5,7,300.25,146.25,48.71
213,3,213,0,0,EtaDesk,Furniture,80,181.23,0.074,167.82,201.25,-16.61,15.32,0.961,4,671.28,351.28,52.33
213,3,213,0,0,ThetaMat,Accessories,15,42.43,0.024,41.41,44.11,-6.12,18.46,0.834,9,372.71,237.71,63.78
214,4,214,0,0,AlphaWatch,Wearables,40,80.74,0.077,74.52,75.58,-1.4,1.49,0.75,3,223.57,103.57,46.33
214,4,214,0,0,BetaBuds,Audio,25,53.88,0.085,49.3,57.22,-13.84,13.17,0.656,14,690.2,340.2,49.29
214,4,214,0,0,GammaBand,Wearables,18,38.43,0.059,36.16,39.58,-8.63,123.92,1.332,73,2639.87,1325.87,50.22
214,4,214,0,0,DeltaDock,Accessories,30,83.38,0.183,68.12,93.14,-26.86,23.23,0.595,2,136.24,76.24,55.96
214,4,214,0,0,EpsilonCam,Imaging,55,146.52,0.008,145.35,172.2,-15.59,36.33,1.064,4,581.39,361.39,62.16
214,4,214,0,0,ZetaHub,Accessories,22,41.17,0.091,37.42,33.64,11.25,7.73,0.544,12,449.08,185.08,41.21
214,4,214,0,0,EtaDesk,Furniture,80,220.22,0.007,218.68,195.56,11.82,10.53,0.627,2,437.36,277.36,63.42
214,4,214,0,0,ThetaMat,Accessories,15,30.66,0.038,29.49,35.21,-16.23,20.12,0.849,31,914.34,449.34,49.14
215,5,215,1,0,AlphaWatch,Wearables,40,87.38,0.043,83.62,90.98,-8.09,1.75,0.527,2,167.25,87.25,52.17
215,5,215,1,0,BetaBuds,Audio,25,61.1,0.07,56.82,65.98,-13.88,35.73,0.917,14,795.52,445.52,56.0
215,5,215,1,0,GammaBand,Wearables,18,41.41,0.019,40.62,41.58,-2.3,24.01,0.689,27,1096.83,610.83,55.69
215,5,215,1,0,DeltaDock,Accessories,30,64.43,0.016,63.4,79.15,-19.9,37.5,0.782,4,253.6,133.6,52.68
215,5,215,1,0,EpsilonCam,Imaging,55,153.11,0.032,148.21,172.23,-13.95,2.87,0.539,1,148.21,93.21,62.89
215,5,215,1,0,ZetaHub,Accessories,22,52.0,0.094,47.11,48.08,-2.01,60.53,0.776,23,1083.58,577.58,53.3
215,5,215,1,0,EtaDesk,Furniture,80,203.14,0.192,164.14,204.6,-19.78,6.22,0.525,3,492.41,252.41,51.26
215,5,215,1,0,ThetaMat,Accessories,15,38.37,0.099,34.57,41.82,-17.33,82.49,1.08,52,1797.71,1017.71,56.61
216,6,216,1,0,AlphaWatch,Wearables,40,78.1,0.087,71.31,77.81,-8.36,44.54,1.192,14,998.27,438.27,43.9
216,6,216,1,0,BetaBuds,Audio,25,65.28,0.022,63.84,77.27,-17.38,43.49,0.843,13,829.97,504.97,60.84
216,6,216,1,0,GammaBand,Wearables,18,38.99,0.09,35.48,43.8,-18.99,133.19,1.5,75,2661.07,1311.07,49.27
216,6,216,1,0,DeltaDock,Accessories,30,73.2,0.07,68.08,84.99,-19.9,18.91,0.921,2,136.15,76.15,55.93
216,6,216,1,0,EpsilonCam,Imaging,55,120.37,0.023,117.6,132.28,-11.1,57.34,1.176,7,823.21,438.21,53.23
216,6,216,1,0,ZetaHub,Accessories,22,51.3,0.046,48.94,54.54,-10.27,61.12,0.933,31,1517.15,835.15,55.05
216,6,216,1,0,EtaDesk,Furniture,80,226.74,0.058,213.59,223.39,-4.39,25.29,0.617,5,1067.95,667.95,62.54
216,6,216,1,0,ThetaMat,Accessories,15,41.68,0.093,37.8,43.54,-13.17,161.68,1.5,50,1890.19,1140.19,60.32
217,0,217,0,0,AlphaWatch,Wearables,40,105.47,0.073,97.77,108.14,-9.59,39.02,0.797,6,586.62,346.62,59.09
217,0,217,0,0,BetaBuds,Audio,25,65.18,0.02,63.88,63.09,1.25,75.94,1.413,12,766.52,466.52,60.86
217,0,217,0,0,GammaBand,Wearables,18,46.6,0.035,44.97,51.49,-12.66,76.03,1.059,44,1978.64,1186.64,59.97
217,0,217,0,0,DeltaDock,Accessories,30,66.35,0.116,58.65,79.91,-26.6,28.79,0.5,5,293.27,143.27,48.85
217,0,217,0,0,EpsilonCam,Imaging,55,114.41,0.027,111.32,129.98,-14.36,16.59,0.737,5,556.6,281.6,50.59
217,0,217,0,0,ZetaHub,Accessories,22,47.18,0.041,45.25,39.5,14.55,14.11,0.623,8,361.96,185.96,51.38
217,0,217,0,0,EtaDesk,Furniture,80,180.27,0.233,138.27,204.33,-32.33,54.45,1.06,10,1382.67,582.67,42.14
217,0,217,0,0,ThetaMat,Accessories,15,26.12,0.045,24.94,21.74,14.74,11.03,0.51,35,873.06,348.06,39.87
218,1,218,0,0,AlphaWatch,Wearables,40,74.14,0.028,72.06,75.77,-4.89,44.79,1.196,18,1297.15,577.15,44.49
218,1,218,0,0,BetaBuds,Audio,25,60.51,0.034,58.45,60.98,-4.14,22.14,0.614,8,467.62,267.62,57.23
218,1,218,0,0,GammaBand,Wearables,18,34.45,0.061,32.35,33.53,-3.52,60.2,0.685,65,2102.66,932.66,44.36
218,1,218,0,0,DeltaDock,Accessories,30,67.54,0.041,64.77,64.75,0.03,6.14,0.5,1,64.77,34.77,53.68
218,1,218,0,0,EpsilonCam,Imaging,55,131.88,0.193,106.43,115.38,-7.76,4.04,0.603,2,212.85,102.85,48.32
218,1,218,0,0,ZetaHub,Accessories,22,47.62,0.055,45.0,42.17,6.71,40.69,0.967,33,1485.03,759.03,51.11
218,1,218,0,0,EtaDesk,Furniture,80,215.77,0.039,207.35,185.57,11.74,16.18,0.5,1,207.35,127.35,61.42
218,1,218,0,0,ThetaMat,Accessories,15,40.03,0.088,36.51,46.96,-22.26,9.71,0.613,11,401.58,236.58,58.91
219,2,219,0,0,AlphaWatch,Wearables,40,106.85,0.05,101.51,115.33,-11.99,3.41,0.5,2,203.02,123.01,60.59
219,2,219,0,0,BetaBuds,Audio,25,46.29,0.029,44.95,55.36,-18.81,50.33,0.766,27,1213.58,538.58,44.38
219,2,219,0,0,GammaBand,Wearables,18,46.68,0.004,46.49,57.82,-19.59,34.26,0.988,32,1487.78,911.78,61.28
219,2,219,0,0,DeltaDock,Accessories,30,80.54,0.058,75.87,94.98,-20.12,14.69,0.5,1,75.87,45.87,60.46
219,2,219,0,0,EpsilonCam,Imaging,55,108.12,0.151,91.79,124.17,-26.07,20.13,0.557,5,458.97,183.97,40.08
219,2,219,0,0,ZetaHub,Accessories,22,53.49,0.174,44.18,60.73,-27.25,8.05,0.5,7,309.28,155.28,50.21
219,2,219,0,0,EtaDesk,Furniture,80,166.32,0.079,153.18,179.93,-14.87,28.64,0.683,5,765.9,365.9,47.77
219,2,219,0,0,ThetaMat,Accessories,15,36.9,0.026,35.94,32.47,10.69,32.03,0.739,22,790.69,460.69,58.26
220,3,220,0,0,AlphaWatch,Wearables,40,108.56,0.007,107.8,97.54,10.52,17.29,0.779,3,323.4,203.4,62.89
220,3,220,0,0,BetaBuds,Audio,25,55.03,0.056,51.95,64.43,-19.37,23.54,0.862,11,571.43,296.43,51.88
220,3,220,0,0,GammaBand,Wearables,18,38.82,0.023,37.93,45.45,-16.55,7.19,0.643,15,568.91,298.91,52.54
220,3,220,0,0,DeltaDock,Accessories,30,52.6,0.08,48.39,60.61,-20.16,0.28,0.512,1,48.39,18.39,38.01
220,3,220,0,0,EpsilonCam,Imaging,55,118.8,0.071,110.37,120.25,-8.22,2.44,0.739,2,220.73,110.73,50.17
220,3,220,0,0,ZetaHub,Accessories,22,43.95,0.078,40.52,45.95,-11.81,84.22,1.095,38,1539.83,703.83,45.71
220,3,220,0,0,EtaDesk,Furniture,80,185.98,0.051,176.5,185.96,-5.09,0.59,0.5,1,176.5,96.5,54.67
220,3,220,0,0,ThetaMat,Accessories,15,34.67,0.041,33.25,37.9,-12.27,8.05,0.649,22,731.47,401.47,54.89
221,4,221,0,0,AlphaWatch,Wearables,40,88.71,0.066,82.86,95.32,-13.08,9.65,0.607,4,331.42,171.42,51.72
221,4,221,0,0,BetaBuds,Audio,25,55.89,0.172,46.28,54.49,-15.07,43.0,0.901,16,740.43,340.43,45.98
221,4,221,0,0,GammaBand,Wearables,18,45.42,0.054,42.97,41.91,2.52,47.63,0.909,28,1203.08,699.08,58.11
221,4,221,0,0,DeltaDock,Accessories,30,78.27,0.055,73.97,93.34,-20.76,41.3,1.097,2,147.93,87.93,59.44
221,4,221,0,0,EpsilonCam,Imaging,55,111.25,0.127,97.12,121.28,-19.92,32.9,0.683,8,776.97,336.97,43.37
221,4,221,0,0,ZetaHub,Accessories,22,47.15,0.065,44.09,55.17,-20.09,18.29,0.545,16,705.36,353.36,50.1
221,4,221,0,0,EtaDesk,Furniture,80,197.64,0.063,185.19,211.2,-12.32,26.54,0.803,5,925.94,525.94,56.8
221,4,221,0,0,ThetaMat,Accessories,15,39.51,0.076,36.51,32.75,11.47,18.26,0.717,28,1022.2,602.2,58.91
222,5,222,1,0,AlphaWatch,Wearables,40,85.46,0.08,78.62,87.9,-10.55,26.45,0.653,4,314.49,154.49,49.12
222,5,222,1,0,BetaBuds,Audio,25,60.94,0.082,55.94,64.51,-13.28,30.58,0.848,16,895.09,495.09,55.31
222,5,222,1,0,GammaBand,Wearables,18,38.08,0.042,36.48,44.95,-18.84,34.07,0.748,49,1787.55,905.55,50.66
222,5,222,1,0,DeltaDock,Accessories,30,66.71,0.057,62.91,68.14,-7.68,9.43,0.5,2,125.82,65.82,52.31
222,5,222,1,0,EpsilonCam,Imaging,55,132.7,0.028,128.98,162.35,-20.55,66.85,1.06,7,902.89,517.89,57.36
222,5,222,1,0,ZetaHub,Accessories,22,40.83,0.028,39.69,42.39,-6.38,107.27,1.344,65,2579.64,1149.64,44.57
222,5,222,1,0,EtaDesk,Furniture,80,198.06,0.016,194.89,197.68,-1.41,52.07,0.874,3,584.67,344.67,58.95
222,5,222,1,0,ThetaMat,Accessories,15,26.49,0.092,24.05,28.76,-16.37,24.28,0.878,72,1731.81,651.81,37.64
223,6,223,1,0,AlphaWatch,Wearables,40,116.81,0.04,112.14,127.52,-12.06,72.07,1.205,6,672.83,432.83,64.33
223,6,223,1,0,BetaBuds,Audio,25,65.52,0.025,63.88,59.84,6.75,25.58,0.513,6,383.29,233.29,60.87
223,6,223,1,0,GammaBand,Wearables,18,46.54,0.042,44.59,49.53,-9.98,23.03,0.624,19,847.12,505.12,59.63
223,6,223,1,0,DeltaDock,Accessories,30,82.61,0.199,66.17,71.87,-7.93,47.73,0.81,3,198.51,108.51,54.66
223,6,223,1,0,EpsilonCam,Imaging,55,115.12,0.062,107.98,134.95,-19.98,2.14,0.5,1,107.98,52.98,49.07
223,6,223,1,0,ZetaHub,Accessories,22,48.76,0.058,45.93,55.14,-16.7,66.56,0.956,25,1148.3,598.3,52.1
223,6,223,1,0,EtaDesk,Furniture,80,185.65,0.084,170.06,157.06,8.27,30.75,0.814,7,1190.39,630.39,52.96
223,6,223,1,0,ThetaMat,Accessories,15,32.93,0.051,31.25,33.96,-7.98,15.17,0.646,34,1062.52,552.52,52.0
224,0,224,0,0,AlphaWatch,Wearables,40,76.61,0.157,64.58,92.01,-29.81,64.58,1.007,26,1679.14,639.14,38.06
224,0,224,0,0,BetaBuds,Audio,25,54.56,0.096,49.32,64.74,-23.81,69.95,0.634,26,1282.38,632.38,49.31
224,0,224,0,0,GammaBand,Wearables,18,36.59,0.065,34.21,32.3,5.92,30.46,0.769,43,1471.1,697.1,47.39
224,0,224,0,0,DeltaDock,Accessories,30,63.19,0.072,58.64,71.17,-17.61,10.07,0.881,6,351.84,171.84,48.84
224,0,224,0,0,EpsilonCam,Imaging,55,114.72,0.01,113.57,108.29,4.88,2.98,0.5,1,113.57,58.57,51.57
224,0,224,0,0,ZetaHub,Accessories,22,60.4,0.068,56.29,61.28,-8.14,41.42,1.002,21,1182.15,720.15,60.92
224,0,224,0,0,EtaDesk,Furniture,80,170.31,0.016,167.59,189.42,-11.53,1.32,0.595,1,167.59,87.59,52.26
224,0,224,0,0,ThetaMat,Accessories,15,30.46,0.009,30.19,31.53,-4.26,24.51,0.824,49,1479.11,744.11,50.31
225,1,225,0,0,AlphaWatch,Wearables,40,75.24,0.045,71.85,74.75,-3.87,11.85,0.502,6,431.13,191.13,44.33
225,1,225,0,0,BetaBuds,Audio,25,52.23,0.108,46.59,53.19,-12.41,35.7,0.926,24,1118.14,518.14,46.34
225,1,225,0,0,GammaBand,Wearables,18,45.11,0.114,39.97,57.97,-31.05,172.67,1.5,121,4836.06,2658.06,54.96
225,1,225,0,0,DeltaDock,Accessories,30,54.6,0.163,45.7,63.89,-28.47,8.25,0.5,3,137.1,47.1,34.35
225,1,225,0,0,EpsilonCam,Imaging,55,147.59,0.042,141.39,175.31,-19.35,46.46,0.864,6,848.35,518.35,61.1
225,1,225,0,0,ZetaHub,Accessories,22,55.76,0.078,51.41,61.98,-17.05,68.75,1.045,25,1285.27,735.27,57.21
225,1,225,0,0,EtaDesk,Furniture,80,210.5,0.093,190.92,183.72,3.92,62.62,1.046,4,763.69,443.69,58.1
225,1,225,0,0,ThetaMat,Accessories,15,34.14,0.065,31.92,27.4,16.5,30.43,0.898,21,670.34,355.34,53.01
226,2,226,0,0,AlphaWatch,Wearables,40,94.23,0.065,88.11,93.09,-5.35,10.44,0.5,2,176.21,96.21,54.6
226,2,226,0,0,BetaBuds,Audio,25,71.77,0.105,64.23,63.42,1.28,3.38,0.597,1,64.23,39.23,61.08
226,2,226,0,0,GammaBand,Wearables,18,35.76,0.018,35.12,44.74,-21.51,49.38,1.055,66,2317.68,1129.68,48.74
226,2,226,0,0,DeltaDock,Accessories,30,57.27,0.056,54.06,53.21,1.6,1.81,0.697,1,54.06,24.06,44.51
226,2,226,0,0,EpsilonCam,Imaging,55,147.25,0.037,141.8,139.34,1.77,22.22,0.597,2,283.6,173.6,61.21
226,2,226,0,0,ZetaHub,Accessories,22,61.18,0.028,59.47,72.9,-18.43,22.44,0.826,9,535.2,337.2,63.0
226,2,226,0,0,EtaDesk,Furniture,80,168.36,0.012,166.34,152.98,8.73,9.73,0.5,3,499.02,259.02,51.91
226,2,226,0,0,ThetaMat,Accessories,15,28.25,0.079,26.02,22.79,14.17,15.85,0.65,34,884.62,374.62,42.35
227,3,227,0,0,AlphaWatch,Wearables,40,112.69,0.003,112.35,126.17,-10.95,23.29,0.657,3,337.06,217.06,64.4
227,3,227,0,0,BetaBuds,Audio,25,54.45,0.117,48.08,51.28,-6.24,13.31,0.633,6,288.48,138.48,48.0
227,3,227,0,0,GammaBand,Wearables,18,37.53,0.018,36.85,34.37,7.23,23.71,0.76,21,773.94,395.94,51.16
227,3,227,0,0,DeltaDock,Accessories,30,81.98,0.067,76.49,91.94,-16.81,28.04,0.925,1,76.49,46.49,60.78
227,3,227,0,0,EpsilonCam,Imaging,55,123.89,0.027,120.54,126.65,-4.82,39.4,0.824,3,361.63,196.63,54.37
227,3,227,0,0,ZetaHub,Accessories,22,47.64,0.017,46.83,55.48,-15.59,4.99,0.789,13,608.79,322.79,53.02
227,3,227,0,0,EtaDesk,Furniture,80,156.63,0.023,153.03,179.1,-14.56,90.82,1.267,15,2295.41,1095.41,47.72
227,3,227,0,0,ThetaMat,Accessories,15,31.79,0.049,30.23,25.52,18.47,12.94,0.567,16,483.72,243.72,50.38
228,4,228,0,0,AlphaWatch,Wearables,40,106.63,0.069,99.27,122.63,-19.05,15.09,0.584,3,297.82,177.82,59.71
228,4,228,0,0,BetaBuds,Audio,25,58.4,0.099,52.62,65.46,-19.62,28.08,0.695,9,473.57,248.57,52.49
228,4,228,0,0,GammaBand,Wearables,18,38.49,0.029,37.37,34.34,8.83,84.03,1.352,58,2167.68,1123.68,51.84
228,4,228,0,0,DeltaDock,Accessories,30,71.0,0.089,64.68,81.44,-20.58,45.22,0.8,3,194.04,104.04,53.62
228,4,228,0,0,EpsilonCam,Imaging,55,126.73,0.09,115.32,114.75,0.5,2.42,0.677,1,115.32,60.32,52.31
228,4,228,0,0,ZetaHub,Accessories,22,41.48,0.028,40.32,38.75,4.05,7.65,0.76,11,443.5,201.5,45.43
228,4,228,0,0,EtaDesk,Furniture,80,225.26,0.139,193.95,246.26,-21.24,7.51,0.56,1,193.95,113.95,58.75
228,4,228,0,0,ThetaMat,Accessories,15,28.97,0.038,27.87,31.1,-10.39,20.03,0.5,25,696.73,321.73,46.18
229,5,229,1,0,AlphaWatch,Wearables,40,89.81,0.024,87.65,79.93,9.66,26.23,0.896,5,438.27,238.27,54.37
229,5,229,1,0,BetaBuds,Audio,25,62.9,0.062,59.0,69.8,-15.47,129.86,1.5,27,1593.01,918.01,57.63
229,5,229,1,0,GammaBand,Wearables,18,48.71,0.032,47.15,56.1,-15.95,11.03,0.577,13,612.97,378.97,61.83
229,5,229,1,0,DeltaDock,Accessories,30,62.42,0.07,58.05,64.67,-10.24,2.28,0.726,2,116.1,56.1,48.32
229,5,229,1,0,EpsilonCam,Imaging,55,113.54,0.083,104.12,105.87,-1.66,88.13,1.085,11,1145.28,540.28,47.17
229,5,229,1,0,ZetaHub,Accessories,22,47.29,0.04,45.4,56.16,-19.16,25.28,0.582,13,590.18,304.18,51.54
229,5,229,1,0,EtaDesk,Furniture,80,198.92,0.054,188.18,179.65,4.75,24.56,0.632,4,752.71,432.71,57.49
229,5,229,1,0,ThetaMat,Accessories,15,29.82,0.036,28.75,32.14,-10.56,44.46,0.834,91,2615.93,1250.93,47.82
230,6,230,1,0,AlphaWatch,Wearables,40,91.36,0.076,84.42,96.58,-12.59,132.33,1.5,44,3714.33,1954.33,52.62
230,6,230,1,0,BetaBuds,Audio,25,59.69,0.081,54.86,67.9,-19.21,6.62,0.5,8,438.84,238.84,54.43
230,6,230,1,0,GammaBand,Wearables,18,39.53,0.088,36.05,45.1,-20.06,0.43,0.5,8,288.41,144.41,50.07
230,6,230,1,0,DeltaDock,Accessories,30,85.2,0.047,81.2,74.43,9.09,29.52,0.758,2,162.39,102.39,63.05
230,6,230,1,0,EpsilonCam,Imaging,55,149.59,0.037,144.06,140.56,2.49,55.79,1.1,6,864.33,534.33,61.82
230,6,230,1,0,ZetaHub,Accessories,22,46.45,0.06,43.66,46.74,-6.58,27.17,0.925,17,742.27,368.27,49.61
230,6,230,1,0,EtaDesk,Furniture,80,163.4,0.052,154.9,159.63,-2.96,91.18,1.283,9,1394.13,674.13,48.35
230,6,230,1,0,ThetaMat,Accessories,15,29.73,0.037,28.63,32.55,-12.04,84.71,1.212,96,2748.48,1308.48,47.61
231,0,231,0,0,AlphaWatch,Wearables,40,101.93,0.054,96.43,108.65,-11.25,4.3,0.5,3,289.28,169.28,58.52
231,0,231,0,0,BetaBuds,Audio,25,54.24,0.161,45.51,48.55,-6.27,88.63,1.104,35,1592.76,717.76,45.06
231,0,231,0,0,GammaBand,Wearables,18,46.03,0.027,44.79,38.43,16.54,38.84,0.957,16,716.6,428.6,59.81
231,0,231,0,0,DeltaDock,Accessories,30,72.02,0.03,69.86,68.05,2.66,2.48,0.738,1,69.86,39.86,57.06
231,0,231,0,0,EpsilonCam,Imaging,55,112.73,0.112,100.1,104.78,-4.46,39.99,1.024,8,800.83,360.83,45.06
231,0,231,0,0,ZetaHub,Accessories,22,44.85,0.093,40.68,56.36,-27.82,19.43,0.793,41,1667.84,765.84,45.92
231,0,231,0,0,EtaDesk,Furniture,80,147.43,0.062,138.29,129.28,6.97,5.7,0.943,3,414.87,174.87,42.15
231,0,231,0,0,ThetaMat,Accessories,15,39.8,0.02,39.0,39.27,-0.68,16.65,0.808,12,468.05,288.05,61.54
232,1,232,0,0,AlphaWatch,Wearables,40,75.09,0.059,70.66,82.52,-14.37,13.52,0.897,5,353.3,153.3,43.39
232,1,232,0,0,BetaBuds,Audio,25,49.41,0.036,47.63,48.64,-2.07,15.47,0.638,9,428.68,203.68,47.51
232,1,232,0,0,GammaBand,Wearables,18,39.51,0.058,37.22,39.86,-6.63,25.61,0.577,19,707.15,365.15,51.64
232,1,232,0,0,DeltaDock,Accessories,30,69.75,0.093,63.26,70.77,-10.61,28.88,0.976,4,253.05,133.05,52.58
232,1,232,0,0,EpsilonCam,Imaging,55,128.27,0.064,120.06,124.32,-3.43,27.61,0.618,4,480.24,260.24,54.19
232,1,232,0,0,ZetaHub,Accessories,22,42.09,0.052,39.9,43.47,-8.21,37.89,0.888,28,1117.24,501.24,44.86
232,1,232,0,0,EtaDesk,Furniture,80,210.92,0.08,194.05,188.12,3.15,49.94,0.601,5,970.23,570.23,58.77
232,1,232,0,0,ThetaMat,Accessories,15,36.2,0.095,32.76,49.38,-33.66,23.24,0.582,29,950.07,515.07,54.21
233,2,233,0,0,AlphaWatch,Wearables,40,93.59,0.076,86.48,86.42,0.07,18.1,0.604,3,259.43,139.43,53.75
233,2,233,0,0,BetaBuds,Audio,25,57.47,0.035,55.46,61.56,-9.91,21.65,0.518,3,166.38,91.38,54.92
233,2,233,0,0,GammaBand,Wearables,18,33.93,0.01,33.59,38.03,-11.67,58.25,1.032,94,3157.53,1465.53,46.41
233,2,233,0,0,DeltaDock,Accessories,30,74.75,0.134,64.73,81.16,-20.24,10.14,0.643,1,64.73,34.73,53.66
233,2,233,0,0,EpsilonCam,Imaging,55,111.2,0.024,108.53,94.39,14.98,38.03,0.811,4,434.12,214.12,49.32
233,2,233,0,0,ZetaHub,Accessories,22,60.1,0.091,54.63,66.1,-17.35,58.74,1.023,20,1092.62,652.62,59.73
233,2,233,0,0,EtaDesk,Furniture,80,214.13,0.029,207.92,224.17,-7.25,103.54,1.435,5,1039.6,639.6,61.52
233,2,233,0,0,ThetaMat,Accessories,15,31.45,0.073,29.15,38.65,-24.57,15.2,0.5,20,583.08,283.08,48.55
234,3,234,0,0,AlphaWatch,Wearables,40,98.45,0.007,97.76,108.6,-9.98,51.7,1.129,6,586.57,346.57,59.08
234,3,234,0,0,BetaBuds,Audio,25,45.9,0.034,44.34,53.71,-17.45,55.07,1.064,25,1108.48,483.48,43.62
234,3,234,0,0,GammaBand,Wearables,18,33.2,0.037,31.97,28.67,11.52,34.83,0.674,30,959.15,419.15,43.7
234,3,234,0,0,DeltaDock,Accessories,30,69.76,0.095,63.13,64.85,-2.65,36.22,0.914,4,252.53,132.53,52.48
234,3,234,0,0,EpsilonCam,Imaging,55,136.53,0.088,124.52,123.63,0.72,22.86,0.665,3,373.55,208.55,55.83
234,3,234,0,0,ZetaHub,Accessories,22,45.95,0.017,45.17,47.99,-5.88,11.05,0.787,15,677.53,347.53,51.29
234,3,234,0,0,EtaDesk,Furniture,80,166.01,0.164,138.78,157.56,-11.92,21.77,0.5,2,277.57,117.57,42.36
234,3,234,0,0,ThetaMat,Accessories,15,36.06,0.08,33.18,44.98,-26.24,64.56,0.936,49,1625.58,890.58,54.79
235,4,235,0,0,AlphaWatch,Wearables,40,75.82,0.182,62.02,76.52,-18.95,26.52,0.704,10,620.21,220.21,35.51
235,4,235,0,0,BetaBuds,Audio,25,53.73,0.2,42.98,54.11,-20.56,53.45,0.857,32,1375.49,575.49,41.84
235,4,235,0,0,GammaBand,Wearables,18,37.53,0.065,35.09,40.05,-12.38,16.47,0.575,22,771.99,375.99,48.7
235,4,235,0,0,DeltaDock,Accessories,30,79.12,0.106,70.73,86.78,-18.49,34.51,0.655,2,141.47,81.47,57.59
235,4,235,0,0,EpsilonCam,Imaging,55,109.39,0.012,108.08,119.44,-9.51,16.9,0.572,5,540.39,265.39,49.11
235,4,235,0,0,ZetaHub,Accessories,22,54.27,0.069,50.53,66.22,-23.7,3.76,0.561,15,757.88,427.88,56.46
235,4,235,0,0,EtaDesk,Furniture,80,207.91,0.13,180.88,243.74,-25.79,5.84,0.5,2,361.76,201.76,55.77
235,4,235,0,0,ThetaMat,Accessories,15,34.52,0.066,32.24,31.02,3.94,3.15,0.5,12,386.9,206.9,53.48
236,5,236,1,0,AlphaWatch,Wearables,40,82.74,0.054,78.27,81.09,-3.48,138.66,1.5,29,2269.89,1109.89,48.9
236,5,236,1,0,BetaBuds,Audio,25,62.98,0.146,53.78,74.23,-27.54,24.5,0.751,15,806.77,431.77,53.52
236,5,236,1,0,GammaBand,Wearables,18,39.08,0.046,37.28,40.55,-8.06,8.97,0.5,12,447.39,231.39,51.72
236,5,236,1,0,DeltaDock,Accessories,30,85.28,0.03,82.72,91.29,-9.39,12.23,0.5,2,165.44,105.44,63.73
236,5,236,1,0,EpsilonCam,Imaging,55,131.44,0.027,127.89,116.72,9.57,36.11,0.681,2,255.78,145.78,56.99
236,5,236,1,0,ZetaHub,Accessories,22,42.69,0.239,32.49,44.76,-27.42,2.18,0.81,19,617.25,199.25,32.28
236,5,236,1,0,EtaDesk,Furniture,80,204.34,0.122,179.41,177.84,0.88,9.32,0.609,1,179.41,99.41,55.41
236,5,236,1,0,ThetaMat,Accessories,15,38.2,0.064,35.76,43.35,-17.52,116.98,1.118,56,2002.29,1162.29,58.05
237,6,237,1,0,AlphaWatch,Wearables,40,87.97,0.102,79.0,74.48,6.06,2.27,0.552,2,157.99,77.99,49.37
237,6,237,1,0,BetaBuds,Audio,25,54.56,0.042,52.27,53.91,-3.04,21.96,0.5,8,418.15,218.15,52.17
237,6,237,1,0,GammaBand,Wearables,18,34.48,0.115,30.51,37.8,-19.27,52.67,0.928,72,2197.07,901.07,41.01
237,6,237,1,0,DeltaDock,Accessories,30,80.18,0.152,67.99,80.09,-15.1,37.8,0.809,4,271.97,151.97,55.88
237,6,237,1,0,EpsilonCam,Imaging,55,104.81,0.1,94.33,90.37,4.38,48.01,1.064,11,1037.62,432.62,41.69
237,6,237,1,0,ZetaHub,Accessories,22,52.3,0.043,50.05,58.81,-14.89,36.15,0.681,23,1151.18,645.18,56.04
237,6,237,1,0,EtaDesk,Furniture,80,192.06,0.099,173.05,167.33,3.42,10.88,0.699,3,519.14,279.14,53.77
237,6,237,1,0,ThetaMat,Accessories,15,39.54,0.019,38.79,44.99,-13.78,37.26,0.601,21,814.56,499.56,61.33
238,0,238,0,0,AlphaWatch,Wearables,40,110.39,0.129,96.15,105.68,-9.02,9.59,0.63,3,288.45,168.45,58.4
238,0,238,0,0,BetaBuds,Audio,25,56.67,0.108,50.55,51.63,-2.09,37.42,0.642,17,859.34,434.34,50.54
238,0,238,0,0,GammaBand,Wearables,18,39.12,0.072,36.3,41.27,-12.03,2.73,0.5,21,762.37,384.37,50.42
238,0,238,0,0,DeltaDock,Accessories,30,71.74,0.003,71.52,74.53,-4.03,27.18,0.754,2,143.05,83.05,58.06
238,0,238,0,0,EpsilonCam,Imaging,55,150.55,0.148,128.27,133.06,-3.6,31.39,0.835,3,384.81,219.81,57.12
238,0,238,0,0,ZetaHub,Accessories,22,55.14,0.033,53.32,55.74,-4.34,119.94,1.5,27,1439.65,845.65,58.74
238,0,238,0,0,EtaDesk,Furniture,80,188.28,0.057,177.55,197.6,-10.15,8.61,0.666,3,532.64,292.64,54.94
238,0,238,0,0,ThetaMat,Accessories,15,33.83,0.024,33.02,34.38,-3.96,10.15,0.753,20,660.36,360.36,54.57
239,1,239,0,0,AlphaWatch,Wearables,40,97.43,0.21,76.97,91.05,-15.46,7.96,0.5,5,384.85,184.85,48.03
239,1,239,0,0,BetaBuds,Audio,25,57.68,0.109,51.39,70.9,-27.51,51.55,0.895,19,976.46,501.46,51.36
239,1,239,0,0,GammaBand,Wearables,18,36.98,0.066,34.54,39.36,-12.25,18.35,0.685,27,932.56,446.56,47.89
239,1,239,0,0,DeltaDock,Accessories,30,68.51,0.057,64.6,66.49,-2.84,18.42,0.591,3,193.81,103.81,53.56
239,1,239,0,0,EpsilonCam,Imaging,55,108.6,0.057,102.41,102.32,0.09,24.48,0.567,4,409.64,189.64,46.29
239,1,239,0,0,ZetaHub,Accessories,22,50.52,0.11,44.96,52.22,-13.9,33.05,1.181,26,1169.03,597.03,51.07
239,1,239,0,0,EtaDesk,Furniture,80,185.91,0.01,184.05,211.84,-13.12,20.18,0.533,2,368.1,208.1,56.53
239,1,239,0,0,ThetaMat,Accessories,15,28.77,0.165,24.02,24.42,-1.63,4.96,0.763,34,816.78,306.78,37.56
240,2,240,0,0,AlphaWatch,Wearables,40,80.2,0.124,70.26,78.81,-10.85,31.38,0.663,11,772.81,332.81,43.06
240,2,240,0,0,BetaBuds,Audio,25,67.54,0.107,60.31,63.2,-4.57,33.28,1.003,7,422.19,247.19,58.55
240,2,240,0,0,GammaBand,Wearables,18,34.0,0.019,33.35,37.31,-10.6,115.1,1.399,109,3635.59,1673.59,46.03
240,2,240,0,0,DeltaDock,Accessories,30,80.69,0.126,70.52,73.42,-3.95,2.14,0.535,1,70.52,40.52,57.46
240,2,240,0,0,EpsilonCam,Imaging,55,139.24,0.298,97.75,143.43,-31.85,58.59,1.101,12,1172.96,512.96,43.73
240,2,240,0,0,ZetaHub,Accessories,22,61.52,0.065,57.52,74.33,-22.61,32.66,0.902,11,632.73,390.73,61.75
240,2,240,0,0,EtaDesk,Furniture,80,214.88,0.016,211.44,242.99,-12.98,51.29,0.906,4,845.77,525.77,62.16
240,2,240,0,0,ThetaMat,Accessories,15,40.57,0.08,37.32,46.92,-20.45,86.0,1.27,54,2015.52,1205.52,59.81
241,3,241,0,0,AlphaWatch,Wearables,40,85.98,0.012,84.95,80.01,6.17,7.19,0.659,2,169.9,89.9,52.91
241,3,241,0,0,BetaBuds,Audio,25,56.12,0.061,52.7,58.94,-10.59,8.94,0.5,7,368.88,193.88,52.56
241,3,241,0,0,GammaBand,Wearables,18,38.03,0.009,37.69,38.14,-1.19,0.9,0.5,9,339.19,177.19,52.24
241,3,241,0,0,DeltaDock,Accessories,30,67.69,0.101,60.85,74.69,-18.53,26.28,0.589,4,243.41,123.41,50.7
241,3,241,0,0,EpsilonCam,Imaging,55,141.8,0.059,133.43,147.91,-9.79,7.87,0.538,2,266.87,156.87,58.78
241,3,241,0,0,ZetaHub,Accessories,22,44.65,0.066,41.7,54.85,-23.97,7.56,0.5,13,542.14,256.14,47.25
241,3,241,0,0,EtaDesk,Furniture,80,217.83,0.209,172.3,259.11,-33.5,26.29,0.762,3,516.91,276.91,53.57
241,3,241,0,0,ThetaMat,Accessories,15,34.18,0.019,33.53,38.89,-13.78,50.15,1.087,43,1441.81,796.81,55.26
242,4,242,0,0,AlphaWatch,Wearables,40,107.86,0.12,94.92,108.03,-12.14,29.88,0.513,4,379.67,219.67,57.86
242,4,242,0,0,BetaBuds,Audio,25,51.03,0.073,47.3,62.63,-24.47,81.68,1.031,39,1844.89,869.89,47.15
242,4,242,0,0,GammaBand,Wearables,18,40.64,0.045,38.81,41.74,-7.02,36.19,0.913,30,1164.34,624.34,53.62
242,4,242,0,0,DeltaDock,Accessories,30,65.34,0.085,59.79,68.08,-12.18,12.03,0.637,2,119.57,59.57,49.82
242,4,242,0,0,EpsilonCam,Imaging,55,139.55,0.234,106.9,133.6,-19.99,54.03,0.863,8,855.16,415.16,48.55
242,4,242,0,0,ZetaHub,Accessories,22,49.21,0.034,47.54,51.42,-7.55,25.31,0.709,8,380.29,204.29,53.72
242,4,242,0,0,EtaDesk,Furniture,80,186.49,0.182,152.55,177.93,-14.26,22.75,0.908,3,457.65,217.65,47.56
242,4,242,0,0,ThetaMat,Accessories,15,40.01,0.065,37.41,35.43,5.59,1.76,0.5,5,187.05,112.05,59.9
243,5,243,1,0,AlphaWatch,Wearables,40,86.49,0.049,82.25,86.88,-5.33,7.78,0.752,2,164.5,84.5,51.37
243,5,243,1,0,BetaBuds,Audio,25,65.02,0.028,63.2,70.36,-10.18,4.56,0.5,6,379.2,229.2,60.44
243,5,243,1,0,GammaBand,Wearables,18,48.97,0.172,40.55,43.18,-6.1,33.32,0.786,16,648.75,360.75,55.61
243,5,243,1,0,DeltaDock,Accessories,30,77.2,0.1,69.48,65.37,6.29,22.02,1.053,1,69.48,39.48,56.82
243,5,243,1,0,EpsilonCam,Imaging,55,137.9,0.026,134.31,169.19,-20.61,71.75,0.979,6,805.89,475.89,59.05
243,5,243,1,0,ZetaHub,Accessories,22,59.45,0.065,55.59,51.76,7.39,4.39,0.5,6,333.51,201.51,60.42
243,5,243,1,0,EtaDesk,Furniture,80,211.64,0.196,170.16,214.75,-20.76,49.83,1.038,7,1191.11,631.11,52.99
243,5,243,1,0,ThetaMat,Accessories,15,30.77,0.074,28.49,30.16,-5.53,62.87,0.986,41,1168.21,553.21,47.36
244,6,244,1,0,AlphaWatch,Wearables,40,109.54,0.026,106.69,125.13,-14.74,121.6,1.5,12,1280.3,800.3,62.51
244,6,244,1,0,BetaBuds,Audio,25,53.71,0.024,52.42,69.46,-24.53,40.44,0.69,21,1100.84,575.84,52.31
244,6,244,1,0,GammaBand,Wearables,18,34.12,0.008,33.85,44.3,-23.6,33.62,0.643,60,2030.82,950.82,46.82
244,6,244,1,0,DeltaDock,Accessories,30,57.08,0.128,49.77,50.53,-1.5,20.28,0.771,5,248.87,98.87,39.73
244,6,244,1,0,EpsilonCam,Imaging,55,115.47,0.107,103.11,103.53,-0.4,1.73,0.675,3,309.34,144.34,46.66
244,6,244,1,0,ZetaHub,Accessories,22,50.84,0.065,47.54,49.77,-4.49,22.03,0.908,15,713.03,383.03,53.72
244,6,244,1,0,EtaDesk,Furniture,80,214.31,0.094,194.16,212.6,-8.67,83.79,1.202,8,1553.32,913.32,58.8
244,6,244,1,0,ThetaMat,Accessories,15,31.83,0.01,31.51,26.81,17.54,34.02,0.577,36,1134.42,594.42,52.4
245,0,245,0,0,AlphaWatch,Wearables,40,85.43,0.023,83.47,72.4,15.28,23.5,0.851,4,333.86,173.86,52.08
245,0,245,0,0,BetaBuds,Audio,25,57.76,0.081,53.08,65.41,-18.85,44.43,0.755,21,1114.71,589.71,52.9
245,0,245,0,0,GammaBand,Wearables,18,38.15,0.02,37.39,39.67,-5.75,0.1,0.641,9,336.48,174.48,51.85
245,0,245,0,0,DeltaDock,Accessories,30,66.78,0.08,61.44,58.54,4.95,21.99,0.918,2,122.88,62.88,51.17
245,0,245,0,0,EpsilonCam,Imaging,55,109.57,0.04,105.19,106.96,-1.66,119.36,1.5,14,1472.62,702.62,47.71
245,0,245,0,0,ZetaHub,Accessories,22,46.4,0.125,40.6,43.9,-7.52,0.26,0.515,6,243.6,111.6,45.81
245,0,245,0,0,EtaDesk,Furniture,80,163.26,0.073,151.34,164.84,-8.19,3.8,0.5,2,302.68,142.68,47.14
245,0,245,0,0,ThetaMat,Accessories,15,28.89,0.169,24.01,30.63,-21.62,3.68,0.522,32,768.24,288.24,37.52
246,1,246,0,0,AlphaWatch,Wearables,40,108.2,0.158,91.1,129.23,-29.5,0.69,0.5,2,182.21,102.21,56.09
246,1,246,0,0,BetaBuds,Audio,25,62.46,0.086,57.09,54.63,4.5,51.54,1.026,8,456.71,256.71,56.21
246,1,246,0,0,GammaBand,Wearables,18,38.7,0.08,35.6,32.28,10.3,33.04,0.786,24,854.5,422.5,49.44
246,1,246,0,0,DeltaDock,Accessories,30,84.35,0.026,82.16,75.49,8.83,9.01,0.5,2,164.31,104.31,63.48
246,1,246,0,0,EpsilonCam,Imaging,55,134.82,0.176,111.09,134.54,-17.43,12.23,0.684,3,333.28,168.28,50.49
246,1,246,0,0,ZetaHub,Accessories,22,43.54,0.072,40.41,47.06,-14.14,77.03,1.211,38,1535.39,699.39,45.55
246,1,246,0,0,EtaDesk,Furniture,80,179.35,0.075,165.9,151.59,9.44,70.58,1.397,6,995.39,515.39,51.78
246,1,246,0,0,ThetaMat,Accessories,15,35.15,0.25,26.36,31.49,-16.28,6.77,0.5,13,342.71,147.71,43.1
247,2,247,0,0,AlphaWatch,Wearables,40,77.1,0.063,72.24,79.07,-8.63,29.88,0.533,7,505.7,225.7,44.63
247,2,247,0,0,BetaBuds,Audio,25,59.39,0.033,57.43,52.04,10.36,5.09,0.523,6,344.58,194.58,56.47
247,2,247,0,0,GammaBand,Wearables,18,41.09,0.09,37.39,30.59,22.24,2.21,0.757,10,373.92,193.92,51.86
247,2,247,0,0,DeltaDock,Accessories,30,81.32,0.202,64.89,79.39,-18.26,6.44,0.5,1,64.89,34.89,53.77
247,2,247,0,0,EpsilonCam,Imaging,55,153.59,0.039,147.6,175.85,-16.06,58.94,1.346,5,738.0,463.0,62.74
247,2,247,0,0,ZetaHub,Accessories,22,41.65,0.081,38.28,42.02,-8.91,70.15,1.238,62,2373.13,1009.13,42.52
247,2,247,0,0,EtaDesk,Furniture,80,199.76,0.131,173.59,170.95,1.55,29.9,0.5,3,520.77,280.77,53.91
247,2,247,0,0,ThetaMat,Accessories,15,40.69,0.052,38.57,47.88,-19.44,15.79,0.552,16,617.19,377.19,61.11
248,3,248,0,0,AlphaWatch,Wearables,40,76.15,0.101,68.46,86.63,-20.98,13.43,0.824,14,958.42,398.42,41.57
248,3,248,0,0,BetaBuds,Audio,25,70.25,0.132,60.98,77.75,-21.57,9.22,0.608,8,487.82,287.82,59.0
248,3,248,0,0,GammaBand,Wearables,18,46.14,0.009,45.72,45.28,0.98,94.14,1.5,36,1646.09,998.09,60.63
248,3,248,0,0,DeltaDock,Accessories,30,67.74,0.095,61.3,71.22,-13.92,22.4,0.863,3,183.91,93.91,51.06
248,3,248,0,0,EpsilonCam,Imaging,55,114.07,0.175,94.11,110.46,-14.8,0.74,0.671,1,94.11,39.11,41.56
248,3,248,0,0,ZetaHub,Accessories,22,43.92,0.178,36.1,44.69,-19.22,12.29,0.77,24,866.45,338.45,39.06
248,3,248,0,0,EtaDesk,Furniture,80,190.73,0.076,176.23,198.19,-11.08,87.4,1.208,8,1409.88,769.88,54.61
248,3,248,0,0,ThetaMat,Accessories,15,38.6,0.011,38.18,48.29,-20.95,9.08,0.546,11,419.93,254.93,60.71
249,4,249,0,0,AlphaWatch,Wearables,40,82.23,0.046,78.45,95.42,-17.79,5.52,0.5,1,78.45,38.45,49.01
249,4,249,0,0,BetaBuds,Audio,25,53.06,0.083,48.66,46.55,4.52,78.91,1.314,48,2335.49,1135.49,48.62
249,4,249,0,0,GammaBand,Wearables,18,39.55,0.071,36.74,36.03,1.98,25.14,0.675,14,514.39,262.39,51.01
249,4,249,0,0,DeltaDock,Accessories,30,74.75,0.01,74.0,72.65,1.86,40.45,0.846,1,74.0,44.0,59.46
249,4,249,0,0,EpsilonCam,Imaging,55,102.38,0.053,96.95,111.69,-13.19,9.86,0.511,4,387.82,167.82,43.27
249,4,249,0,0,ZetaHub,Accessories,22,44.34,0.141,38.09,44.59,-14.58,32.75,0.548,22,837.94,353.94,42.24
249,4,249,0,0,EtaDesk,Furniture,80,208.83,0.015,205.7,238.72,-13.83,75.71,1.02,5,1028.49,628.49,61.11
249,4,249,0,0,ThetaMat,Accessories,15,26.89,0.06,25.28,21.55,17.29,25.0,0.5,29,733.02,298.02,40.66
250,5,250,1,0,AlphaWatch,Wearables,40,101.56,0.082,93.23,94.19,-1.02,22.46,0.795,7,652.62,372.62,57.1
250,5,250,1,0,BetaBuds,Audio,25,53.85,0.049,51.21,58.93,-13.1,43.05,0.708,16,819.38,419.38,51.18
250,5,250,1,0,GammaBand,Wearables,18,48.35,0.206,38.39,44.52,-13.77,9.47,0.67,25,959.75,509.75,53.11
250,5,250,1,0,DeltaDock,Accessories,30,85.72,0.03,83.15,84.58,-1.69,32.92,0.833,3,249.45,159.45,63.92
250,5,250,1,0,EpsilonCam,Imaging,55,112.55,0.003,112.21,96.03,16.85,11.64,0.749,3,336.64,171.64,50.99
250,5,250,1,0,ZetaHub,Accessories,22,44.69,0.213,35.17,44.71,-21.34,17.28,0.633,28,984.79,368.79,37.45
250,5,250,1,0,EtaDesk,Furniture,80,201.8,0.219,157.61,178.9,-11.9,16.91,0.795,4,630.42,310.42,49.24
250,5,250,1,0,ThetaMat,Accessories,15,37.47,0.071,34.81,36.79,-5.38,31.76,0.743,27,939.86,534.86,56.91
251,6,251,1,0,AlphaWatch,Wearables,40,88.24,0.187,71.74,95.65,-25.0,11.23,0.5,3,215.22,95.22,44.24
251,6,251,1,0,BetaBuds,Audio,25,66.49,0.016,65.43,63.66,2.77,0.21,0.633,2,130.85,80.85,61.79
251,6,251,1,0,GammaBand,Wearables,18,36.79,0.103,33.0,41.2,-19.9,69.09,1.009,80,2640.05,1200.05,45.46
251,6,251,1,0,DeltaDock,Accessories,30,76.9,0.036,74.13,77.92,-4.86,3.56,0.5,1,74.13,44.13,59.53
251,6,251,1,0,EpsilonCam,Imaging,55,153.41,0.025,149.57,151.11,-1.02,44.82,0.66,3,448.72,283.72,63.23
251,6,251,1,0,ZetaHub,Accessories,22,52.45,0.099,47.26,51.44,-8.13,39.93,0.992,35,1654.01,884.01,53.45
251,6,251,1,0,EtaDesk,Furniture,80,142.39,0.13,123.88,122.48,1.14,15.86,0.83,5,619.4,219.4,35.42
251,6,251,1,0,ThetaMat,Accessories,15,33.47,0.14,28.78,33.0,-12.78,8.8,0.597,18,518.12,248.12,47.89
252,0,252,0,0,AlphaWatch,Wearables,40,98.03,0.088,89.4,97.02,-7.85,34.47,0.654,7,625.82,345.82,55.26
252,0,252,0,0,BetaBuds,Audio,25,63.4,0.07,58.96,65.66,-10.2,9.04,0.501,4,235.85,135.85,57.6
252,0,252,0,0,GammaBand,Wearables,18,40.24,0.034,38.87,48.55,-19.93,2.32,0.6,9,349.85,187.85,53.69
252,0,252,0,0,DeltaDock,Accessories,30,60.87,0.064,56.97,72.36,-21.26,7.09,0.726,2,113.95,53.95,47.34
252,0,252,0,0,EpsilonCam,Imaging,55,136.16,0.069,126.76,144.59,-12.33,15.7,0.59,2,253.53,143.53,56.61
252,0,252,0,0,ZetaHub,Accessories,22,44.66,0.107,39.88,50.7,-21.34,4.04,0.525,16,638.1,286.1,44.84
252,0,252,0,0,EtaDesk,Furniture,80,206.98,0.116,182.97,193.95,-5.66,0.58,0.5,1,182.97,102.97,56.28
252,0,252,0,0,ThetaMat,Accessories,15,39.18,0.103,35.14,33.76,4.1,6.43,0.5,7,246.01,141.01,57.32
253,1,253,0,0,AlphaWatch,Wearables,40,94.38,0.066,88.15,98.76,-10.74,120.66,1.159,15,1322.26,722.26,54.62
253,1,253,0,0,BetaBuds,Audio,25,68.5,0.059,64.46,61.96,4.03,18.12,0.827,4,257.83,157.83,61.22
253,1,253,0,0,GammaBand,Wearables,18,35.46,0.146,30.28,31.54,-3.99,19.39,0.743,36,1090.18,442.18,40.56
253,1,253,0,0,DeltaDock,Accessories,30,82.48,0.044,78.85,88.72,-11.12,5.11,0.5,1,78.85,48.85,61.95
253,1,253,0,0,EpsilonCam,Imaging,55,124.84,0.049,118.72,142.9,-16.92,6.44,0.558,2,237.45,127.45,53.67
253,1,253,0,0,ZetaHub,Accessories,22,50.68,0.034,48.96,49.45,-1.0,16.21,0.686,10,489.57,269.57,55.06
253,1,253,0,0,EtaDesk,Furniture,80,208.72,0.021,204.34,187.3,9.1,46.45,0.772,3,613.01,373.01,60.85
253,1,253,0,0,ThetaMat,Accessories,15,34.04,0.188,27.64,38.31,-27.85,8.93,0.5,37,1022.7,467.7,45.73
254,2,254,0,0,AlphaWatch,Wearables,40,89.26,0.068,83.19,81.02,2.68,5.81,0.562,3,249.57,129.57,51.92
254,2,254,0,0,BetaBuds,Audio,25,56.44,0.044,53.96,55.25,-2.34,2.82,0.675,4,215.83,115.83,53.67
254,2,254,0,0,GammaBand,Wearables,18,44.23,0.017,43.48,56.49,-23.03,13.98,0.5,12,521.74,305.74,58.6
254,2,254,0,0,DeltaDock,Accessories,30,75.93,0.011,75.09,69.99,7.29,13.68,0.782,1,75.09,45.09,60.05
254,2,254,0,0,EpsilonCam,Imaging,55,140.65,0.063,131.79,169.42,-22.21,35.73,0.751,4,527.16,307.16,58.27
254,2,254,0,0,ZetaHub,Accessories,22,56.81,0.163,47.55,62.56,-23.99,15.03,0.51,13,618.15,332.15,53.73
254,2,254,0,0,EtaDesk,Furniture,80,190.2,0.01,188.3,212.46,-11.37,10.85,0.556,2,376.6,216.6,57.51
254,2,254,0,0,ThetaMat,Accessories,15,32.5,0.105,29.09,40.77,-28.65,22.96,0.929,36,1047.15,507.15,48.43
255,3,255,0,0,AlphaWatch,Wearables,40,91.91,0.073,85.2,96.43,-11.65,22.97,0.806,5,426.0,226.0,53.05
255,3,255,0,0,BetaBuds,Audio,25,66.16,0.09,60.21,61.88,-2.71,19.94,0.543,3,180.62,105.62,58.48
255,3,255,0,0,GammaBand,Wearables,18,44.65,0.135,38.62,42.76,-9.68,18.34,0.5,13,502.09,268.09,53.39
255,3,255,0,0,DeltaDock,Accessories,30,66.58,0.063,62.39,57.56,8.38,69.21,1.223,3,187.16,97.16,51.91
255,3,255,0,0,EpsilonCam,Imaging,55,146.44,0.016,144.1,163.75,-12.0,20.79,0.759,2,288.19,178.19,61.83
255,3,255,0,0,ZetaHub,Accessories,22,60.91,0.055,57.56,80.07,-28.11,23.78,0.823,10,575.6,355.6,61.78
255,3,255,0,0,EtaDesk,Furniture,80,182.71,0.055,172.66,212.05,-18.58,7.49,0.5,3,517.98,277.98,53.67
255,3,255,0,0,ThetaMat,Accessories,15,34.78,0.051,33.01,34.96,-5.59,17.14,0.723,20,660.12,360.12,54.55
256,4,256,0,0,AlphaWatch,Wearables,40,74.91,0.136,64.72,67.16,-3.63,12.61,0.78,4,258.89,98.89,38.2
256,4,256,0,0,BetaBuds,Audio,25,68.42,0.04,65.68,66.78,-1.64,89.15,1.433,9,591.15,366.15,61.94
256,4,256,0,0,GammaBand,Wearables,18,41.28,0.144,35.34,44.83,-21.18,6.39,0.5,21,742.05,364.05,49.06
256,4,256,0,0,DeltaDock,Accessories,30,78.36,0.115,69.35,90.6,-23.46,36.03,0.921,2,138.7,78.7,56.74
256,4,256,0,0,EpsilonCam,Imaging,55,120.99,0.077,111.67,136.48,-18.18,4.7,0.824,2,223.35,113.35,50.75
256,4,256,0,0,ZetaHub,Accessories,22,45.27,0.008,44.91,44.14,1.74,2.85,0.5,8,359.26,183.26,51.01
256,4,256,0,0,EtaDesk,Furniture,80,185.66,0.052,176.01,208.59,-15.62,6.47,0.514,2,352.01,192.01,54.55
256,4,256,0,0,ThetaMat,Accessories,15,39.1,0.005,38.9,36.56,6.41,23.89,0.72,9,350.14,215.14,61.44
257,5,257,1,0,AlphaWatch,Wearables,40,80.44,0.015,79.23,80.43,-1.49,39.73,0.918,8,633.87,313.87,49.52
257,5,257,1,0,BetaBuds,Audio,25,55.86,0.07,51.95,62.66,-17.09,1.17,0.57,5,259.75,134.75,51.88
257,5,257,1,0,GammaBand,Wearables,18,34.15,0.094,30.94,32.04,-3.43,13.64,0.634,30,928.2,388.2,41.82
257,5,257,1,0,DeltaDock,Accessories,30,78.96,0.052,74.85,74.58,0.37,72.8,0.774,2,149.71,89.71,59.92
257,5,257,1,0,EpsilonCam,Imaging,55,143.8,0.091,130.71,161.68,-19.15,2.95,0.5,2,261.43,151.43,57.92
257,5,257,1,0,ZetaHub,Accessories,22,50.87,0.054,48.12,50.79,-5.25,18.6,0.573,13,625.6,339.6,54.28
257,5,257,1,0,EtaDesk,Furniture,80,200.44,0.121,176.19,185.17,-4.85,54.09,0.893,5,880.93,480.93,54.59
257,5,257,1,0,ThetaMat,Accessories,15,34.98,0.019,34.32,33.48,2.5,6.93,0.5,18,617.68,347.68,56.29
258,6,258,1,0,AlphaWatch,Wearables,40,93.11,0.006,92.55,86.77,6.66,98.76,1.244,8,740.41,420.41,56.78
258,6,258,1,0,BetaBuds,Audio,25,62.75,0.167,52.27,67.53,-22.6,51.62,1.119,21,1097.69,572.69,52.17
258,6,258,1,0,GammaBand,Wearables,18,43.61,0.074,40.38,42.95,-5.98,39.13,0.855,30,1211.49,671.49,55.43
258,6,258,1,0,DeltaDock,Accessories,30,71.94,0.094,65.18,67.89,-4.0,27.36,0.678,2,130.36,70.36,53.97
258,6,258,1,0,EpsilonCam,Imaging,55,113.32,0.008,112.41,116.09,-3.17,14.84,0.5,3,337.24,172.24,51.07
258,6,258,1,0,ZetaHub,Accessories,22,50.43,0.076,46.6,50.87,-8.4,3.86,0.579,9,419.38,221.38,52.79
258,6,258,1,0,EtaDesk,Furniture,80,217.62,0.069,202.6,233.65,-13.29,1.47,0.5,1,202.6,122.6,60.51
258,6,258,1,0,ThetaMat,Accessories,15,33.17,0.142,28.46,38.64,-26.35,40.47,0.741,53,1508.37,713.37,47.29
259,0,259,0,0,AlphaWatch,Wearables,40,101.18,0.101,90.96,102.55,-11.3,23.21,0.553,3,272.88,152.88,56.03
259,0,259,0,0,BetaBuds,Audio,25,56.23,0.112,49.93,53.55,-6.76,82.24,1.269,22,1098.51,548.51,49.93
259,0,259,0,0,GammaBand,Wearables,18,43.85,0.102,39.38,42.83,-8.06,10.54,0.689,12,472.53,256.53,54.29
259,0,259,0,0,DeltaDock,Accessories,30,74.45,0.049,70.8,78.84,-10.2,0.71,0.5,0,0.0,0.0,57.63
259,0,259,0,0,EpsilonCam,Imaging,55,133.6,0.007,132.66,161.95,-18.08,180.61,1.5,9,1193.98,698.98,58.54
259,0,259,0,0,ZetaHub,Accessories,22,44.39,0.013,43.81,41.43,5.75,12.42,0.765,8,350.5,174.5,49.79
259,0,259,0,0,EtaDesk,Furniture,80,143.68,0.119,126.58,149.37,-15.26,8.05,0.614,3,379.75,139.75,36.8
259,0,259,0,0,ThetaMat,Accessories,15,31.02,0.092,28.17,32.46,-13.23,14.86,0.925,37,1042.15,487.15,46.74
260,1,260,0,0,AlphaWatch,Wearables,40,84.47,0.145,72.22,89.42,-19.23,14.93,0.628,7,505.55,225.55,44.62
260,1,260,0,0,BetaBuds,Audio,25,45.92,0.177,37.79,40.27,-6.15,5.95,0.517,10,377.92,127.92,33.85
260,1,260,0,0,GammaBand,Wearables,18,40.6,0.183,33.17,35.81,-7.37,5.85,0.5,17,563.89,257.89,45.73
260,1,260,0,0,DeltaDock,Accessories,30,68.05,0.268,49.81,62.97,-20.89,20.69,0.5,3,149.44,59.44,39.77
260,1,260,0,0,EpsilonCam,Imaging,55,141.21,0.074,130.76,148.33,-11.84,3.33,0.5,1,130.76,75.76,57.94
260,1,260,0,0,ZetaHub,Accessories,22,43.6,0.001,43.56,45.86,-5.02,14.3,0.818,22,958.24,474.24,49.49
260,1,260,0,0,EtaDesk,Furniture,80,188.37,0.183,153.9,201.3,-23.55,2.89,0.565,1,153.9,73.9,48.02
260,1,260,0,0,ThetaMat,Accessories,15,29.41,0.101,26.44,30.71,-13.91,81.49,1.136,74,1956.53,846.53,43.27
261,2,261,0,0,AlphaWatch,Wearables,40,94.81,0.067,88.46,92.6,-4.47,7.55,0.5,3,265.37,145.37,54.78
261,2,261,0,0,BetaBuds,Audio,25,63.22,0.034,61.07,60.7,0.61,20.58,0.704,4,244.28,144.28,59.06
261,2,261,0,0,GammaBand,Wearables,18,41.74,0.07,38.82,41.06,-5.46,27.22,0.698,36,1397.46,749.46,53.63
261,2,261,0,0,DeltaDock,Accessories,30,64.59,0.057,60.91,61.81,-1.46,12.46,0.627,1,60.91,30.91,50.75
261,2,261,0,0,EpsilonCam,Imaging,55,141.28,0.113,125.32,155.3,-19.31,0.83,0.755,1,125.32,70.32,56.11
261,2,261,0,0,ZetaHub,Accessories,22,38.69,0.076,35.75,41.55,-13.96,20.73,0.774,37,1322.73,508.73,38.46
261,2,261,0,0,EtaDesk,Furniture,80,197.39,0.057,186.14,231.75,-19.68,18.9,0.5,2,372.28,212.28,57.02
261,2,261,0,0,ThetaMat,Accessories,15,41.79,0.043,39.99,45.27,-11.66,29.4,0.549,14,559.9,349.9,62.49
262,3,262,0,0,AlphaWatch,Wearables,40,91.51,0.045,87.39,79.55,9.86,8.61,0.628,2,174.78,94.78,54.23
262,3,262,0,0,BetaBuds,Audio,25,52.7,0.134,45.64,45.4,0.52,35.57,0.907,16,730.21,330.21,45.22
262,3,262,0,0,GammaBand,Wearables,18,37.77,0.021,36.98,45.92,-19.48,18.45,0.627,50,1848.84,948.84,51.32
262,3,262,0,0,DeltaDock,Accessories,30,59.22,0.129,51.58,60.19,-14.3,42.85,0.87,4,206.32,86.32,41.84
262,3,262,0,0,EpsilonCam,Imaging,55,106.32,0.174,87.82,124.05,-29.21,32.7,0.625,6,526.92,196.92,37.37
262,3,262,0,0,ZetaHub,Accessories,22,57.01,0.015,56.15,67.76,-17.13,33.45,0.64,14,786.17,478.17,60.82
262,3,262,0,0,EtaDesk,Furniture,80,197.87,0.101,177.89,230.57,-22.85,32.12,0.603,3,533.66,293.66,55.03
262,3,262,0,0,ThetaMat,Accessories,15,27.1,0.036,26.12,23.43,11.5,45.71,0.897,83,2168.33,923.33,42.58
263,4,263,0,0,AlphaWatch,Wearables,40,104.27,0.043,99.79,122.74,-18.7,48.98,0.564,4,399.15,239.15,59.91
263,4,263,0,0,BetaBuds,Audio,25,50.02,0.011,49.47,41.22,20.01,0.57,0.606,4,197.88,97.88,49.46
263,4,263,0,0,GammaBand,Wearables,18,51.51,0.101,46.31,48.68,-4.87,42.24,0.831,17,787.23,481.23,61.13
263,4,263,0,0,DeltaDock,Accessories,30,76.6,0.063,71.77,84.37,-14.93,27.63,0.67,3,215.32,125.32,58.2
263,4,263,0,0,EpsilonCam,Imaging,55,139.95,0.177,115.18,162.09,-28.94,35.26,1.014,6,691.07,361.07,52.25
263,4,263,0,0,ZetaHub,Accessories,22,45.98,0.159,38.67,44.7,-13.49,12.88,0.5,18,696.05,300.05,43.11
263,4,263,0,0,EtaDesk,Furniture,80,178.87,0.041,171.54,190.79,-10.09,63.3,1.006,11,1886.9,1006.9,53.36
263,4,263,0,0,ThetaMat,Accessories,15,32.92,0.075,30.45,36.22,-15.93,5.18,0.621,30,913.53,463.53,50.74
264,5,264,1,0,AlphaWatch,Wearables,40,88.34,0.189,71.64,97.54,-26.55,4.93,0.5,5,358.22,158.22,44.17
264,5,264,1,0,BetaBuds,Audio,25,49.93,0.113,44.29,51.2,-13.5,23.36,0.6,19,841.47,366.47,43.55
264,5,264,1,0,GammaBand,Wearables,18,49.35,0.014,48.66,42.8,13.69,36.84,0.802,13,632.57,398.57,63.01
264,5,264,1,0,DeltaDock,Accessories,30,62.08,0.121,54.57,68.73,-20.6,93.79,1.01,12,654.82,294.82,45.02
264,5,264,1,0,EpsilonCam,Imaging,55,140.36,0.006,139.52,129.79,7.5,2.92,0.608,1,139.52,84.52,60.58
264,5,264,1,0,ZetaHub,Accessories,22,54.73,0.011,54.13,62.39,-13.24,55.08,0.772,23,1244.94,738.94,59.36
264,5,264,1,0,EtaDesk,Furniture,80,155.89,0.127,136.09,163.22,-16.62,8.38,0.746,5,680.46,280.46,41.22
264,5,264,1,0,ThetaMat,Accessories,15,38.75,0.015,38.17,40.42,-5.57,36.67,0.731,21,801.54,486.54,60.7
265,6,265,1,0,AlphaWatch,Wearables,40,103.0,0.025,100.42,101.84,-1.39,3.08,0.541,1,100.42,60.42,60.17
265,6,265,1,0,BetaBuds,Audio,25,50.19,0.056,47.38,49.73,-4.73,75.5,0.886,24,1137.1,537.1,47.23
265,6,265,1,0,GammaBand,Wearables,18,36.49,0.043,34.92,43.39,-19.52,8.03,0.65,16,558.73,270.73,48.45
265,6,265,1,0,DeltaDock,Accessories,30,60.92,0.099,54.89,65.33,-15.98,3.39,0.539,1,54.89,24.89,45.34
265,6,265,1,0,EpsilonCam,Imaging,55,113.64,0.034,109.78,100.06,9.71,6.42,0.657,1,109.78,54.78,49.9
265,6,265,1,0,ZetaHub,Accessories,22,45.26,0.022,44.26,57.08,-22.45,22.91,0.694,19,841.02,423.02,50.3
265,6,265,1,0,EtaDesk,Furniture,80,173.9,0.112,154.42,195.48,-21.0,45.72,0.68,8,1235.39,595.39,48.19
265,6,265,1,0,ThetaMat,Accessories,15,26.92,0.067,25.12,26.02,-3.47,4.04,0.5,26,653.03,263.03,40.28
266,0,266,0,0,AlphaWatch,Wearables,40,76.04,0.135,65.77,85.23,-22.83,11.95,0.813,6,394.65,154.65,39.19
266,0,266,0,0,BetaBuds,Audio,25,58.82,0.021,57.58,53.46,7.72,77.37,1.204,18,1036.53,586.53,56.59
266,0,266,0,0,GammaBand,Wearables,18,39.56,0.043,37.86,42.66,-11.25,39.55,0.989,58,2195.82,1151.82,52.46
266,0,266,0,0,DeltaDock,Accessories,30,54.7,0.131,47.53,51.51,-7.72,10.71,0.545,3,142.6,52.6,36.89
266,0,266,0,0,EpsilonCam,Imaging,55,146.45,0.084,134.15,154.96,-13.43,2.31,0.5,2,268.3,158.3,59.0
266,0,266,0,0,ZetaHub,Accessories,22,47.18,0.177,38.83,46.12,-15.81,28.54,0.535,18,698.92,302.92,43.34
266,0,266,0,0,EtaDesk,Furniture,80,178.99,0.017,175.95,170.61,3.13,0.88,0.5,0,0.0,0.0,54.53
266,0,266,0,0,ThetaMat,Accessories,15,30.1,0.119,26.52,29.23,-9.28,86.49,1.298,114,3023.06,1313.06,43.43
267,1,267,0,0,AlphaWatch,Wearables,40,92.64,0.025,90.32,92.27,-2.11,1.87,0.5,3,270.97,150.97,55.71
267,1,267,0,0,BetaBuds,Audio,25,61.93,0.118,54.62,77.71,-29.71,112.95,1.419,40,2184.89,1184.89,54.23
267,1,267,0,0,GammaBand,Wearables,18,37.33,0.067,34.83,40.23,-13.43,25.0,0.805,50,1741.44,841.44,48.32
267,1,267,0,0,DeltaDock,Accessories,30,64.5,0.042,61.79,69.02,-10.47,14.18,0.5,1,61.79,31.79,51.45
267,1,267,0,0,EpsilonCam,Imaging,55,155.23,0.116,137.22,163.14,-15.89,29.58,0.5,2,274.45,164.45,59.92
267,1,267,0,0,ZetaHub,Accessories,22,45.72,0.258,33.92,40.63,-16.5,9.32,0.598,36,1221.27,429.27,35.15
267,1,267,0,0,EtaDesk,Furniture,80,161.75,0.056,152.69,177.13,-13.8,89.83,1.183,7,1068.84,508.84,47.61
267,1,267,0,0,ThetaMat,Accessories,15,41.84,0.152,35.48,39.6,-10.4,14.7,0.5,10,354.8,204.8,57.72
268,2,268,0,0,AlphaWatch,Wearables,40,88.72,0.048,84.46,90.15,-6.31,0.34,0.611,2,168.92,88.92,52.64
268,2,268,0,0,BetaBuds,Audio,25,48.46,0.074,44.87,43.38,3.44,54.35,0.759,17,762.86,337.86,44.29
268,2,268,0,0,GammaBand,Wearables,18,32.59,0.113,28.91,29.06,-0.53,11.7,0.69,32,925.03,349.03,37.73
268,2,268,0,0,DeltaDock,Accessories,30,81.65,0.06,76.75,94.99,-19.2,4.47,0.751,1,76.75,46.75,60.91
268,2,268,0,0,EpsilonCam,Imaging,55,108.23,0.067,100.98,103.59,-2.52,15.61,0.681,3,302.94,137.94,45.53
268,2,268,0,0,ZetaHub,Accessories,22,57.91,0.046,55.25,66.12,-16.45,0.4,0.5,3,165.74,99.74,60.18
268,2,268,0,0,EtaDesk,Furniture,80,214.04,0.054,202.48,219.16,-7.61,1.2,0.655,1,202.48,122.48,60.49
268,2,268,0,0,ThetaMat,Accessories,15,39.02,0.026,38.01,39.6,-4.03,36.12,0.844,21,798.12,483.12,60.53
269,3,269,0,0,AlphaWatch,Wearables,40,109.91,0.182,89.91,97.12,-7.43,4.26,0.5,2,179.81,99.81,55.51
269,3,269,0,0,BetaBuds,Audio,25,51.32,0.028,49.88,55.67,-10.4,50.83,0.933,13,648.48,323.48,49.88
269,3,269,0,0,GammaBand,Wearables,18,41.54,0.15,35.31,42.21,-16.35,20.03,0.696,23,812.11,398.11,49.02
269,3,269,0,0,DeltaDock,Accessories,30,70.8,0.061,66.48,72.43,-8.21,39.77,0.907,5,332.41,182.41,54.87
269,3,269,0,0,EpsilonCam,Imaging,55,102.38,0.136,88.46,126.02,-29.81,28.96,0.599,4,353.83,133.83,37.82
269,3,269,0,0,ZetaHub,Accessories,22,44.04,0.122,38.67,48.35,-20.03,14.24,0.69,19,734.68,316.68,43.1
269,3,269,0,0,EtaDesk,Furniture,80,192.7,0.121,169.38,186.18,-9.02,16.9,0.618,2,338.77,178.77,52.77
269,3,269,0,0,ThetaMat,Accessories,15,33.39,0.069,31.09,34.98,-11.13,75.11,0.884,30,932.58,482.58,51.75
270,4,270,0,0,AlphaWatch,Wearables,40,101.18,0.084,92.68,87.4,6.04,45.54,0.537,3,278.04,158.04,56.84
270,4,270,0,0,BetaBuds,Audio,25,56.46,0.105,50.53,61.39,-17.69,30.19,0.716,13,656.91,331.91,50.53
270,4,270,0,0,GammaBand,Wearables,18,34.8,0.173,28.78,37.69,-23.64,31.05,0.818,104,2993.08,1121.08,37.46
270,4,270,0,0,DeltaDock,Accessories,30,62.09,0.108,55.38,68.62,-19.29,31.63,0.835,4,221.54,101.54,45.83
270,4,270,0,0,EpsilonCam,Imaging,55,115.28,0.096,104.21,125.12,-16.71,32.15,0.753,8,833.7,393.7,47.22
270,4,270,0,0,ZetaHub,Accessories,22,61.75,0.052,58.54,48.51,20.67,37.45,0.618,9,526.85,328.85,62.42
270,4,270,0,0,EtaDesk,Furniture,80,178.6,0.116,157.88,187.53,-15.81,26.08,0.738,4,631.53,311.53,49.33
270,4,270,0,0,ThetaMat,Accessories,15,31.18,0.103,27.97,30.36,-7.88,12.83,0.559,12,335.62,155.62,46.37
271,5,271,1,0,AlphaWatch,Wearables,40,92.1,0.053,87.22,93.1,-6.32,15.72,0.5,3,261.66,141.66,54.14
271,5,271,1,0,BetaBuds,Audio,25,68.43,0.194,55.15,57.8,-4.58,116.99,1.5,22,1213.4,663.4,54.67
271,5,271,1,0,GammaBand,Wearables,18,50.8,0.008,50.39,44.9,12.24,104.53,1.187,37,1864.56,1198.56,64.28
271,5,271,1,0,DeltaDock,Accessories,30,71.5,0.103,64.14,68.84,-6.83,47.03,0.749,3,192.41,102.41,53.22
271,5,271,1,0,EpsilonCam,Imaging,55,125.49,0.006,124.74,139.93,-10.86,18.23,0.672,3,374.21,209.21,55.91
271,5,271,1,0,ZetaHub,Accessories,22,39.92,0.086,36.49,39.2,-6.92,9.43,0.521,19,693.25,275.25,39.7
271,5,271,1,0,EtaDesk,Furniture,80,175.22,0.025,170.84,196.06,-12.86,94.85,1.205,15,2562.59,1362.59,53.17
271,5,271,1,0,ThetaMat,Accessories,15,39.5,0.024,38.55,38.13,1.11,0.74,0.623,4,154.21,94.21,61.09
272,6,272,1,0,AlphaWatch,Wearables,40,88.47,0.149,75.29,102.79,-26.76,22.89,0.564,5,376.44,176.44,46.87
272,6,272,1,0,BetaBuds,Audio,25,54.66,0.134,47.34,51.85,-8.71,12.88,0.5,7,331.35,156.35,47.19
272,6,272,1,0,GammaBand,Wearables,18,50.39,0.078,46.46,48.9,-4.99,1.85,0.613,4,185.84,113.84,61.26
272,6,272,1,0,DeltaDock,Accessories,30,62.05,0.063,58.14,59.57,-2.4,2.04,0.772,1,58.14,28.14,48.4
272,6,272,1,0,EpsilonCam,Imaging,55,101.47,0.14,87.26,91.49,-4.62,103.74,1.116,13,1134.43,419.43,36.97
272,6,272,1,0,ZetaHub,Accessories,22,52.67,0.233,40.4,55.58,-27.32,66.41,1.189,36,1454.32,662.32,45.54
272,6,272,1,0,EtaDesk,Furniture,80,160.72,0.023,157.02,185.24,-15.23,18.91,0.508,4,628.09,308.09,49.05
272,6,272,1,0,ThetaMat,Accessories,15,30.95,0.055,29.25,35.3,-17.15,38.63,0.889,43,1257.65,612.65,48.71
273,0,273,0,0,AlphaWatch,Wearables,40,80.89,0.126,70.7,75.14,-5.91,31.2,0.614,7,494.89,214.89,43.42
273,0,273,0,0,BetaBuds,Audio,25,50.29,0.026,48.98,51.47,-4.83,10.22,0.5,5,244.91,119.91,48.96
273,0,273,0,0,GammaBand,Wearables,18,35.21,0.072,32.67,36.87,-11.38,71.31,1.244,68,2221.89,997.89,44.91
273,0,273,0,0,DeltaDock,Accessories,30,69.64,0.146,59.47,79.28,-24.98,20.29,0.503,2,118.95,58.95,49.56
273,0,273,0,0,EpsilonCam,Imaging,55,119.59,0.131,103.92,121.39,-14.39,17.12,0.645,3,311.77,146.77,47.08
273,0,273,0,0,ZetaHub,Accessories,22,39.98,0.066,37.34,50.95,-26.71,75.37,1.356,68,2539.21,1043.21,41.08
273,0,273,0,0,EtaDesk,Furniture,80,193.36,0.088,176.34,218.19,-19.18,57.01,1.132,6,1058.07,578.07,54.63
273,0,273,0,0,ThetaMat,Accessories,15,28.62,0.068,26.67,24.81,7.51,5.56,0.781,33,880.24,385.24,43.77
274,1,274,0,0,AlphaWatch,Wearables,40,84.02,0.061,78.89,89.31,-11.66,48.53,0.743,8,631.16,311.16,49.3
274,1,274,0,0,BetaBuds,Audio,25,52.03,0.072,48.28,51.6,-6.43,71.19,1.152,16,772.54,372.54,48.22
274,1,274,0,0,GammaBand,Wearables,18,46.48,0.038,44.71,53.02,-15.67,4.81,0.61,17,760.13,454.13,59.74
274,1,274,0,0,DeltaDock,Accessories,30,78.78,0.074,72.95,85.75,-14.93,3.86,0.59,2,145.9,85.9,58.88
274,1,274,0,0,EpsilonCam,Imaging,55,114.9,0.092,104.33,127.06,-17.89,3.45,0.5,2,208.66,98.66,47.28
274,1,274,0,0,ZetaHub,Accessories,22,51.27,0.029,49.78,43.93,13.32,30.34,0.612,10,497.83,277.83,55.81
274,1,274,0,0,EtaDesk,Furniture,80,192.54,0.008,191.0,167.81,13.82,13.5,0.755,2,382.0,222.0,58.12
274,1,274,0,0,ThetaMat,Accessories,15,39.99,0.047,38.11,34.26,11.24,11.12,0.633,6,228.66,138.66,60.64
275,2,275,0,0,AlphaWatch,Wearables,40,106.42,0.056,100.46,120.23,-16.44,41.1,0.798,7,703.22,423.22,60.18
275,2,275,0,0,BetaBuds,Audio,25,46.75,0.072,43.38,51.21,-15.28,10.08,0.5,11,477.22,202.22,42.38
275,2,275,0,0,GammaBand,Wearables,18,48.89,0.149,41.61,45.61,-8.78,5.78,0.786,16,665.69,377.69,56.74
275,2,275,0,0,DeltaDock,Accessories,30,55.54,0.147,47.38,50.96,-7.03,7.0,0.5,1,47.38,17.38,36.68
275,2,275,0,0,EpsilonCam,Imaging,55,132.55,0.015,130.56,113.84,14.69,19.11,0.71,2,261.12,151.12,57.87
275,2,275,0,0,ZetaHub,Accessories,22,57.31,0.11,51.01,53.4,-4.48,52.69,0.907,22,1122.13,638.13,56.87
275,2,275,0,0,EtaDesk,Furniture,80,201.55,0.119,177.57,208.05,-14.65,25.06,0.683,2,355.13,195.13,54.95
275,2,275,0,0,ThetaMat,Accessories,15,32.33,0.161,27.12,38.06,-28.73,9.98,0.5,41,1112.12,497.12,44.7
276,3,276,0,0,AlphaWatch,Wearables,40,87.7,0.143,75.16,81.23,-7.47,13.65,0.798,6,450.95,210.95,46.78
276,3,276,0,0,BetaBuds,Audio,25,63.2,0.03,61.3,65.42,-6.29,68.92,1.029,12,735.65,435.65,59.22
276,3,276,0,0,GammaBand,Wearables,18,34.81,0.108,31.05,42.84,-27.52,28.0,0.536,65,2018.28,848.28,42.03
276,3,276,0,0,DeltaDock,Accessories,30,72.62,0.021,71.09,59.37,19.75,5.48,0.5,1,71.09,41.09,57.8
276,3,276,0,0,EpsilonCam,Imaging,55,119.83,0.011,118.51,124.16,-4.55,3.93,0.71,2,237.02,127.02,53.59
276,3,276,0,0,ZetaHub,Accessories,22,50.91,0.164,42.56,58.35,-27.06,91.82,1.192,40,1702.43,822.43,48.31
276,3,276,0,0,EtaDesk,Furniture,80,221.46,0.128,193.11,201.83,-4.32,31.77,0.896,4,772.45,452.45,58.57
276,3,276,0,0,ThetaMat,Accessories,15,29.1,0.145,24.88,27.32,-8.93,9.61,0.5,15,373.21,148.21,39.71
277,4,277,0,0,AlphaWatch,Wearables,40,103.65,0.034,100.13,88.64,12.96,15.63,0.933,2,200.25,120.25,60.05
277,4,277,0,0,BetaBuds,Audio,25,54.25,0.074,50.24,67.24,-25.29,16.66,0.826,11,552.59,277.59,50.23
277,4,277,0,0,GammaBand,Wearables,18,46.91,0.076,43.34,35.57,21.86,12.56,0.624,6,260.07,152.07,58.47
277,4,277,0,0,DeltaDock,Accessories,30,58.58,0.12,51.55,50.66,1.76,16.69,0.582,2,103.1,43.1,41.8
277,4,277,0,0,EpsilonCam,Imaging,55,152.28,0.023,148.78,140.58,5.83,39.11,0.765,2,297.56,187.56,63.03
277,4,277,0,0,ZetaHub,Accessories,22,49.9,0.123,43.76,53.53,-18.25,53.85,0.805,26,1137.82,565.82,49.73
277,4,277,0,0,EtaDesk,Furniture,80,152.64,0.126,133.41,183.25,-27.2,7.98,0.636,3,400.22,160.22,40.03
277,4,277,0,0,ThetaMat,Accessories,15,37.12,0.082,34.08,47.2,-27.8,3.03,0.583,12,408.91,228.91,55.98
278,5,278,1,0,AlphaWatch,Wearables,40,89.07,0.133,77.22,92.72,-16.71,27.6,0.888,6,463.34,223.34,48.2
278,5,278,1,0,BetaBuds,Audio,25,47.32,0.021,46.33,45.4,2.04,9.14,0.5,7,324.28,149.28,46.03
278,5,278,1,0,GammaBand,Wearables,18,36.93,0.06,34.71,38.91,-10.78,37.85,1.076,28,972.0,468.0,48.15
278,5,278,1,0,DeltaDock,Accessories,30,76.48,0.075,70.74,65.68,7.71,76.17,1.326,6,424.46,244.46,57.59
278,5,278,1,0,EpsilonCam,Imaging,55,117.21,0.051,111.23,106.44,4.5,5.11,0.582,1,111.23,56.23,50.55
278,5,278,1,0,ZetaHub,Accessories,22,46.49,0.118,41.0,40.21,1.98,53.74,0.977,28,1148.12,532.12,46.35
278,5,278,1,0,EtaDesk,Furniture,80,168.36,0.04,161.63,184.84,-12.56,3.77,0.5,1,161.63,81.63,50.5
278,5,278,1,0,ThetaMat,Accessories,15,31.97,0.196,25.7,30.54,-15.84,65.77,1.093,119,3058.76,1273.76,41.64
279,6,279,1,0,AlphaWatch,Wearables,40,87.14,0.105,77.99,78.73,-0.94,15.65,0.58,4,311.96,151.96,48.71
279,6,279,1,0,BetaBuds,Audio,25,62.23,0.178,51.15,70.13,-27.06,33.73,0.742,9,460.38,235.38,51.13
279,6,279,1,0,GammaBand,Wearables,18,43.48,0.034,42.0,47.95,-12.41,2.53,0.565,6,252.01,144.01,57.14
279,6,279,1,0,DeltaDock,Accessories,30,57.83,0.055,54.65,66.88,-18.29,13.84,0.625,3,163.95,73.95,45.1
279,6,279,1,0,EpsilonCam,Imaging,55,123.83,0.013,122.22,117.92,3.65,40.33,0.812,3,366.66,201.66,55.0
279,6,279,1,0,ZetaHub,Accessories,22,42.02,0.036,40.51,54.73,-25.99,117.28,1.5,43,1741.81,795.81,45.69
279,6,279,1,0,EtaDesk,Furniture,80,163.51,0.085,149.61,148.15,0.99,14.03,0.5,3,448.83,208.83,46.53
279,6,279,1,0,ThetaMat,Accessories,15,36.05,0.047,34.36,30.32,13.31,15.75,0.728,15,515.33,290.33,56.34
280,0,280,0,0,AlphaWatch,Wearables,40,74.67,0.038,71.83,77.58,-7.41,24.86,0.571,7,502.83,222.83,44.31
280,0,280,0,0,BetaBuds,Audio,25,64.67,0.062,60.66,56.5,7.36,10.58,0.5,2,121.32,71.32,58.79
280,0,280,0,0,GammaBand,Wearables,18,39.0,0.191,31.55,39.56,-20.25,26.48,0.894,63,1987.71,853.71,42.95
280,0,280,0,0,DeltaDock,Accessories,30,70.77,0.126,61.85,83.78,-26.17,16.29,0.5,2,123.71,63.71,51.5
280,0,280,0,0,EpsilonCam,Imaging,55,120.75,0.027,117.49,137.78,-14.73,39.18,0.95,7,822.43,437.43,53.19
280,0,280,0,0,ZetaHub,Accessories,22,41.28,0.035,39.84,30.66,29.93,16.24,0.789,12,478.02,214.02,44.77
280,0,280,0,0,EtaDesk,Furniture,80,212.67,0.103,190.76,242.37,-21.29,39.29,0.68,7,1335.35,775.35,58.06
280,0,280,0,0,ThetaMat,Accessories,15,35.52,0.021,34.77,29.66,17.24,43.78,0.746,28,973.67,553.67,56.86
281,1,281,0,0,AlphaWatch,Wearables,40,83.09,0.149,70.71,89.11,-20.65,40.53,0.703,15,1060.64,460.64,43.43
281,1,281,0,0,BetaBuds,Audio,25,48.37,0.042,46.34,55.41,-16.37,6.8,0.512,5,231.69,106.69,46.05
281,1,281,0,0,GammaBand,Wearables,18,36.73,0.11,32.69,28.68,13.98,21.77,0.68,27,882.62,396.62,44.94
281,1,281,0,0,DeltaDock,Accessories,30,57.55,0.215,45.18,44.56,1.38,42.34,0.9,2,90.35,30.35,33.59
281,1,281,0,0,EpsilonCam,Imaging,55,112.67,0.058,106.14,131.78,-19.46,5.49,0.519,2,212.27,102.27,48.18
281,1,281,0,0,ZetaHub,Accessories,22,45.76,0.216,35.88,35.55,0.92,24.5,0.863,20,717.52,277.52,38.68
281,1,281,0,0,EtaDesk,Furniture,80,200.13,0.184,163.31,213.74,-23.6,3.74,0.5,2,326.61,166.61,51.01
281,1,281,0,0,ThetaMat,Accessories,15,30.49,0.098,27.5,29.98,-8.27,1.24,0.716,28,770.06,350.06,45.46
282,2,282,0,0,AlphaWatch,Wearables,40,89.09,0.144,76.26,98.42,-22.51,36.31,0.728,8,610.09,290.09,47.55
282,2,282,0,0,BetaBuds,Audio,25,65.68,0.137,56.68,71.66,-20.9,2.96,0.584,4,226.73,126.73,55.89
282,2,282,0,0,GammaBand,Wearables,18,35.13,0.065,32.85,34.67,-5.26,68.3,1.197,98,3218.96,1454.96,45.2
282,2,282,0,0,DeltaDock,Accessories,30,69.04,0.108,61.58,69.31,-11.15,48.59,1.102,5,307.92,157.92,51.29
282,2,282,0,0,EpsilonCam,Imaging,55,116.84,0.112,103.75,116.46,-10.91,14.45,0.721,3,311.26,146.26,46.99
282,2,282,0,0,ZetaHub,Accessories,22,60.85,0.157,51.3,62.68,-18.16,26.75,0.734,12,615.56,351.56,57.11
282,2,282,0,0,EtaDesk,Furniture,80,214.38,0.077,197.87,194.06,1.96,3.2,0.569,1,197.87,117.87,59.57
282,2,282,0,0,ThetaMat,Accessories,15,29.93,0.26,22.15,29.18,-24.1,127.56,1.5,241,5337.72,1722.72,32.27
283,3,283,0,0,AlphaWatch,Wearables,40,83.7,0.155,70.73,87.43,-19.1,5.03,0.724,3,212.18,92.18,43.44
283,3,283,0,0,BetaBuds,Audio,25,46.81,0.033,45.27,43.64,3.72,27.78,0.743,8,362.12,162.12,44.77
283,3,283,0,0,GammaBand,Wearables,18,47.67,0.019,46.76,55.61,-15.91,7.44,0.648,9,420.88,258.88,61.51
283,3,283,0,0,DeltaDock,Accessories,30,60.28,0.026,58.71,63.16,-7.04,37.87,0.5,2,117.43,57.43,48.9
283,3,283,0,0,EpsilonCam,Imaging,55,109.86,0.168,91.4,117.75,-22.37,24.83,0.778,4,365.61,145.61,39.83
283,3,283,0,0,ZetaHub,Accessories,22,46.03,0.019,45.16,35.62,26.77,178.87,1.5,15,677.33,347.33,51.28
283,3,283,0,0,EtaDesk,Furniture,80,172.81,0.031,167.45,195.59,-14.39,47.01,0.872,4,669.81,349.81,52.23
283,3,283,0,0,ThetaMat,Accessories,15,40.8,0.063,38.23,34.37,11.23,8.9,0.526,10,382.3,232.3,60.76
284,4,284,0,0,AlphaWatch,Wearables,40,108.3,0.119,95.41,108.5,-12.06,7.6,0.567,3,286.24,166.24,58.08
284,4,284,0,0,BetaBuds,Audio,25,59.2,0.002,59.08,60.58,-2.47,4.65,0.633,4,236.33,136.33,57.69
284,4,284,0,0,GammaBand,Wearables,18,39.87,0.177,32.81,42.82,-23.37,41.16,0.893,66,2165.66,977.66,45.14
284,4,284,0,0,DeltaDock,Accessories,30,60.52,0.136,52.29,67.88,-22.97,24.94,0.529,6,313.74,133.74,42.63
284,4,284,0,0,EpsilonCam,Imaging,55,101.67,0.177,83.67,97.07,-13.8,1.08,0.716,2,167.35,57.35,34.27
284,4,284,0,0,ZetaHub,Accessories,22,63.27,0.033,61.18,64.61,-5.31,25.55,0.536,10,611.82,391.82,64.04
284,4,284,0,0,EtaDesk,Furniture,80,187.69,0.047,178.87,181.5,-1.45,2.69,0.5,1,178.87,98.87,55.27
284,4,284,0,0,ThetaMat,Accessories,15,39.25,0.112,34.85,47.76,-27.02,27.37,0.868,24,836.5,476.5,56.96
285,5,285,1,0,AlphaWatch,Wearables,40,98.82,0.048,94.08,99.72,-5.66,69.84,1.138,14,1317.07,757.07,57.48
285,5,285,1,0,BetaBuds,Audio,25,60.24,0.017,59.22,61.55,-3.79,12.26,0.891,4,236.86,136.86,57.78
285,5,285,1,0,GammaBand,Wearables,18,39.42,0.032,38.16,41.53,-8.12,68.03,1.081,67,2556.62,1350.62,52.83
285,5,285,1,0,DeltaDock,Accessories,30,64.56,0.012,63.79,62.5,2.06,2.43,0.5,1,63.79,33.79,52.97
285,5,285,1,0,EpsilonCam,Imaging,55,144.78,0.085,132.47,150.06,-11.72,2.12,0.5,1,132.47,77.47,58.48
285,5,285,1,0,ZetaHub,Accessories,22,53.28,0.171,44.17,49.45,-10.68,4.37,0.547,14,618.37,310.37,50.19
285,5,285,1,0,EtaDesk,Furniture,80,181.35,0.173,149.98,160.99,-6.84,45.47,1.009,6,899.86,419.86,46.66
285,5,285,1,0,ThetaMat,Accessories,15,29.86,0.045,28.52,29.21,-2.37,45.77,1.039,73,2081.69,986.69,47.4
286,6,286,1,0,AlphaWatch,Wearables,40,108.82,0.035,105.01,98.63,6.47,89.89,1.477,10,1050.11,650.11,61.91
286,6,286,1,0,BetaBuds,Audio,25,71.05,0.111,63.16,72.1,-12.39,4.16,0.549,3,189.49,114.49,60.42
286,6,286,1,0,GammaBand,Wearables,18,49.38,0.172,40.89,44.74,-8.61,7.91,0.5,11,449.75,251.75,55.98
286,6,286,1,0,DeltaDock,Accessories,30,83.04,0.134,71.91,94.12,-23.59,38.3,0.703,3,215.74,125.74,58.28
286,6,286,1,0,EpsilonCam,Imaging,55,114.25,0.07,106.25,109.54,-3.0,12.29,0.737,2,212.5,102.5,48.24
286,6,286,1,0,ZetaHub,Accessories,22,51.12,0.082,46.93,61.97,-24.27,30.02,0.875,18,844.71,448.71,53.12
286,6,286,1,0,EtaDesk,Furniture,80,233.93,0.046,223.17,205.85,8.41,9.86,0.5,2,446.34,286.34,64.15
286,6,286,1,0,ThetaMat,Accessories,15,39.42,0.037,37.96,34.66,9.53,14.13,0.627,11,417.58,252.58,60.49
287,0,287,0,0,AlphaWatch,Wearables,40,87.49,0.077,80.75,85.37,-5.41,55.52,1.067,5,403.77,203.77,50.47
287,0,287,0,0,BetaBuds,Audio,25,50.42,0.035,48.66,52.92,-8.06,57.16,0.649,12,583.86,283.86,48.62
287,0,287,0,0,GammaBand,Wearables,18,39.42,0.06,37.05,44.85,-17.38,80.63,1.274,59,2186.23,1124.23,51.42
287,0,287,0,0,DeltaDock,Accessories,30,74.23,0.202,59.24,85.2,-30.47,60.51,1.166,5,296.18,146.18,49.35
287,0,287,0,0,EpsilonCam,Imaging,55,130.68,0.022,127.81,118.5,7.85,0.98,0.5,1,127.81,72.81,56.97
287,0,287,0,0,ZetaHub,Accessories,22,45.35,0.074,41.99,43.32,-3.06,52.5,1.078,40,1679.76,799.76,47.61
287,0,287,0,0,EtaDesk,Furniture,80,184.85,0.04,177.46,203.65,-12.86,30.92,0.876,4,709.82,389.82,54.92
287,0,287,0,0,ThetaMat,Accessories,15,30.89,0.07,28.73,36.03,-20.27,88.39,1.107,65,1867.3,892.3,47.79
288,1,288,0,0,AlphaWatch,Wearables,40,102.68,0.14,88.3,95.4,-7.44,18.73,0.863,3,264.91,144.91,54.7
288,1,288,0,0,BetaBuds,Audio,25,47.32,0.094,42.87,51.76,-17.17,1.65,0.529,6,257.23,107.23,41.69
288,1,288,0,0,GammaBand,Wearables,18,38.27,0.047,36.47,36.98,-1.38,4.77,0.7,18,656.48,332.48,50.65
288,1,288,0,0,DeltaDock,Accessories,30,61.0,0.08,56.12,59.72,-6.03,10.38,0.5,2,112.24,52.24,46.54
288,1,288,0,0,EpsilonCam,Imaging,55,135.22,0.012,133.6,120.44,10.92,19.33,0.641,2,267.19,157.19,58.83
288,1,288,0,0,ZetaHub,Accessories,22,39.68,0.111,35.28,41.46,-14.92,25.59,0.728,28,987.71,371.71,37.63
288,1,288,0,0,EtaDesk,Furniture,80,146.94,0.008,145.76,160.92,-9.42,66.11,1.076,10,1457.64,657.64,45.12
288,1,288,0,0,ThetaMat,Accessories,15,27.24,0.064,25.5,25.68,-0.71,60.92,0.859,69,1759.27,724.27,41.17
289,2,289,0,0,AlphaWatch,Wearables,40,97.42,0.102,87.48,99.01,-11.64,25.18,0.705,7,612.38,332.38,54.28
289,2,289,0,0,BetaBuds,Audio,25,54.77,0.207,43.43,52.91,-17.91,50.96,0.747,29,1259.55,534.55,42.44
289,2,289,0,0,GammaBand,Wearables,18,50.92,0.025,49.65,40.97,21.18,0.3,0.769,3,148.94,94.94,63.74
289,2,289,0,0,DeltaDock,Accessories,30,59.35,0.123,52.05,63.94,-18.6,57.68,0.787,7,364.35,154.35,42.36
289,2,289,0,0,EpsilonCam,Imaging,55,94.7,0.115,83.81,91.56,-8.46,21.26,0.681,3,251.43,86.43,34.37
289,2,289,0,0,ZetaHub,Accessories,22,47.3,0.037,45.55,49.86,-8.64,32.49,0.926,14,637.7,329.7,51.7
289,2,289,0,0,EtaDesk,Furniture,80,170.26,0.102,152.89,193.08,-20.81,71.19,1.275,12,1834.72,874.72,47.68
289,2,289,0,0,ThetaMat,Accessories,15,31.06,0.092,28.2,35.07,-19.58,7.93,0.583,19,535.85,250.85,46.81
290,3,290,0,0,AlphaWatch,Wearables,40,110.74,0.046,105.65,95.75,10.34,40.95,0.817,2,211.29,131.29,62.14
290,3,290,0,0,BetaBuds,Audio,25,49.05,0.058,46.21,56.5,-18.22,82.16,1.331,33,1524.77,699.77,45.89
290,3,290,0,0,GammaBand,Wearables,18,51.77,0.088,47.21,44.99,4.94,49.2,0.738,19,897.07,555.07,61.88
290,3,290,0,0,DeltaDock,Accessories,30,49.74,0.065,46.51,55.36,-15.99,10.09,1.025,4,186.03,66.03,35.49
290,3,290,0,0,EpsilonCam,Imaging,55,137.55,0.139,118.43,134.36,-11.86,71.55,0.906,5,592.15,317.15,53.56
290,3,290,0,0,ZetaHub,Accessories,22,42.56,0.05,40.43,34.12,18.5,26.16,0.766,24,970.37,442.37,45.59
290,3,290,0,0,EtaDesk,Furniture,80,174.88,0.039,168.06,205.1,-18.06,26.8,0.683,3,504.18,264.18,52.4
290,3,290,0,0,ThetaMat,Accessories,15,38.95,0.033,37.66,30.83,22.17,1.27,0.5,4,150.66,90.66,60.17
291,4,291,0,0,AlphaWatch,Wearables,40,97.85,0.044,93.54,109.09,-14.25,38.21,0.943,7,654.81,374.81,57.24
291,4,291,0,0,BetaBuds,Audio,25,60.84,0.032,58.89,62.28,-5.44,26.0,0.825,8,471.14,271.14,57.55
291,4,291,0,0,GammaBand,Wearables,18,32.4,0.003,32.3,36.49,-11.47,41.11,0.667,65,2099.68,929.68,44.28
291,4,291,0,0,DeltaDock,Accessories,30,70.47,0.107,62.93,67.85,-7.25,25.98,0.879,3,188.79,98.79,52.33
291,4,291,0,0,EpsilonCam,Imaging,55,129.38,0.187,105.19,154.11,-31.75,12.89,0.763,3,315.56,150.56,47.71
291,4,291,0,0,ZetaHub,Accessories,22,56.96,0.022,55.71,55.72,-0.02,67.71,0.805,11,612.78,370.78,60.51
291,4,291,0,0,EtaDesk,Furniture,80,210.33,0.152,178.36,192.46,-7.33,115.13,1.498,6,1070.16,590.16,55.15
291,4,291,0,0,ThetaMat,Accessories,15,39.85,0.077,36.78,42.94,-14.34,3.91,0.5,7,257.47,152.47,59.22
292,5,292,1,0,AlphaWatch,Wearables,40,105.82,0.027,102.96,123.35,-16.53,25.8,0.736,3,308.89,188.89,61.15
292,5,292,1,0,BetaBuds,Audio,25,52.49,0.034,50.71,65.18,-22.21,182.33,1.5,37,1876.1,951.1,50.7
292,5,292,1,0,GammaBand,Wearables,18,35.14,0.118,30.99,33.47,-7.4,35.99,0.96,90,2789.41,1169.41,41.92
292,5,292,1,0,DeltaDock,Accessories,30,66.62,0.076,61.56,65.41,-5.89,16.97,0.5,3,184.67,94.67,51.26
292,5,292,1,0,EpsilonCam,Imaging,55,119.33,0.09,108.59,140.46,-22.69,86.13,1.398,11,1194.49,589.49,49.35
292,5,292,1,0,ZetaHub,Accessories,22,44.42,0.062,41.67,36.13,15.32,91.0,1.424,41,1708.3,806.3,47.2
292,5,292,1,0,EtaDesk,Furniture,80,182.33,0.035,175.95,197.49,-10.91,21.21,0.677,4,703.79,383.79,54.53
292,5,292,1,0,ThetaMat,Accessories,15,37.01,0.018,36.34,40.17,-9.52,65.53,0.898,30,1090.31,640.31,58.73
293,6,293,1,0,AlphaWatch,Wearables,40,80.74,0.079,74.36,80.6,-7.74,8.42,0.754,4,297.45,137.45,46.21
293,6,293,1,0,BetaBuds,Audio,25,58.05,0.046,55.38,65.07,-14.89,91.26,1.5,35,1938.29,1063.29,54.86
293,6,293,1,0,GammaBand,Wearables,18,38.75,0.137,33.44,37.79,-11.51,86.44,1.04,67,2240.56,1034.56,46.17
293,6,293,1,0,DeltaDock,Accessories,30,86.14,0.075,79.68,103.69,-23.16,6.04,0.5,1,79.68,49.68,62.35
293,6,293,1,0,EpsilonCam,Imaging,55,104.38,0.022,102.08,104.58,-2.39,7.01,0.586,3,306.25,141.25,46.12
293,6,293,1,0,ZetaHub,Accessories,22,40.07,0.066,37.43,46.18,-18.96,15.92,0.5,21,785.93,323.93,41.22
293,6,293,1,0,EtaDesk,Furniture,80,210.49,0.128,183.55,238.82,-23.14,44.0,1.022,5,917.74,517.74,56.41
293,6,293,1,0,ThetaMat,Accessories,15,30.4,0.086,27.79,36.35,-23.56,19.32,0.651,46,1278.14,588.14,46.02
294,0,294,0,0,AlphaWatch,Wearables,40,97.67,0.032,94.54,91.88,2.9,3.48,0.5,1,94.54,54.54,57.69
294,0,294,0,0,BetaBuds,Audio,25,61.01,0.016,60.03,65.5,-8.35,102.5,1.357,11,660.37,385.37,58.36
294,0,294,0,0,GammaBand,Wearables,18,46.82,0.068,43.64,44.52,-1.99,42.07,0.992,25,1090.91,640.91,58.75
294,0,294,0,0,DeltaDock,Accessories,30,76.22,0.053,72.18,70.19,2.84,9.09,0.707,1,72.18,42.18,58.44
294,0,294,0,0,EpsilonCam,Imaging,55,143.02,0.012,141.3,159.53,-11.42,6.11,0.5,1,141.3,86.3,61.08
294,0,294,0,0,ZetaHub,Accessories,22,41.79,0.11,37.19,46.41,-19.86,15.92,0.694,14,520.7,212.7,40.85
294,0,294,0,0,EtaDesk,Furniture,80,166.27,0.07,154.63,184.73,-16.29,34.28,0.869,5,773.16,373.16,48.26
294,0,294,0,0,ThetaMat,Accessories,15,32.04,0.07,29.8,30.78,-3.19,9.1,0.516,11,327.77,162.77,49.66
295,1,295,0,0,AlphaWatch,Wearables,40,73.76,0.03,71.55,64.3,11.27,3.31,0.629,3,214.64,94.64,44.09
295,1,295,0,0,BetaBuds,Audio,25,64.73,0.037,62.33,73.18,-14.82,4.58,0.532,4,249.34,149.34,59.89
295,1,295,0,0,GammaBand,Wearables,18,41.82,0.047,39.85,41.71,-4.45,44.58,0.895,50,1992.72,1092.72,54.84
295,1,295,0,0,DeltaDock,Accessories,30,79.63,0.025,77.64,74.0,4.92,5.8,0.731,1,77.64,47.64,61.36
295,1,295,0,0,EpsilonCam,Imaging,55,126.44,0.008,125.43,139.74,-10.24,4.16,0.5,1,125.43,70.43,56.15
295,1,295,0,0,ZetaHub,Accessories,22,56.27,0.049,53.51,52.46,2.01,17.25,0.612,11,588.64,346.64,58.89
295,1,295,0,0,EtaDesk,Furniture,80,213.58,0.076,197.35,198.98,-0.82,25.87,0.664,2,394.7,234.7,59.46
295,1,295,0,0,ThetaMat,Accessories,15,28.85,0.065,26.97,31.09,-13.24,39.89,0.753,94,2535.63,1125.63,44.39
296,2,296,0,0,AlphaWatch,Wearables,40,77.25,0.037,74.39,72.39,2.77,55.41,0.75,9,669.53,309.53,46.23
296,2,296,0,0,BetaBuds,Audio,25,47.92,0.116,42.36,48.54,-12.73,5.04,0.639,7,296.53,121.53,40.98
296,2,296,0,0,GammaBand,Wearables,18,43.95,0.016,43.25,38.69,11.78,91.27,1.171,53,2292.08,1338.08,58.38
296,2,296,0,0,DeltaDock,Accessories,30,80.52,0.019,78.99,76.51,3.24,17.15,0.804,2,157.98,97.98,62.02
296,2,296,0,0,EpsilonCam,Imaging,55,111.82,0.036,107.79,126.55,-14.82,34.0,0.524,3,323.38,158.38,48.98
296,2,296,0,0,ZetaHub,Accessories,22,52.57,0.076,48.57,46.58,4.28,127.84,1.5,36,1748.69,956.69,54.71
296,2,296,0,0,EtaDesk,Furniture,80,147.38,0.116,130.28,148.13,-12.05,30.29,0.565,5,651.42,251.42,38.6
296,2,296,0,0,ThetaMat,Accessories,15,27.48,0.089,25.03,34.34,-27.1,24.7,0.758,75,1877.57,752.57,40.08
297,3,297,0,0,AlphaWatch,Wearables,40,106.62,0.006,105.98,93.94,12.82,54.28,0.805,2,211.96,131.96,62.26
297,3,297,0,0,BetaBuds,Audio,25,63.13,0.106,56.44,73.0,-22.69,21.06,0.907,11,620.82,345.82,55.7
297,3,297,0,0,GammaBand,Wearables,18,43.68,0.067,40.75,42.88,-4.96,75.19,1.16,31,1263.36,705.36,55.83
297,3,297,0,0,DeltaDock,Accessories,30,56.58,0.138,48.77,52.12,-6.42,1.35,0.501,1,48.77,18.77,38.49
297,3,297,0,0,EpsilonCam,Imaging,55,118.86,0.055,112.32,103.78,8.23,12.0,0.5,1,112.32,57.32,51.03
297,3,297,0,0,ZetaHub,Accessories,22,59.57,0.102,53.49,53.95,-0.85,74.89,1.18,31,1658.31,976.31,58.87
297,3,297,0,0,EtaDesk,Furniture,80,219.99,0.058,207.23,216.89,-4.45,10.72,0.5,1,207.23,127.23,61.4
297,3,297,0,0,ThetaMat,Accessories,15,38.53,0.046,36.76,37.02,-0.71,20.73,0.76,20,735.15,435.15,59.19
298,4,298,0,0,AlphaWatch,Wearables,40,78.33,0.003,78.1,83.2,-6.14,11.09,0.642,4,312.38,152.38,48.78
298,4,298,0,0,BetaBuds,Audio,25,56.52,0.168,47.02,53.11,-11.46,1.85,0.763,6,282.15,132.15,46.84
298,4,298,0,0,GammaBand,Wearables,18,46.7,0.072,43.34,50.54,-14.25,37.97,1.021,28,1213.45,709.45,58.47
298,4,298,0,0,DeltaDock,Accessories,30,81.99,0.11,72.97,73.65,-0.92,5.74,0.612,1,72.97,42.97,58.89
298,4,298,0,0,EpsilonCam,Imaging,55,112.96,0.058,106.41,99.09,7.39,8.47,0.501,1,106.41,51.41,48.31
298,4,298,0,0,ZetaHub,Accessories,22,58.0,0.222,45.12,64.63,-30.18,52.29,1.2,44,1985.46,1017.46,51.25
298,4,298,0,0,EtaDesk,Furniture,80,218.43,0.028,212.31,255.46,-16.89,30.59,0.685,3,636.94,396.94,62.32
298,4,298,0,0,ThetaMat,Accessories,15,36.82,0.216,28.87,38.79,-25.58,4.47,0.53,13,375.27,180.27,48.04
299,5,299,1,0,AlphaWatch,Wearables,40,83.28,0.086,76.12,91.34,-16.67,18.44,0.659,5,380.59,180.59,47.45
299,5,299,1,0,BetaBuds,Audio,25,45.49,0.049,43.26,46.65,-7.26,64.88,0.763,20,865.22,365.22,42.21
299,5,299,1,0,GammaBand,Wearables,18,41.17,0.054,38.95,37.27,4.5,64.87,1.073,33,1285.25,691.25,53.78
299,5,299,1,0,DeltaDock,Accessories,30,75.12,0.047,71.59,69.47,3.05,37.09,0.713,2,143.18,83.18,58.09
299,5,299,1,0,EpsilonCam,Imaging,55,141.6,0.101,127.3,156.13,-18.47,0.27,0.578,1,127.3,72.3,56.79
299,5,299,1,0,ZetaHub,Accessories,22,46.14,0.047,43.97,43.4,1.32,39.07,0.585,11,483.69,241.69,49.97
299,5,299,1,0,EtaDesk,Furniture,80,229.21,0.182,187.49,239.71,-21.78,13.15,0.732,3,562.48,322.48,57.33
299,5,299,1,0,ThetaMat,Accessories,15,37.28,0.143,31.95,41.28,-22.6,19.72,0.663,26,830.67,440.67,53.05
300,6,300,1,0,AlphaWatch,Wearables,40,72.84,0.037,70.14,69.22,1.34,64.64,1.15,22,1543.19,663.19,42.98
300,6,300,1,0,BetaBuds,Audio,25,49.86,0.036,48.07,53.06,-9.41,4.83,0.511,6,288.39,138.39,47.99
300,6,300,1,0,GammaBand,Wearables,18,49.36,0.059,46.45,54.37,-14.57,67.6,1.291,38,1765.01,1081.01,61.25
300,6,300,1,0,DeltaDock,Accessories,30,55.52,0.007,55.13,47.21,16.78,34.84,0.683,3,165.39,75.39,45.58
300,6,300,1,0,EpsilonCam,Imaging,55,139.23,0.11,123.91,158.68,-21.91,9.31,0.628,2,247.83,137.83,55.61
300,6,300,1,0,ZetaHub,Accessories,22,42.24,0.179,34.68,49.54,-30.0,1.87,0.5,8,277.43,101.43,36.56
300,6,300,1,0,EtaDesk,Furniture,80,219.68,0.116,194.2,236.13,-17.76,34.69,0.765,2,388.39,228.39,58.8
300,6,300,1,0,ThetaMat,Accessories,15,31.6,0.061,29.67,32.86,-9.7,32.7,0.796,33,979.19,484.19,49.45
301,0,301,0,0,AlphaWatch,Wearables,40,78.36,0.037,75.46,77.42,-2.53,11.57,0.72,4,301.84,141.84,46.99
301,0,301,0,0,BetaBuds,Audio,25,50.2,0.041,48.14,54.49,-11.65,56.94,0.98,17,818.41,393.41,48.07
301,0,301,0,0,GammaBand,Wearables,18,44.47,0.027,43.27,53.49,-19.11,17.52,0.529,15,649.04,379.04,58.4
301,0,301,0,0,DeltaDock,Accessories,30,66.65,0.046,63.58,67.63,-5.98,17.7,0.5,1,63.58,33.58,52.82
301,0,301,0,0,EpsilonCam,Imaging,55,120.24,0.04,115.43,114.9,0.46,28.37,0.811,2,230.86,120.86,52.35
301,0,301,0,0,ZetaHub,Accessories,22,39.63,0.075,36.66,38.38,-4.49,7.16,0.589,11,403.24,161.24,39.99
301,0,301,0,0,EtaDesk,Furniture,80,163.81,0.074,151.69,198.19,-23.46,23.27,0.953,3,455.06,215.06,47.26
301,0,301,0,0,ThetaMat,Accessories,15,30.17,0.074,27.94,28.06,-0.44,17.0,0.869,44,1229.25,569.25,46.31
302,1,302,0,0,AlphaWatch,Wearables,40,92.83,0.166,77.42,79.65,-2.8,50.55,0.82,9,696.78,336.78,48.33
302,1,302,0,0,BetaBuds,Audio,25,62.83,0.017,61.76,58.56,5.47,7.99,0.684,4,247.05,147.05,59.52
302,1,302,0,0,GammaBand,Wearables,18,37.99,0.05,36.09,42.5,-15.08,46.89,0.803,50,1804.52,904.52,50.13
302,1,302,0,0,DeltaDock,Accessories,30,57.11,0.116,50.49,54.38,-7.16,50.78,0.699,3,151.46,61.46,40.58
302,1,302,0,0,EpsilonCam,Imaging,55,148.04,0.036,142.71,148.26,-3.74,27.79,0.852,4,570.84,350.84,61.46
302,1,302,0,0,ZetaHub,Accessories,22,54.93,0.026,53.5,63.98,-16.38,4.91,0.506,8,428.01,252.01,58.88
302,1,302,0,0,EtaDesk,Furniture,80,156.52,0.194,126.16,136.68,-7.7,2.78,0.5,1,126.16,46.16,36.59
302,1,302,0,0,ThetaMat,Accessories,15,29.19,0.099,26.3,35.63,-26.19,2.82,0.613,17,447.1,192.1,42.97
303,2,303,0,0,AlphaWatch,Wearables,40,83.09,0.14,71.46,81.95,-12.8,8.49,0.594,3,214.37,94.37,44.02
303,2,303,0,0,BetaBuds,Audio,25,46.62,0.128,40.65,46.29,-12.18,109.57,1.44,62,2520.46,970.46,38.5
303,2,303,0,0,GammaBand,Wearables,18,37.67,0.114,33.38,36.1,-7.55,83.78,1.345,88,2937.05,1353.05,46.07
303,2,303,0,0,DeltaDock,Accessories,30,82.09,0.123,71.99,82.09,-12.3,17.53,0.5,2,143.99,83.99,58.33
303,2,303,0,0,EpsilonCam,Imaging,55,153.14,0.122,134.46,146.59,-8.28,16.62,0.733,2,268.91,158.91,59.09
303,2,303,0,0,ZetaHub,Accessories,22,51.64,0.189,41.88,63.58,-34.13,32.71,0.635,26,1088.88,516.88,47.47
303,2,303,0,0,EtaDesk,Furniture,80,189.64,0.002,189.26,220.03,-13.98,2.57,0.5,1,189.26,109.26,57.73
303,2,303,0,0,ThetaMat,Accessories,15,40.73,0.068,37.96,48.1,-21.08,0.12,0.5,4,151.84,91.84,60.49
304,3,304,0,0,AlphaWatch,Wearables,40,85.36,0.073,79.13,82.86,-4.5,4.59,0.636,2,158.26,78.26,49.45
304,3,304,0,0,BetaBuds,Audio,25,43.32,0.054,40.98,41.29,-0.75,119.87,1.5,62,2540.8,990.8,39.0
304,3,304,0,0,GammaBand,Wearables,18,45.01,0.051,42.71,55.24,-22.67,37.55,0.925,42,1794.01,1038.01,57.86
304,3,304,0,0,DeltaDock,Accessories,30,80.07,0.151,67.98,93.98,-27.67,5.1,0.688,1,67.98,37.98,55.87
304,3,304,0,0,EpsilonCam,Imaging,55,108.81,0.101,97.82,113.58,-13.88,10.71,0.591,3,293.46,128.46,43.77
304,3,304,0,0,ZetaHub,Accessories,22,41.16,0.01,40.75,49.45,-17.6,58.06,0.89,29,1181.7,543.7,46.01
304,3,304,0,0,EtaDesk,Furniture,80,220.71,0.001,220.49,191.73,15.0,9.42,0.527,2,440.98,280.98,63.72
304,3,304,0,0,ThetaMat,Accessories,15,31.08,0.127,27.13,35.1,-22.7,8.16,0.5,17,461.26,206.26,44.72
305,4,305,0,0,AlphaWatch,Wearables,40,100.79,0.046,96.15,100.04,-3.88,21.32,0.738,3,288.46,168.46,58.4
305,4,305,0,0,BetaBuds,Audio,25,53.41,0.18,43.8,58.77,-25.48,60.46,0.768,35,1532.87,657.87,42.92
305,4,305,0,0,GammaBand,Wearables,18,45.04,0.062,42.25,39.69,6.44,3.98,0.568,8,337.98,193.98,57.39
305,4,305,0,0,DeltaDock,Accessories,30,79.12,0.025,77.14,67.48,14.32,67.31,1.125,5,385.71,235.71,61.11
305,4,305,0,0,EpsilonCam,Imaging,55,131.03,0.147,111.77,153.84,-27.35,26.78,0.758,6,670.61,340.61,50.79
305,4,305,0,0,ZetaHub,Accessories,22,51.36,0.004,51.15,52.36,-2.3,18.33,0.626,11,562.7,320.7,56.99
305,4,305,0,0,EtaDesk,Furniture,80,215.4,0.176,177.49,241.21,-26.42,47.18,0.881,5,887.45,487.45,54.93
305,4,305,0,0,ThetaMat,Accessories,15,28.97,0.07,26.94,26.06,3.38,31.44,0.906,65,1751.24,776.24,44.33
306,5,306,1,0,AlphaWatch,Wearables,40,74.55,0.061,70.0,74.66,-6.24,5.97,0.639,4,280.01,120.01,42.86
306,5,306,1,0,BetaBuds,Audio,25,65.64,0.083,60.19,59.53,1.11,44.74,0.831,6,361.15,211.15,58.47
306,5,306,1,0,GammaBand,Wearables,18,37.03,0.091,33.66,39.18,-14.09,27.14,0.7,58,1952.3,908.3,46.52
306,5,306,1,0,DeltaDock,Accessories,30,52.97,0.023,51.75,63.75,-18.82,4.42,0.706,2,103.5,43.5,42.03
306,5,306,1,0,EpsilonCam,Imaging,55,107.23,0.083,98.33,121.11,-18.81,76.95,1.209,10,983.3,433.3,44.07
306,5,306,1,0,ZetaHub,Accessories,22,50.51,0.187,41.06,47.17,-12.94,16.72,0.722,22,903.42,419.42,46.43
306,5,306,1,0,EtaDesk,Furniture,80,158.19,0.042,151.55,162.92,-6.98,7.96,0.636,2,303.09,143.09,47.21
306,5,306,1,0,ThetaMat,Accessories,15,35.78,0.014,35.28,35.51,-0.65,33.34,0.983,26,917.26,527.26,57.48
307,6,307,1,0,AlphaWatch,Wearables,40,94.45,0.063,88.5,108.39,-18.35,47.62,1.025,6,531.0,291.0,54.8
307,6,307,1,0,BetaBuds,Audio,25,64.01,0.023,62.54,65.07,-3.89,20.8,0.81,4,250.15,150.15,60.02
307,6,307,1,0,GammaBand,Wearables,18,38.45,0.009,38.1,49.09,-22.38,32.53,1.103,37,1409.85,743.85,52.76
307,6,307,1,0,DeltaDock,Accessories,30,75.95,0.045,72.53,72.45,0.11,62.17,0.751,2,145.06,85.06,58.64
307,6,307,1,0,EpsilonCam,Imaging,55,136.13,0.089,124.01,164.0,-24.38,9.13,0.5,2,248.03,138.03,55.65
307,6,307,1,0,ZetaHub,Accessories,22,53.33,0.054,50.45,59.44,-15.12,0.98,0.5,4,201.8,113.8,56.39
307,6,307,1,0,EtaDesk,Furniture,80,182.04,0.073,168.75,190.1,-11.23,10.09,0.708,4,675.0,355.0,52.59
307,6,307,1,0,ThetaMat,Accessories,15,34.73,0.157,29.28,33.19,-11.79,154.23,1.5,79,2312.91,1127.91,48.77
308,0,308,0,0,AlphaWatch,Wearables,40,99.97,0.064,93.57,107.74,-13.15,0.63,0.717,1,93.57,53.57,57.25
308,0,308,0,0,BetaBuds,Audio,25,47.63,0.079,43.87,52.13,-15.85,46.27,0.95,27,1184.42,509.42,43.01
308,0,308,0,0,GammaBand,Wearables,18,50.31,0.092,45.68,59.4,-23.1,9.09,0.5,9,411.13,249.13,60.6
308,0,308,0,0,DeltaDock,Accessories,30,57.15,0.014,56.35,54.96,2.53,11.56,0.5,1,56.35,26.35,46.76
308,0,308,0,0,EpsilonCam,Imaging,55,134.96,0.043,129.16,127.07,1.64,82.95,1.457,6,774.94,444.94,57.42
308,0,308,0,0,ZetaHub,Accessories,22,47.39,0.03,45.97,43.71,5.17,29.76,0.821,13,597.59,311.59,52.14
308,0,308,0,0,EtaDesk,Furniture,80,205.19,0.02,201.09,170.67,17.82,59.25,0.926,3,603.26,363.26,60.22
308,0,308,0,0,ThetaMat,Accessories,15,37.88,0.051,35.95,39.13,-8.13,17.9,0.59,8,287.58,167.58,58.27
309,1,309,0,0,AlphaWatch,Wearables,40,103.01,0.164,86.12,112.31,-23.32,36.61,0.683,5,430.58,230.58,53.55
309,1,309,0,0,BetaBuds,Audio,25,63.48,0.166,52.94,53.11,-0.32,64.17,1.223,13,688.25,363.25,52.78
309,1,309,0,0,GammaBand,Wearables,18,45.19,0.153,38.28,52.57,-27.19,19.03,0.778,24,918.62,486.62,52.97
309,1,309,0,0,DeltaDock,Accessories,30,59.31,0.075,54.86,61.37,-10.6,2.16,0.5,1,54.86,24.86,45.32
309,1,309,0,0,EpsilonCam,Imaging,55,137.74,0.05,130.85,137.62,-4.92,76.78,1.224,5,654.27,379.27,57.97
309,1,309,0,0,ZetaHub,Accessories,22,45.87,0.05,43.58,40.93,6.47,39.99,0.852,27,1176.57,582.57,49.51
309,1,309,0,0,EtaDesk,Furniture,80,174.44,0.085,159.61,159.62,-0.0,72.92,0.827,5,798.06,398.06,49.88
309,1,309,0,0,ThetaMat,Accessories,15,36.61,0.023,35.77,36.12,-0.97,57.2,0.979,35,1251.88,726.88,58.06
310,2,310,0,0,AlphaWatch,Wearables,40,102.52,0.157,86.42,119.51,-27.68,134.99,1.5,15,1296.37,696.37,53.72
310,2,310,0,0,BetaBuds,Audio,25,70.91,0.045,67.72,72.63,-6.76,3.04,0.5,2,135.44,85.44,63.08
310,2,310,0,0,GammaBand,Wearables,18,33.43,0.058,31.49,28.6,10.11,68.72,0.625,43,1354.12,580.12,42.84
310,2,310,0,0,DeltaDock,Accessories,30,59.17,0.018,58.1,72.43,-19.78,8.65,0.568,1,58.1,28.1,48.37
310,2,310,0,0,EpsilonCam,Imaging,55,98.6,0.143,84.5,91.79,-7.94,4.37,0.787,3,253.5,88.5,34.91
310,2,310,0,0,ZetaHub,Accessories,22,56.74,0.081,52.14,49.65,5.02,86.43,1.092,24,1251.46,723.46,57.81
310,2,310,0,0,EtaDesk,Furniture,80,149.02,0.149,126.82,153.37,-17.31,50.69,1.022,8,1014.53,374.53,36.92
310,2,310,0,0,ThetaMat,Accessories,15,38.71,0.111,34.41,35.37,-2.71,12.21,0.5,14,481.78,271.78,56.41
311,3,311,0,0,AlphaWatch,Wearables,40,102.96,0.04,98.84,97.36,1.52,22.0,0.551,3,296.52,176.52,59.53
311,3,311,0,0,BetaBuds,Audio,25,62.93,0.078,58.02,63.58,-8.74,8.76,0.507,5,290.11,165.11,56.91
311,3,311,0,0,GammaBand,Wearables,18,49.24,0.201,39.34,45.25,-13.05,15.39,0.565,16,629.48,341.48,54.25
311,3,311,0,0,DeltaDock,Accessories,30,69.68,0.168,57.97,82.1,-29.39,4.22,0.69,2,115.95,55.95,48.25
311,3,311,0,0,EpsilonCam,Imaging,55,111.9,0.043,107.09,132.97,-19.46,68.23,1.078,5,535.44,260.44,48.64
311,3,311,0,0,ZetaHub,Accessories,22,45.35,0.123,39.77,37.52,6.0,62.85,0.99,49,1948.83,870.83,44.68
311,3,311,0,0,EtaDesk,Furniture,80,195.56,0.04,187.74,197.12,-4.76,9.3,0.509,2,375.48,215.48,57.39
311,3,311,0,0,ThetaMat,Accessories,15,34.53,0.118,30.46,42.15,-27.75,18.41,0.862,58,1766.42,896.42,50.75
312,4,312,0,0,AlphaWatch,Wearables,40,110.0,0.068,102.52,126.47,-18.94,31.76,0.784,5,512.6,312.6,60.98
312,4,312,0,0,BetaBuds,Audio,25,54.5,0.038,52.43,53.54,-2.08,2.94,0.683,5,262.14,137.14,52.32
312,4,312,0,0,GammaBand,Wearables,18,41.88,0.091,38.07,37.48,1.57,0.62,0.5,5,190.34,100.34,52.72
312,4,312,0,0,DeltaDock,Accessories,30,67.29,0.027,65.47,80.84,-19.01,14.05,0.539,1,65.47,35.47,54.18
312,4,312,0,0,EpsilonCam,Imaging,55,143.34,0.01,141.91,164.27,-13.61,0.4,0.5,1,141.91,86.91,61.24
312,4,312,0,0,ZetaHub,Accessories,22,45.38,0.054,42.93,49.2,-12.74,17.84,0.598,13,558.08,272.08,48.75
312,4,312,0,0,EtaDesk,Furniture,80,215.32,0.117,190.13,247.56,-23.2,23.0,0.69,3,570.38,330.38,57.92
312,4,312,0,0,ThetaMat,Accessories,15,36.48,0.028,35.46,38.76,-8.52,14.21,0.727,20,709.17,409.17,57.7
313,5,313,1,0,AlphaWatch,Wearables,40,81.48,0.092,73.98,83.72,-11.63,15.47,0.574,5,369.92,169.92,45.93
313,5,313,1,0,BetaBuds,Audio,25,69.62,0.07,64.75,67.03,-3.41,15.77,0.739,7,453.23,278.23,61.39
313,5,313,1,0,GammaBand,Wearables,18,39.13,0.065,36.59,33.99,7.64,13.45,0.575,15,548.8,278.8,50.8
313,5,313,1,0,DeltaDock,Accessories,30,63.55,0.116,56.18,67.68,-16.99,114.99,1.5,9,505.6,235.6,46.6
313,5,313,1,0,EpsilonCam,Imaging,55,119.62,0.178,98.33,136.29,-27.85,7.14,0.52,2,196.66,86.66,44.06
313,5,313,1,0,ZetaHub,Accessories,22,56.21,0.05,53.4,59.13,-9.69,78.2,1.216,20,1067.99,627.99,58.8
313,5,313,1,0,EtaDesk,Furniture,80,206.09,0.092,187.13,189.67,-1.34,37.6,0.716,6,1122.78,642.78,57.25
313,5,313,1,0,ThetaMat,Accessories,15,29.97,0.064,28.05,32.69,-14.19,120.28,1.428,94,2636.88,1226.88,46.53
314,6,314,1,0,AlphaWatch,Wearables,40,82.4,0.185,67.16,93.51,-28.18,78.39,1.01,14,940.18,380.18,40.44
314,6,314,1,0,BetaBuds,Audio,25,58.93,0.009,58.4,61.51,-5.06,86.25,1.333,20,1167.99,667.99,57.19
314,6,314,1,0,GammaBand,Wearables,18,47.48,0.016,46.72,53.03,-11.9,28.12,0.649,12,560.64,344.64,61.47
314,6,314,1,0,DeltaDock,Accessories,30,67.4,0.035,65.04,72.63,-10.45,44.09,0.788,6,390.25,210.25,53.88
314,6,314,1,0,EpsilonCam,Imaging,55,127.04,0.121,111.67,123.66,-9.7,19.11,0.768,4,446.67,226.67,50.75
314,6,314,1,0,ZetaHub,Accessories,22,55.09,0.035,53.16,62.42,-14.83,132.46,1.5,31,1648.02,966.02,58.62
314,6,314,1,0,EtaDesk,Furniture,80,160.52,0.087,146.55,144.3,1.56,22.71,0.51,2,293.11,133.11,45.41
314,6,314,1,0,ThetaMat,Accessories,15,40.63,0.113,36.04,46.03,-21.71,14.5,0.56,17,612.66,357.66,58.38
315,0,315,0,0,AlphaWatch,Wearables,40,106.04,0.052,100.53,102.74,-2.16,13.94,0.5,2,201.05,121.05,60.21
315,0,315,0,0,BetaBuds,Audio,25,57.28,0.108,51.09,54.27,-5.85,69.29,0.938,19,970.78,495.78,51.07
315,0,315,0,0,GammaBand,Wearables,18,45.96,0.191,37.18,40.05,-7.16,66.65,1.009,40,1487.27,767.27,51.59
315,0,315,0,0,DeltaDock,Accessories,30,65.51,0.031,63.48,57.79,9.84,35.02,0.805,3,190.44,100.44,52.74
315,0,315,0,0,EpsilonCam,Imaging,55,100.07,0.055,94.57,102.83,-8.04,112.68,1.492,16,1513.06,633.06,41.84
315,0,315,0,0,ZetaHub,Accessories,22,62.71,0.075,58.01,54.71,6.03,3.57,0.5,7,406.05,252.05,62.07
315,0,315,0,0,EtaDesk,Furniture,80,175.52,0.115,155.34,179.38,-13.4,20.43,0.728,4,621.34,301.34,48.5
315,0,315,0,0,ThetaMat,Accessories,15,33.83,0.07,31.46,42.34,-25.69,63.64,1.013,66,2076.49,1086.49,52.32
316,1,316,0,0,AlphaWatch,Wearables,40,91.55,0.203,72.97,102.76,-28.99,40.14,0.991,11,802.62,362.62,45.18
316,1,316,0,0,BetaBuds,Audio,25,56.83,0.072,52.74,60.45,-12.76,24.5,0.776,5,263.69,138.69,52.6
316,1,316,0,0,GammaBand,Wearables,18,51.71,0.039,49.69,52.02,-4.47,57.69,1.081,20,993.87,633.87,63.78
316,1,316,0,0,DeltaDock,Accessories,30,64.97,0.042,62.24,64.05,-2.82,32.06,0.617,3,186.72,96.72,51.8
316,1,316,0,0,EpsilonCam,Imaging,55,155.46,0.118,137.12,179.53,-23.63,55.11,1.261,6,822.69,492.69,59.89
316,1,316,0,0,ZetaHub,Accessories,22,44.37,0.009,43.97,49.68,-11.49,0.78,0.5,5,219.85,109.85,49.97
316,1,316,0,0,EtaDesk,Furniture,80,166.54,0.051,158.05,156.43,1.03,23.0,0.5,2,316.09,156.09,49.38
316,1,316,0,0,ThetaMat,Accessories,15,40.73,0.064,38.12,44.99,-15.26,13.0,0.83,12,457.48,277.48,60.65
317,2,317,0,0,AlphaWatch,Wearables,40,111.84,0.012,110.5,120.07,-7.97,6.07,0.545,2,221.0,141.0,63.8
317,2,317,0,0,BetaBuds,Audio,25,43.32,0.117,38.25,34.71,10.2,30.26,0.595,18,688.53,238.53,34.64
317,2,317,0,0,GammaBand,Wearables,18,42.19,0.059,39.7,35.94,10.46,16.1,0.5,12,476.41,260.41,54.66
317,2,317,0,0,DeltaDock,Accessories,30,58.77,0.19,47.6,56.17,-15.25,24.65,0.669,4,190.41,70.41,36.98
317,2,317,0,0,EpsilonCam,Imaging,55,114.55,0.096,103.55,135.24,-23.43,35.95,0.887,11,1139.09,534.09,46.89
317,2,317,0,0,ZetaHub,Accessories,22,50.03,0.009,49.58,54.71,-9.38,91.47,0.882,20,991.59,551.59,55.63
317,2,317,0,0,EtaDesk,Furniture,80,149.06,0.17,123.72,163.93,-24.53,21.8,0.637,4,494.88,174.88,35.34
317,2,317,0,0,ThetaMat,Accessories,15,37.59,0.007,37.33,39.54,-5.6,13.39,0.601,7,261.29,156.29,59.81
318,3,318,0,0,AlphaWatch,Wearables,40,92.94,0.113,82.44,108.47,-24.0,6.65,0.524,4,329.75,169.75,51.48
318,3,318,0,0,BetaBuds,Audio,25,56.17,0.088,51.23,59.48,-13.88,2.84,0.554,5,256.14,131.14,51.2
318,3,318,0,0,GammaBand,Wearables,18,39.46,0.02,38.67,43.02,-10.11,9.29,0.5,10,386.71,206.71,53.45
318,3,318,0,0,DeltaDock,Accessories,30,55.85,0.038,53.73,55.99,-4.04,32.39,0.873,4,214.91,94.91,44.16
318,3,318,0,0,EpsilonCam,Imaging,55,138.5,0.033,133.93,132.83,0.83,38.78,1.05,2,267.86,157.86,58.93
318,3,318,0,0,ZetaHub,Accessories,22,41.5,0.104,37.18,45.69,-18.62,53.32,0.895,42,1561.73,637.73,40.83
318,3,318,0,0,EtaDesk,Furniture,80,162.4,0.074,150.38,150.74,-0.24,23.89,0.629,3,451.15,211.15,46.8
318,3,318,0,0,ThetaMat,Accessories,15,27.47,0.148,23.4,26.38,-11.28,39.68,0.829,163,3814.92,1369.92,35.91
319,4,319,0,0,AlphaWatch,Wearables,40,94.42,0.068,88.0,83.98,4.79,0.31,0.5,1,88.0,48.0,54.55
319,4,319,0,0,BetaBuds,Audio,25,52.37,0.157,44.15,59.76,-26.12,20.52,0.507,10,441.48,191.48,43.37
319,4,319,0,0,GammaBand,Wearables,18,42.0,0.115,37.17,47.6,-21.91,60.67,1.045,52,1932.84,996.84,51.57
319,4,319,0,0,DeltaDock,Accessories,30,68.88,0.192,55.66,64.41,-13.59,9.93,0.652,2,111.31,51.31,46.1
319,4,319,0,0,EpsilonCam,Imaging,55,114.35,0.106,102.23,119.81,-14.67,5.48,0.667,3,306.69,141.69,46.2
319,4,319,0,0,ZetaHub,Accessories,22,59.8,0.12,52.62,59.82,-12.03,7.96,0.521,7,368.37,214.37,58.19
319,4,319,0,0,EtaDesk,Furniture,80,197.32,0.131,171.47,237.82,-27.9,10.12,0.613,2,342.94,182.94,53.34
319,4,319,0,0,ThetaMat,Accessories,15,39.61,0.086,36.2,38.85,-6.81,51.8,1.218,32,1158.51,678.51,58.57
320,5,320,1,0,AlphaWatch,Wearables,40,96.87,0.132,84.08,90.67,-7.26,156.89,1.5,17,1429.41,749.41,52.43
320,5,320,1,0,BetaBuds,Audio,25,56.27,0.217,44.06,68.88,-36.03,28.96,0.796,22,969.31,419.31,43.26
320,5,320,1,0,GammaBand,Wearables,18,44.55,0.019,43.7,53.66,-18.55,33.94,0.575,22,961.48,565.48,58.81
320,5,320,1,0,DeltaDock,Accessories,30,82.81,0.047,78.92,80.41,-1.86,94.01,1.231,5,394.59,244.59,61.99
320,5,320,1,0,EpsilonCam,Imaging,55,147.18,0.085,134.67,152.61,-11.76,0.34,0.5,1,134.67,79.67,59.16
320,5,320,1,0,ZetaHub,Accessories,22,48.42,0.044,46.29,52.34,-11.56,9.74,0.65,14,648.05,340.05,52.47
320,5,320,1,0,EtaDesk,Furniture,80,178.38,0.038,171.6,176.7,-2.89,27.64,0.628,4,686.41,366.41,53.38
320,5,320,1,0,ThetaMat,Accessories,15,35.22,0.089,32.09,34.8,-7.8,12.4,0.542,20,641.71,341.71,53.25
321,6,321,1,0,AlphaWatch,Wearables,40,72.46,0.005,72.1,81.83,-11.89,54.19,0.912,7,504.68,224.68,44.52
321,6,321,1,0,BetaBuds,Audio,25,65.72,0.012,64.93,73.75,-11.96,37.9,0.905,7,454.52,279.52,61.5
321,6,321,1,0,GammaBand,Wearables,18,49.09,0.032,47.52,50.73,-6.33,18.33,0.65,14,665.27,413.27,62.12
321,6,321,1,0,DeltaDock,Accessories,30,74.22,0.118,65.46,62.28,5.11,8.85,0.618,1,65.46,35.46,54.17
321,6,321,1,0,EpsilonCam,Imaging,55,140.07,0.009,138.81,126.89,9.39,15.71,0.791,1,138.81,83.81,60.38
321,6,321,1,0,ZetaHub,Accessories,22,39.68,0.07,36.9,45.4,-18.72,0.72,0.703,8,295.22,119.22,40.38
321,6,321,1,0,EtaDesk,Furniture,80,176.81,0.02,173.27,205.75,-15.78,93.66,1.282,8,1386.19,746.19,53.83
321,6,321,1,0,ThetaMat,Accessories,15,37.42,0.032,36.22,39.35,-7.95,32.29,0.745,25,905.56,530.56,58.59
322,0,322,0,0,AlphaWatch,Wearables,40,90.22,0.112,80.12,82.07,-2.38,45.92,0.951,7,560.81,280.81,50.07
322,0,322,0,0,BetaBuds,Audio,25,66.01,0.048,62.84,76.84,-18.22,1.33,0.5,1,62.84,37.84,60.22
322,0,322,0,0,GammaBand,Wearables,18,43.7,0.081,40.16,55.77,-27.99,31.48,0.748,36,1445.77,797.77,55.18
322,0,322,0,0,DeltaDock,Accessories,30,72.57,0.048,69.09,77.24,-10.56,8.44,0.5,1,69.09,39.09,56.58
322,0,322,0,0,EpsilonCam,Imaging,55,102.02,0.135,88.25,107.48,-17.89,14.34,0.51,4,352.99,132.99,37.68
322,0,322,0,0,ZetaHub,Accessories,22,39.66,0.049,37.72,37.15,1.53,14.91,0.686,27,1018.35,424.35,41.67
322,0,322,0,0,EtaDesk,Furniture,80,210.36,0.069,195.85,195.91,-0.03,41.99,0.735,4,783.38,463.38,59.15
322,0,322,0,0,ThetaMat,Accessories,15,41.78,0.004,41.61,43.79,-4.97,2.08,0.759,9,374.52,239.52,63.95
323,1,323,0,0,AlphaWatch,Wearables,40,87.18,0.075,80.64,80.59,0.06,48.51,0.896,5,403.21,203.21,50.4
323,1,323,0,0,BetaBuds,Audio,25,57.5,0.036,55.43,57.77,-4.05,3.13,0.5,2,110.86,60.86,54.9
323,1,323,0,0,GammaBand,Wearables,18,42.59,0.156,35.95,44.6,-19.4,4.01,0.539,15,539.19,269.19,49.92
323,1,323,0,0,DeltaDock,Accessories,30,66.38,0.019,65.12,62.91,3.51,18.55,0.751,2,130.24,70.24,53.93
323,1,323,0,0,EpsilonCam,Imaging,55,137.9,0.063,129.21,135.35,-4.53,3.22,0.588,1,129.21,74.21,57.43
323,1,323,0,0,ZetaHub,Accessories,22,39.38,0.078,36.31,39.73,-8.61,116.23,1.425,68,2468.97,972.97,39.41
323,1,323,0,0,EtaDesk,Furniture,80,188.95,0.216,148.14,190.1,-22.07,30.76,0.832,3,444.41,204.41,46.0
323,1,323,0,0,ThetaMat,Accessories,15,36.82,0.161,30.89,44.14,-30.01,26.23,0.739,19,586.95,301.95,51.44
324,2,324,0,0,AlphaWatch,Wearables,40,85.85,0.066,80.18,73.56,9.0,47.67,0.736,8,641.47,321.47,50.11
324,2,324,0,0,BetaBuds,Audio,25,66.08,0.099,59.54,62.79,-5.18,1.31,0.514,4,238.15,138.15,58.01
324,2,324,0,0,GammaBand,Wearables,18,42.53,0.14,36.58,44.79,-18.34,13.91,0.715,32,1170.43,594.43,50.79
324,2,324,0,0,DeltaDock,Accessories,30,52.19,0.159,43.89,59.14,-25.78,67.6,1.266,7,307.24,97.24,31.65
324,2,324,0,0,EpsilonCam,Imaging,55,145.72,0.045,139.16,160.48,-13.28,24.63,0.652,1,139.16,84.16,60.48
324,2,324,0,0,ZetaHub,Accessories,22,45.04,0.104,40.36,57.74,-30.11,6.22,0.617,10,403.56,183.56,45.48
324,2,324,0,0,EtaDesk,Furniture,80,149.67,0.028,145.48,164.69,-11.66,59.4,0.829,4,581.92,261.92,45.01
324,2,324,0,0,ThetaMat,Accessories,15,39.6,0.04,38.02,43.73,-13.07,11.49,0.5,12,456.19,276.19,60.54
325,3,325,0,0,AlphaWatch,Wearables,40,81.75,0.176,67.36,92.74,-27.36,33.06,0.643,7,471.53,191.53,40.62
325,3,325,0,0,BetaBuds,Audio,25,45.16,0.023,44.12,47.37,-6.86,51.44,0.892,26,1147.15,497.15,43.34
325,3,325,0,0,GammaBand,Wearables,18,35.63,0.098,32.14,37.71,-14.78,17.39,0.701,45,1446.22,636.22,43.99
325,3,325,0,0,DeltaDock,Accessories,30,82.7,0.096,74.76,89.53,-16.5,45.62,1.107,3,224.28,134.28,59.87
325,3,325,0,0,EpsilonCam,Imaging,55,141.55,0.069,131.78,167.87,-21.5,48.94,0.69,4,527.13,307.13,58.26
325,3,325,0,0,ZetaHub,Accessories,22,58.06,0.054,54.92,60.19,-8.75,71.64,1.116,21,1153.42,691.42,59.95
325,3,325,0,0,EtaDesk,Furniture,80,179.56,0.039,172.56,168.31,2.52,22.43,0.805,4,690.23,370.23,53.64
325,3,325,0,0,ThetaMat,Accessories,15,37.71,0.032,36.5,37.27,-2.06,22.28,0.56,11,401.54,236.54,58.91
326,4,326,0,0,AlphaWatch,Wearables,40,82.87,0.1,74.58,90.14,-17.26,10.97,0.5,3,223.75,103.75,46.37
326,4,326,0,0,BetaBuds,Audio,25,60.03,0.236,45.86,76.7,-40.2,28.16,0.614,20,917.26,417.26,45.49
326,4,326,0,0,GammaBand,Wearables,18,38.42,0.033,37.15,39.13,-5.05,31.36,0.642,27,1003.11,517.11,51.55
326,4,326,0,0,DeltaDock,Accessories,30,73.06,0.04,70.14,80.11,-12.45,10.77,0.624,1,70.14,40.14,57.23
326,4,326,0,0,EpsilonCam,Imaging,55,137.21,0.021,134.33,162.27,-17.22,10.82,0.651,2,268.66,158.66,59.06
326,4,326,0,0,ZetaHub,Accessories,22,53.15,0.284,38.06,57.74,-34.09,10.87,0.535,19,723.05,305.05,42.19
326,4,326,0,0,EtaDesk,Furniture,80,164.23,0.027,159.8,171.14,-6.63,15.91,0.748,3,479.39,239.39,49.94
326,4,326,0,0,ThetaMat,Accessories,15,31.77,0.177,26.15,29.53,-11.46,36.78,0.673,46,1202.75,512.75,42.63
327,5,327,1,0,AlphaWatch,Wearables,40,95.42,0.084,87.4,89.86,-2.73,14.68,0.554,2,174.81,94.81,54.24
327,5,327,1,0,BetaBuds,Audio,25,56.59,0.03,54.89,64.55,-14.96,4.77,0.5,3,164.68,89.68,54.46
327,5,327,1,0,GammaBand,Wearables,18,42.88,0.175,35.38,51.9,-31.84,61.48,1.029,107,3785.23,1859.23,49.12
327,5,327,1,0,DeltaDock,Accessories,30,73.43,0.155,62.05,79.58,-22.03,44.03,1.018,4,248.19,128.19,51.65
327,5,327,1,0,EpsilonCam,Imaging,55,124.72,0.046,118.98,113.13,5.17,30.65,0.692,4,475.93,255.93,53.77
327,5,327,1,0,ZetaHub,Accessories,22,47.48,0.051,45.06,52.99,-14.97,31.54,0.789,25,1126.46,576.46,51.17
327,5,327,1,0,EtaDesk,Furniture,80,161.25,0.047,153.67,183.04,-16.04,0.61,0.5,2,307.34,147.34,47.94
327,5,327,1,0,ThetaMat,Accessories,15,32.63,0.023,31.88,33.41,-4.58,15.28,0.555,21,669.47,354.47,52.95
328,6,328,1,1,AlphaWatch,Wearables,40,76.77,0.1,69.09,80.99,-14.69,112.17,1.37,23,1589.14,669.14,42.11
328,6,328,1,1,BetaBuds,Audio,25,53.81,0.076,49.72,60.2,-17.41,12.41,0.52,9,447.48,222.48,49.72
328,6,328,1,1,GammaBand,Wearables,18,37.78,0.003,37.67,30.86,22.06,121.96,1.5,123,4633.0,2419.0,52.21
328,6,328,1,1,DeltaDock,Accessories,30,82.25,0.098,74.19,74.05,0.19,17.5,0.603,2,148.38,88.38,59.56
328,6,328,1,1,EpsilonCam,Imaging,55,111.25,0.087,101.57,99.16,2.43,97.39,1.453,17,1726.71,791.71,45.85
328,6,328,1,1,ZetaHub,Accessories,22,45.82,0.076,42.34,48.14,-12.05,7.56,0.543,17,719.74,345.74,48.04
328,6,328,1,1,EtaDesk,Furniture,80,206.22,0.1,185.6,241.42,-23.12,255.22,1.5,14,2598.37,1478.37,56.9
328,6,328,1,1,ThetaMat,Accessories,15,28.02,0.112,24.88,27.11,-8.22,125.96,1.5,158,3931.32,1561.32,39.71
329,0,329,0,1,AlphaWatch,Wearables,40,70.85,0.053,67.09,67.56,-0.69,42.04,0.999,16,1073.52,433.52,40.38
329,0,329,0,1,BetaBuds,Audio,25,52.3,0.066,48.85,49.74,-1.79,36.92,0.765,16,781.57,381.57,48.82
329,0,329,0,1,GammaBand,Wearables,18,48.49,0.099,43.69,57.73,-24.32,33.79,0.5,28,1223.31,719.31,58.8
329,0,329,0,1,DeltaDock,Accessories,30,68.52,0.01,67.83,61.04,11.13,3.86,0.5,1,67.83,37.83,55.77
329,0,329,0,1,EpsilonCam,Imaging,55,138.72,0.076,128.18,132.67,-3.39,3.06,0.676,1,128.18,73.18,57.09
329,0,329,0,1,ZetaHub,Accessories,22,47.19,0.054,44.64,58.3,-23.43,47.29,0.908,41,1830.31,928.31,50.72
329,0,329,0,1,EtaDesk,Furniture,80,168.37,0.053,159.45,161.18,-1.08,7.41,0.5,1,159.45,79.45,49.83
329,0,329,0,1,ThetaMat,Accessories,15,40.34,0.096,36.47,46.45,-21.49,53.74,0.833,35,1276.36,751.36,58.87
330,1,330,0,1,AlphaWatch,Wearables,40,88.35,0.067,82.43,80.39,2.54,35.1,0.604,5,412.15,212.15,51.47
330,1,330,0,1,BetaBuds,Audio,25,56.26,0.036,54.23,70.39,-22.95,49.89,0.521,11,596.58,321.58,53.9
330,1,330,0,1,GammaBand,Wearables,18,37.81,0.031,36.64,45.53,-19.53,19.73,0.933,35,1282.33,652.33,50.87
330,1,330,0,1,DeltaDock,Accessories,30,78.2,0.048,74.45,83.85,-11.21,186.84,1.5,8,595.57,355.57,59.7
330,1,330,0,1,EpsilonCam,Imaging,55,103.18,0.003,102.87,106.66,-3.55,89.11,1.434,11,1131.58,526.58,46.53
330,1,330,0,1,ZetaHub,Accessories,22,53.93,0.02,52.85,62.93,-16.02,5.38,0.5,9,475.66,277.66,58.37
330,1,330,0,1,EtaDesk,Furniture,80,141.25,0.015,139.13,140.96,-1.3,76.41,0.987,8,1113.05,473.05,42.5
330,1,330,0,1,ThetaMat,Accessories,15,33.89,0.164,28.33,37.81,-25.07,43.05,0.82,32,906.63,426.63,47.06
331,2,331,0,1,AlphaWatch,Wearables,40,90.97,0.092,82.6,77.31,6.84,23.8,0.56,6,495.6,255.6,51.57
331,2,331,0,1,BetaBuds,Audio,25,66.03,0.164,55.2,66.51,-17.0,47.09,1.179,26,1435.23,785.23,54.71
331,2,331,0,1,GammaBand,Wearables,18,52.09,0.021,51.0,47.3,7.81,13.91,0.602,11,560.96,362.96,64.7
331,2,331,0,1,DeltaDock,Accessories,30,71.42,0.026,69.56,78.86,-11.79,33.41,0.899,3,208.69,118.69,56.87
331,2,331,0,1,EpsilonCam,Imaging,55,126.51,0.009,125.37,116.71,7.42,216.35,1.5,21,2632.8,1477.8,56.13
331,2,331,0,1,ZetaHub,Accessories,22,50.9,0.212,40.11,61.24,-34.5,0.44,0.5,9,360.98,162.98,45.15
331,2,331,0,1,EtaDesk,Furniture,80,176.64,0.175,145.73,156.41,-6.83,30.46,0.528,5,728.64,328.64,45.1
331,2,331,0,1,ThetaMat,Accessories,15,33.7,0.081,30.97,27.56,12.37,35.12,0.635,34,1052.99,542.99,51.57
332,3,332,0,1,AlphaWatch,Wearables,40,84.97,0.095,76.9,94.63,-18.74,11.08,0.919,6,461.39,221.39,47.98
332,3,332,0,1,BetaBuds,Audio,25,53.89,0.07,50.12,56.03,-10.55,12.38,0.505,12,601.41,301.41,50.12
332,3,332,0,1,GammaBand,Wearables,18,33.75,0.207,26.76,36.89,-27.45,17.46,0.659,47,1257.9,411.9,32.74
332,3,332,0,1,DeltaDock,Accessories,30,76.32,0.12,67.16,89.3,-24.79,42.86,0.749,3,201.48,111.48,55.33
332,3,332,0,1,EpsilonCam,Imaging,55,132.56,0.083,121.56,146.74,-17.16,19.24,0.636,4,486.23,266.23,54.75
332,3,332,0,1,ZetaHub,Accessories,22,44.31,0.024,43.25,45.63,-5.22,113.35,1.47,44,1902.85,934.85,49.13
332,3,332,0,1,EtaDesk,Furniture,80,213.15,0.118,188.0,189.1,-0.58,37.11,0.921,4,751.99,431.99,57.45
332,3,332,0,1,ThetaMat,Accessories,15,37.89,0.133,32.85,39.69,-17.23,35.42,0.584,32,1051.22,571.22,54.34
333,4,333,0,1,AlphaWatch,Wearables,40,87.97,0.047,83.84,102.52,-18.23,75.01,1.008,12,1006.02,526.02,52.29
333,4,333,0,1,BetaBuds,Audio,25,50.57,0.066,47.23,42.52,11.08,49.7,1.151,15,708.49,333.49,47.07
333,4,333,0,1,GammaBand,Wearables,18,34.11,0.116,30.15,37.42,-19.42,34.05,0.536,40,1206.13,486.13,40.3
333,4,333,0,1,DeltaDock,Accessories,30,62.89,0.105,56.29,64.05,-12.12,9.47,0.5,2,112.57,52.57,46.7
333,4,333,0,1,EpsilonCam,Imaging,55,116.82,0.109,104.09,111.61,-6.74,23.11,0.68,4,416.35,196.35,47.16
333,4,333,0,1,ZetaHub,Accessories,22,46.16,0.123,40.48,50.19,-19.34,13.02,0.839,23,931.09,425.09,45.66
333,4,333,0,1,EtaDesk,Furniture,80,176.76,0.208,139.99,179.72,-22.1,3.12,0.5,2,279.99,119.99,42.85
333,4,333,0,1,ThetaMat,Accessories,15,33.11,0.009,32.81,28.12,16.69,40.28,0.972,29,951.55,516.55,54.29
334,5,334,1,1,AlphaWatch,Wearables,40,105.83,0.058,99.69,127.6,-21.87,88.26,1.122,7,697.84,417.84,59.88
334,5,334,1,1,BetaBuds,Audio,25,63.52,0.181,52.02,59.9,-13.15,10.64,0.5,8,416.18,216.18,51.94
334,5,334,1,1,GammaBand,Wearables,18,40.54,0.023,39.61,30.32,30.63,1.89,0.54,9,356.47,194.47,54.55
334,5,334,1,1,DeltaDock,Accessories,30,66.21,0.053,62.7,72.25,-13.22,209.37,1.5,10,627.01,327.01,52.15
334,5,334,1,1,EpsilonCam,Imaging,55,111.2,0.18,91.18,120.5,-24.33,17.79,0.546,7,638.29,253.29,39.68
334,5,334,1,1,ZetaHub,Accessories,22,47.83,0.011,47.3,51.87,-8.8,59.22,1.258,33,1561.03,835.03,53.49
334,5,334,1,1,EtaDesk,Furniture,80,148.92,0.125,130.3,165.7,-21.36,10.82,0.81,8,1042.44,402.44,38.61
334,5,334,1,1,ThetaMat,Accessories,15,37.68,0.103,33.8,33.14,1.99,59.43,1.021,69,2332.13,1297.13,55.62
335,6,335,1,0,AlphaWatch,Wearables,40,108.6,0.105,97.2,126.5,-23.16,6.65,0.665,4,388.79,228.79,58.85
335,6,335,1,0,BetaBuds,Audio,25,49.36,0.055,46.65,53.88,-13.43,44.15,0.894,9,419.81,194.81,46.4
335,6,335,1,0,GammaBand,Wearables,18,49.91,0.077,46.07,46.12,-0.12,18.57,0.622,11,506.74,308.74,60.93
335,6,335,1,0,DeltaDock,Accessories,30,58.14,0.014,57.33,50.35,13.86,13.0,0.527,1,57.33,27.33,47.67
335,6,335,1,0,EpsilonCam,Imaging,55,114.27,0.036,110.16,112.4,-2.0,49.31,0.821,7,771.09,386.09,50.07
335,6,335,1,0,ZetaHub,Accessories,22,60.44,0.073,56.03,54.92,2.02,5.47,0.509,4,224.11,136.11,60.73
335,6,335,1,0,EtaDesk,Furniture,80,184.51,0.118,162.74,224.27,-27.44,4.0,0.5,2,325.48,165.48,50.84
335,6,335,1,0,ThetaMat,Accessories,15,37.67,0.212,29.68,45.4,-34.62,58.33,1.323,115,3413.66,1688.66,49.47
336,0,336,0,0,AlphaWatch,Wearables,40,107.05,0.076,98.91,95.13,3.98,2.93,0.651,2,197.83,117.83,59.56
336,0,336,0,0,BetaBuds,Audio,25,66.74,0.037,64.27,77.8,-17.39,5.81,0.5,3,192.81,117.81,61.1
336,0,336,0,0,GammaBand,Wearables,18,42.86,0.068,39.95,34.4,16.12,10.04,0.5,9,359.51,197.51,54.94
336,0,336,0,0,DeltaDock,Accessories,30,75.75,0.158,63.78,93.87,-32.05,73.62,0.812,7,446.47,236.47,52.96
336,0,336,0,0,EpsilonCam,Imaging,55,131.14,0.14,112.78,119.29,-5.46,47.82,0.802,5,563.9,288.9,51.23
336,0,336,0,0,ZetaHub,Accessories,22,62.69,0.087,57.24,54.02,5.95,39.07,0.825,12,686.83,422.83,61.56
336,0,336,0,0,EtaDesk,Furniture,80,176.22,0.189,142.91,179.45,-20.36,86.58,1.446,11,1572.06,692.06,44.02
336,0,336,0,0,ThetaMat,Accessories,15,30.84,0.085,28.22,29.1,-3.03,58.24,1.055,87,2455.02,1150.02,46.84
337,1,337,0,0,AlphaWatch,Wearables,40,107.34,0.138,92.53,90.42,2.33,51.18,0.982,5,462.64,262.64,56.77
337,1,337,0,0,BetaBuds,Audio,25,73.54,0.014,72.51,70.67,2.6,4.83,0.521,2,145.02,95.02,65.52
337,1,337,0,0,GammaBand,Wearables,18,34.68,0.011,34.3,40.07,-14.4,15.69,0.5,18,617.37,293.37,47.52
337,1,337,0,0,DeltaDock,Accessories,30,65.44,0.104,58.63,69.61,-15.77,32.79,0.824,7,410.44,200.44,48.84
337,1,337,0,0,EpsilonCam,Imaging,55,128.69,0.097,116.21,116.27,-0.05,61.76,0.993,5,581.04,306.04,52.67
337,1,337,0,0,ZetaHub,Accessories,22,52.74,0.031,51.11,52.83,-3.27,5.32,0.5,4,204.42,116.42,56.95
337,1,337,0,0,EtaDesk,Furniture,80,191.6,0.076,177.04,212.97,-16.87,79.25,0.85,7,1239.27,679.27,54.81
337,1,337,0,0,ThetaMat,Accessories,15,28.81,0.065,26.94,29.84,-9.73,10.46,0.565,31,835.06,370.06,44.32
338,2,338,0,0,AlphaWatch,Wearables,40,81.11,0.049,77.14,85.92,-10.22,0.82,0.648,2,154.27,74.27,48.14
338,2,338,0,0,BetaBuds,Audio,25,52.9,0.029,51.37,47.14,8.96,34.34,0.991,16,821.85,421.85,51.33
338,2,338,0,0,GammaBand,Wearables,18,40.02,0.156,33.78,38.65,-12.61,25.66,0.606,18,607.98,283.98,46.71
338,2,338,0,0,DeltaDock,Accessories,30,63.58,0.098,57.35,64.04,-10.45,14.61,0.5,2,114.7,54.7,47.69
338,2,338,0,0,EpsilonCam,Imaging,55,147.72,0.017,145.21,137.22,5.82,12.54,0.5,0,0.0,0.0,62.12
338,2,338,0,0,ZetaHub,Accessories,22,39.89,0.085,36.5,31.0,17.74,63.01,1.034,33,1204.48,478.48,39.72
338,2,338,0,0,EtaDesk,Furniture,80,158.16,0.061,148.51,165.57,-10.3,2.14,0.601,1,148.51,68.51,46.13
338,2,338,0,0,ThetaMat,Accessories,15,31.77,0.013,31.36,32.73,-4.19,48.11,1.044,40,1254.28,654.28,52.16
339,3,339,0,0,AlphaWatch,Wearables,40,97.16,0.137,83.85,111.48,-24.79,13.7,0.618,4,335.4,175.4,52.3
339,3,339,0,0,BetaBuds,Audio,25,44.12,0.068,41.12,46.76,-12.06,5.77,0.856,9,370.08,145.08,39.2
339,3,339,0,0,GammaBand,Wearables,18,41.11,0.081,37.78,49.34,-23.43,2.74,0.5,10,377.8,197.8,52.36
339,3,339,0,0,DeltaDock,Accessories,30,70.17,0.047,66.87,82.31,-18.76,40.85,0.5,2,133.74,73.74,55.14
339,3,339,0,0,EpsilonCam,Imaging,55,117.31,0.007,116.49,132.46,-12.06,66.01,1.144,6,698.93,368.93,52.79
339,3,339,0,0,ZetaHub,Accessories,22,47.6,0.02,46.65,44.64,4.5,8.98,0.5,10,466.48,246.48,52.84
339,3,339,0,0,EtaDesk,Furniture,80,152.36,0.06,143.22,173.91,-17.65,7.38,0.5,3,429.66,189.66,44.14
339,3,339,0,0,ThetaMat,Accessories,15,29.02,0.043,27.77,31.57,-12.03,105.44,1.24,77,2138.45,983.45,45.99
340,4,340,0,0,AlphaWatch,Wearables,40,79.57,0.041,76.31,81.62,-6.51,57.37,1.014,5,381.54,181.54,47.58
340,4,340,0,0,BetaBuds,Audio,25,53.64,0.014,52.89,65.9,-19.74,12.8,0.5,2,105.78,55.78,52.73
340,4,340,0,0,GammaBand,Wearables,18,50.92,0.084,46.64,44.75,4.23,40.8,1.16,25,1166.07,716.07,61.41
340,4,340,0,0,DeltaDock,Accessories,30,81.47,0.097,73.57,81.92,-10.2,62.08,0.873,4,294.27,174.27,59.22
340,4,340,0,0,EpsilonCam,Imaging,55,137.1,0.087,125.17,157.8,-20.68,9.57,0.748,2,250.34,140.34,56.06
340,4,340,0,0,ZetaHub,Accessories,22,56.82,0.151,48.24,60.96,-20.87,34.74,0.553,11,530.64,288.64,54.39
340,4,340,0,0,EtaDesk,Furniture,80,164.59,0.203,131.18,190.5,-31.14,7.11,0.867,3,393.53,153.53,39.01
340,4,340,0,0,ThetaMat,Accessories,15,25.58,0.065,23.92,26.87,-10.99,32.0,0.713,75,1793.8,668.8,37.28
341,5,341,1,0,AlphaWatch,Wearables,40,104.06,0.141,89.39,120.07,-25.55,15.38,0.655,3,268.16,148.16,55.25
341,5,341,1,0,BetaBuds,Audio,25,70.63,0.209,55.87,58.92,-5.18,83.48,1.433,23,1284.97,709.97,55.25
341,5,341,1,0,GammaBand,Wearables,18,35.36,0.108,31.54,29.51,6.88,85.51,1.206,45,1419.35,609.35,42.93
341,5,341,1,0,DeltaDock,Accessories,30,86.88,0.028,84.45,76.41,10.52,44.62,0.876,3,253.34,163.34,64.47
341,5,341,1,0,EpsilonCam,Imaging,55,143.54,0.004,142.97,163.24,-12.42,50.97,1.027,4,571.86,351.86,61.53
341,5,341,1,0,ZetaHub,Accessories,22,60.59,0.06,56.95,53.13,7.2,37.88,0.871,17,968.23,594.23,61.37
341,5,341,1,0,EtaDesk,Furniture,80,150.56,0.021,147.4,158.6,-7.06,4.72,0.582,2,294.8,134.8,45.73
341,5,341,1,0,ThetaMat,Accessories,15,36.15,0.053,34.23,41.48,-17.47,80.74,1.179,43,1472.06,827.06,56.18
342,6,342,1,0,AlphaWatch,Wearables,40,98.33,0.06,92.43,88.29,4.69,43.28,0.578,4,369.72,209.72,56.72
342,6,342,1,0,BetaBuds,Audio,25,70.08,0.055,66.23,61.7,7.33,63.33,0.851,8,529.8,329.8,62.25
342,6,342,1,0,GammaBand,Wearables,18,35.75,0.071,33.21,28.44,16.78,7.85,0.766,25,830.29,380.29,45.8
342,6,342,1,0,DeltaDock,Accessories,30,62.82,0.051,59.62,67.52,-11.71,133.09,1.5,10,596.16,296.16,49.68
342,6,342,1,0,EpsilonCam,Imaging,55,111.08,0.133,96.31,126.08,-23.61,6.54,0.637,3,288.92,123.92,42.89
342,6,342,1,0,ZetaHub,Accessories,22,56.12,0.018,55.11,44.41,24.09,6.18,0.5,4,220.44,132.44,60.08
342,6,342,1,0,EtaDesk,Furniture,80,139.59,0.055,131.91,146.92,-10.21,17.11,0.898,4,527.65,207.65,39.35
342,6,342,1,0,ThetaMat,Accessories,15,38.7,0.032,37.46,35.97,4.15,16.79,0.591,12,449.54,269.54,59.96
343,0,343,0,0,AlphaWatch,Wearables,40,96.67,0.09,87.97,114.09,-22.89,52.91,0.854,5,439.85,239.85,54.53
343,0,343,0,0,BetaBuds,Audio,25,63.35,0.108,56.51,69.14,-18.27,0.4,0.663,4,226.03,126.03,55.76
343,0,343,0,0,GammaBand,Wearables,18,39.1,0.096,35.35,45.78,-22.79,35.19,0.754,29,1025.05,503.05,49.08
343,0,343,0,0,DeltaDock,Accessories,30,70.7,0.115,62.57,77.89,-19.67,0.2,0.759,1,62.57,32.57,52.05
343,0,343,0,0,EpsilonCam,Imaging,55,131.05,0.047,124.89,131.31,-4.89,12.33,0.981,5,624.45,349.45,55.96
343,0,343,0,0,ZetaHub,Accessories,22,56.88,0.031,55.12,69.41,-20.59,8.99,0.512,4,220.47,132.47,60.08
343,0,343,0,0,EtaDesk,Furniture,80,209.54,0.166,174.76,180.14,-2.99,14.47,0.5,2,349.51,189.51,54.22
343,0,343,0,0,ThetaMat,Accessories,15,31.85,0.136,27.52,35.46,-22.4,3.83,0.817,41,1128.25,513.25,45.49
344,1,344,0,0,AlphaWatch,Wearables,40,74.5,0.131,64.74,81.25,-20.32,4.06,0.534,3,194.22,74.22,38.21
344,1,344,0,0,BetaBuds,Audio,25,63.19,0.15,53.71,49.29,8.97,10.48,0.5,3,161.13,86.13,53.46
344,1,344,0,0,GammaBand,Wearables,18,35.79,0.064,33.5,34.87,-3.93,156.8,1.5,99,3316.44,1534.44,46.27
344,1,344,0,0,DeltaDock,Accessories,30,85.32,0.066,79.69,88.51,-9.97,17.71,0.511,2,159.38,99.38,62.35
344,1,344,0,0,EpsilonCam,Imaging,55,105.48,0.15,89.66,106.07,-15.47,52.36,1.121,15,1344.87,519.87,38.66
344,1,344,0,0,ZetaHub,Accessories,22,39.04,0.107,34.86,40.14,-13.15,23.89,0.988,38,1324.78,488.78,36.9
344,1,344,0,0,EtaDesk,Furniture,80,138.76,0.025,135.29,130.47,3.7,30.53,0.648,4,541.16,221.16,40.87
344,1,344,0,0,ThetaMat,Accessories,15,29.07,0.064,27.21,23.09,17.84,62.14,0.91,36,979.54,439.54,44.87
345,2,345,0,0,AlphaWatch,Wearables,40,79.59,0.053,75.37,85.85,-12.21,28.37,0.697,6,452.23,212.23,46.93
345,2,345,0,0,BetaBuds,Audio,25,49.08,0.161,41.18,50.76,-18.88,3.17,0.5,10,411.78,161.78,39.29
345,2,345,0,0,GammaBand,Wearables,18,46.63,0.059,43.88,64.58,-32.06,10.0,0.879,13,570.42,336.42,58.98
345,2,345,0,0,DeltaDock,Accessories,30,72.3,0.038,69.55,83.23,-16.43,60.29,1.235,5,347.76,197.76,56.87
345,2,345,0,0,EpsilonCam,Imaging,55,143.22,0.011,141.64,155.73,-9.04,32.2,0.7,4,566.58,346.58,61.17
345,2,345,0,0,ZetaHub,Accessories,22,49.38,0.048,47.01,54.24,-13.33,20.23,0.616,14,658.14,350.14,53.2
345,2,345,0,0,EtaDesk,Furniture,80,203.03,0.01,201.0,236.27,-14.93,90.96,0.939,6,1206.0,726.0,60.2
345,2,345,0,0,ThetaMat,Accessories,15,32.97,0.074,30.53,34.16,-10.63,5.94,0.5,19,580.07,295.07,50.87
346,3,346,0,0,AlphaWatch,Wearables,40,77.45,0.045,73.96,78.35,-5.6,8.72,0.5,2,147.93,67.93,45.92
346,3,346,0,0,BetaBuds,Audio,25,69.0,0.021,67.55,78.06,-13.46,26.76,0.5,5,337.76,212.76,62.99
346,3,346,0,0,GammaBand,Wearables,18,42.87,0.081,39.4,42.59,-7.5,19.39,0.71,10,393.98,213.98,54.31
346,3,346,0,0,DeltaDock,Accessories,30,81.22,0.103,72.85,70.45,3.41,5.15,0.5,1,72.85,42.85,58.82
346,3,346,0,0,EpsilonCam,Imaging,55,94.84,0.022,92.75,85.57,8.39,71.71,1.077,10,927.54,377.54,40.7
346,3,346,0,0,ZetaHub,Accessories,22,49.13,0.067,45.84,55.0,-16.66,3.05,0.756,13,595.9,309.9,52.01
346,3,346,0,0,EtaDesk,Furniture,80,174.18,0.068,162.34,179.74,-9.68,2.5,0.738,1,162.34,82.34,50.72
346,3,346,0,0,ThetaMat,Accessories,15,38.22,0.1,34.4,43.86,-21.57,97.66,1.186,90,3095.82,1745.82,56.39
347,4,347,0,0,AlphaWatch,Wearables,40,103.8,0.018,101.93,105.3,-3.2,5.25,0.5,1,101.93,61.93,60.76
347,4,347,0,0,BetaBuds,Audio,25,55.79,0.111,49.6,61.06,-18.77,28.6,0.721,21,1041.54,516.54,49.59
347,4,347,0,0,GammaBand,Wearables,18,38.2,0.031,37.02,38.11,-2.87,26.01,0.849,32,1184.51,608.51,51.37
347,4,347,0,0,DeltaDock,Accessories,30,59.46,0.078,54.82,65.32,-16.07,14.21,0.547,3,164.47,74.47,45.28
347,4,347,0,0,EpsilonCam,Imaging,55,141.04,0.044,134.83,151.48,-10.99,57.48,1.075,5,674.17,399.17,59.21
347,4,347,0,0,ZetaHub,Accessories,22,59.71,0.035,57.62,64.38,-10.5,7.93,0.619,5,288.1,178.1,61.82
347,4,347,0,0,EtaDesk,Furniture,80,172.56,0.087,157.55,185.81,-15.21,8.29,0.621,2,315.09,155.09,49.22
347,4,347,0,0,ThetaMat,Accessories,15,36.06,0.128,31.44,33.34,-5.69,44.3,0.674,26,817.55,427.55,52.3
348,5,348,1,0,AlphaWatch,Wearables,40,101.55,0.084,93.02,114.36,-18.66,64.08,1.016,16,1488.32,848.32,57.0
348,5,348,1,0,BetaBuds,Audio,25,55.75,0.158,46.94,54.37,-13.66,38.45,0.813,25,1173.54,548.54,46.74
348,5,348,1,0,GammaBand,Wearables,18,50.56,0.029,49.09,60.92,-19.41,31.27,0.689,14,687.31,435.31,63.34
348,5,348,1,0,DeltaDock,Accessories,30,56.17,0.012,55.5,64.85,-14.42,40.79,0.671,5,277.48,127.48,45.94
348,5,348,1,0,EpsilonCam,Imaging,55,152.93,0.206,121.43,145.57,-16.59,6.15,0.664,2,242.85,132.85,54.71
348,5,348,1,0,ZetaHub,Accessories,22,58.48,0.012,57.78,65.37,-11.61,11.31,0.635,6,346.67,214.67,61.92
348,5,348,1,0,EtaDesk,Furniture,80,224.33,0.099,202.12,266.42,-24.13,74.87,0.969,5,1010.61,610.61,60.42
348,5,348,1,0,ThetaMat,Accessories,15,37.57,0.019,36.86,44.52,-17.21,28.04,0.662,33,1216.25,721.25,59.3
349,6,349,1,0,AlphaWatch,Wearables,40,78.65,0.075,72.75,83.66,-13.04,7.53,0.556,5,363.76,163.76,45.02
349,6,349,1,0,BetaBuds,Audio,25,44.26,0.054,41.87,43.22,-3.12,161.98,1.5,59,2470.33,995.33,40.29
349,6,349,1,0,GammaBand,Wearables,18,34.11,0.058,32.13,38.02,-15.49,27.59,0.523,29,931.82,409.82,43.98
349,6,349,1,0,DeltaDock,Accessories,30,65.18,0.065,60.94,72.56,-16.01,58.48,1.085,4,243.77,123.77,50.77
349,6,349,1,0,EpsilonCam,Imaging,55,123.13,0.173,101.83,113.03,-9.91,6.08,0.595,4,407.31,187.31,45.99
349,6,349,1,0,ZetaHub,Accessories,22,55.14,0.027,53.65,72.55,-26.05,18.41,0.61,11,590.16,348.16,58.99
349,6,349,1,0,EtaDesk,Furniture,80,215.3,0.194,173.53,241.61,-28.18,20.51,0.616,3,520.6,280.6,53.9
349,6,349,1,0,ThetaMat,Accessories,15,39.56,0.027,38.49,38.91,-1.07,20.7,1.003,20,769.84,469.84,61.03
350,0,350,0,1,AlphaWatch,Wearables,40,98.67,0.111,87.72,103.67,-15.39,39.43,0.963,7,614.02,334.02,54.4
350,0,350,0,1,BetaBuds,Audio,25,50.17,0.059,47.21,43.99,7.32,34.25,0.804,11,519.31,244.31,47.05
350,0,350,0,1,GammaBand,Wearables,18,42.57,0.201,34.01,41.7,-18.43,8.87,0.67,22,748.3,352.3,47.08
350,0,350,0,1,DeltaDock,Accessories,30,68.55,0.115,60.67,63.59,-4.6,25.58,0.716,2,121.33,61.33,50.55
350,0,350,0,1,EpsilonCam,Imaging,55,135.83,0.04,130.4,123.05,5.97,63.42,0.897,5,651.98,376.98,57.82
350,0,350,0,1,ZetaHub,Accessories,22,48.18,0.065,45.05,47.22,-4.6,77.72,1.12,39,1756.88,898.88,51.16
350,0,350,0,1,EtaDesk,Furniture,80,184.69,0.088,168.44,187.99,-10.4,4.53,0.5,1,168.44,88.44,52.5
350,0,350,0,1,ThetaMat,Accessories,15,28.12,0.07,26.15,28.56,-8.43,41.31,1.046,101,2641.31,1126.31,42.64
351,1,351,0,1,AlphaWatch,Wearables,40,91.98,0.19,74.5,81.01,-8.03,31.62,0.903,8,596.03,276.03,46.31
351,1,351,0,1,BetaBuds,Audio,25,52.86,0.05,50.22,53.75,-6.57,14.62,0.51,12,602.6,302.6,50.22
351,1,351,0,1,GammaBand,Wearables,18,50.9,0.002,50.8,48.31,5.15,19.45,0.81,10,507.98,327.98,64.57
351,1,351,0,1,DeltaDock,Accessories,30,57.37,0.055,54.21,55.0,-1.43,1.47,0.591,1,54.21,24.21,44.66
351,1,351,0,1,EpsilonCam,Imaging,55,97.81,0.01,96.83,99.15,-2.34,117.53,1.464,16,1549.31,669.31,43.2
351,1,351,0,1,ZetaHub,Accessories,22,59.46,0.205,47.27,68.36,-30.85,23.38,0.586,16,756.33,404.33,53.46
351,1,351,0,1,EtaDesk,Furniture,80,156.99,0.206,124.65,175.84,-29.11,27.27,0.894,6,747.9,267.9,35.82
351,1,351,0,1,ThetaMat,Accessories,15,32.48,0.062,30.47,30.86,-1.28,6.52,0.5,20,609.32,309.32,50.77
352,2,352,0,1,AlphaWatch,Wearables,40,108.27,0.085,99.07,94.71,4.6,9.39,0.774,3,297.2,177.2,59.62
352,2,352,0,1,BetaBuds,Audio,25,53.13,0.003,52.97,46.2,14.65,0.21,0.5,3,158.91,83.91,52.8
352,2,352,0,1,GammaBand,Wearables,18,43.31,0.005,43.09,41.81,3.07,2.58,0.5,7,301.65,175.65,58.23
352,2,352,0,1,DeltaDock,Accessories,30,82.3,0.149,70.04,63.08,11.03,14.13,0.56,1,70.04,40.04,57.17
352,2,352,0,1,EpsilonCam,Imaging,55,121.27,0.111,107.81,129.65,-16.85,22.45,0.908,4,431.24,211.24,48.98
352,2,352,0,1,ZetaHub,Accessories,22,44.08,0.139,37.95,46.82,-18.94,35.62,0.679,26,986.77,414.77,42.03
352,2,352,0,1,EtaDesk,Furniture,80,190.69,0.071,177.15,197.0,-10.08,20.84,0.678,3,531.45,291.45,54.84
352,2,352,0,1,ThetaMat,Accessories,15,30.43,0.097,27.48,27.62,-0.51,11.64,0.69,25,686.96,311.96,45.41
353,3,353,0,1,AlphaWatch,Wearables,40,106.88,0.023,104.42,123.51,-15.45,14.63,0.5,2,208.84,128.84,61.69
353,3,353,0,1,BetaBuds,Audio,25,63.23,0.171,52.42,64.27,-18.44,46.39,0.808,16,838.68,438.68,52.31
353,3,353,0,1,GammaBand,Wearables,18,43.17,0.131,37.51,45.59,-17.71,0.21,0.5,5,187.57,97.57,52.02
353,3,353,0,1,DeltaDock,Accessories,30,69.58,0.182,56.92,68.77,-17.24,31.92,0.875,3,170.75,80.75,47.29
353,3,353,0,1,EpsilonCam,Imaging,55,115.04,0.132,99.85,137.88,-27.58,57.36,1.129,10,998.55,448.55,44.92
353,3,353,0,1,ZetaHub,Accessories,22,44.89,0.061,42.15,50.45,-16.45,5.16,0.59,7,295.06,141.06,47.81
353,3,353,0,1,EtaDesk,Furniture,80,200.04,0.021,195.84,177.52,10.32,90.38,1.326,7,1370.87,810.87,59.15
353,3,353,0,1,ThetaMat,Accessories,15,38.74,0.014,38.2,34.31,11.33,9.35,0.5,10,381.98,231.98,60.73
354,4,354,0,1,AlphaWatch,Wearables,40,107.34,0.009,106.37,100.41,5.94,72.72,1.237,5,531.87,331.87,62.4
354,4,354,0,1,BetaBuds,Audio,25,48.37,0.112,42.95,43.53,-1.33,63.04,1.276,18,773.15,323.15,41.8
354,4,354,0,1,GammaBand,Wearables,18,35.32,0.049,33.59,37.5,-10.43,35.22,0.724,52,1746.64,810.64,46.41
354,4,354,0,1,DeltaDock,Accessories,30,71.32,0.059,67.11,64.33,4.32,65.55,1.11,4,268.45,148.45,55.3
354,4,354,0,1,EpsilonCam,Imaging,55,121.88,0.051,115.66,124.62,-7.19,52.88,1.206,5,578.32,303.32,52.45
354,4,354,0,1,ZetaHub,Accessories,22,42.93,0.116,37.95,47.94,-20.84,27.43,0.606,30,1138.5,478.5,42.03
354,4,354,0,1,EtaDesk,Furniture,80,212.96,0.063,199.54,201.29,-0.87,65.72,0.868,4,798.17,478.17,59.91
354,4,354,0,1,ThetaMat,Accessories,15,30.22,0.116,26.71,26.4,1.19,26.32,0.708,48,1282.3,562.3,43.85
355,5,355,1,1,AlphaWatch,Wearables,40,92.82,0.024,90.59,87.92,3.04,14.88,0.735,3,271.78,151.78,55.85
355,5,355,1,1,BetaBuds,Audio,25,60.87,0.085,55.7,54.82,1.6,8.32,0.585,7,389.87,214.87,55.11
355,5,355,1,1,GammaBand,Wearables,18,44.36,0.134,38.42,43.13,-10.93,20.73,0.653,50,1920.79,1020.79,53.14
355,5,355,1,1,DeltaDock,Accessories,30,82.29,0.055,77.76,79.51,-2.2,46.73,1.13,2,155.53,95.53,61.42
355,5,355,1,1,EpsilonCam,Imaging,55,115.11,0.05,109.35,96.49,13.33,42.92,0.974,3,328.06,163.06,49.7
355,5,355,1,1,ZetaHub,Accessories,22,48.17,0.111,42.82,55.74,-23.17,107.79,1.307,47,2012.69,978.69,48.63
355,5,355,1,1,EtaDesk,Furniture,80,150.92,0.112,134.02,175.61,-23.68,40.29,0.823,11,1474.19,594.19,40.31
355,5,355,1,1,ThetaMat,Accessories,15,33.44,0.008,33.17,33.29,-0.35,111.76,1.404,44,1459.59,799.59,54.78
356,6,356,1,1,AlphaWatch,Wearables,40,74.4,0.019,72.99,76.51,-4.61,40.49,0.882,9,656.88,296.88,45.2
356,6,356,1,1,BetaBuds,Audio,25,61.85,0.103,55.48,76.85,-27.81,70.63,1.287,34,1886.3,1036.3,54.94
356,6,356,1,1,GammaBand,Wearables,18,34.1,0.012,33.69,36.42,-7.49,42.42,0.681,30,1010.72,470.72,46.57
356,6,356,1,1,DeltaDock,Accessories,30,77.46,0.013,76.45,83.64,-8.59,0.1,0.5,1,76.45,46.45,60.76
356,6,356,1,1,EpsilonCam,Imaging,55,146.43,0.186,119.19,131.71,-9.5,28.3,0.755,4,476.78,256.78,53.86
356,6,356,1,1,ZetaHub,Accessories,22,51.9,0.026,50.55,51.35,-1.56,8.6,0.695,8,404.4,228.4,56.48
356,6,356,1,1,EtaDesk,Furniture,80,203.14,0.035,196.03,217.43,-9.84,134.9,1.5,13,2548.39,1508.39,59.19
356,6,356,1,1,ThetaMat,Accessories,15,28.21,0.033,27.28,21.98,24.11,114.57,1.5,141,3846.35,1731.35,45.01
357,0,357,0,1,AlphaWatch,Wearables,40,106.47,0.046,101.57,102.19,-0.6,27.46,0.642,3,304.72,184.72,60.62
357,0,357,0,1,BetaBuds,Audio,25,68.45,0.299,47.98,62.86,-23.67,20.91,0.757,6,287.9,137.9,47.9
357,0,357,0,1,GammaBand,Wearables,18,39.45,0.001,39.41,44.52,-11.48,31.9,0.838,40,1576.42,856.42,54.33
357,0,357,0,1,DeltaDock,Accessories,30,57.62,0.283,41.31,61.7,-33.04,50.23,1.059,11,454.45,124.45,27.38
357,0,357,0,1,EpsilonCam,Imaging,55,148.2,0.093,134.42,145.9,-7.87,23.58,0.5,3,403.25,238.25,59.08
357,0,357,0,1,ZetaHub,Accessories,22,50.6,0.124,44.33,61.3,-27.69,12.64,0.555,11,487.58,245.58,50.37
357,0,357,0,1,EtaDesk,Furniture,80,210.11,0.048,200.02,207.04,-3.39,34.99,0.581,4,800.1,480.1,60.0
357,0,357,0,1,ThetaMat,Accessories,15,37.59,0.105,33.64,37.33,-9.88,18.3,0.689,30,1009.29,559.29,55.41
358,1,358,0,1,AlphaWatch,Wearables,40,95.33,0.019,93.52,105.88,-11.67,14.14,0.916,6,561.11,321.11,57.23
358,1,358,0,1,BetaBuds,Audio,25,67.48,0.02,66.13,81.45,-18.81,35.71,0.658,9,595.17,370.17,62.2
358,1,358,0,1,GammaBand,Wearables,18,36.93,0.09,33.61,34.98,-3.93,30.96,1.02,49,1646.71,764.71,46.44
358,1,358,0,1,DeltaDock,Accessories,30,62.86,0.087,57.39,48.58,18.14,0.5,0.5,1,57.39,27.39,47.73
358,1,358,0,1,EpsilonCam,Imaging,55,140.17,0.195,112.84,127.47,-11.48,110.42,1.228,10,1128.37,578.37,51.26
358,1,358,0,1,ZetaHub,Accessories,22,43.57,0.114,38.6,43.52,-11.3,9.52,0.504,10,386.03,166.03,43.01
358,1,358,0,1,EtaDesk,Furniture,80,154.21,0.083,141.41,142.55,-0.8,117.45,1.471,6,848.46,368.46,43.43
358,1,358,0,1,ThetaMat,Accessories,15,30.25,0.009,29.98,29.07,3.12,11.51,0.632,17,509.62,254.62,49.96
359,2,359,0,1,AlphaWatch,Wearables,40,81.29,0.051,77.14,86.82,-11.14,32.73,0.698,7,540.01,260.01,48.15
359,2,359,0,1,BetaBuds,Audio,25,59.77,0.195,48.11,66.05,-27.15,41.52,0.792,18,866.07,416.07,48.04
359,2,359,0,1,GammaBand,Wearables,18,44.34,0.112,39.37,39.95,-1.44,78.68,1.151,57,2244.31,1218.31,54.28
359,2,359,0,1,DeltaDock,Accessories,30,57.31,0.139,49.34,56.57,-12.77,5.25,0.566,2,98.69,38.69,39.2
359,2,359,0,1,EpsilonCam,Imaging,55,105.81,0.01,104.75,131.32,-20.23,45.82,0.874,6,628.51,298.51,47.49
359,2,359,0,1,ZetaHub,Accessories,22,39.86,0.04,38.27,37.3,2.59,47.31,0.718,17,650.52,276.52,42.51
359,2,359,0,1,EtaDesk,Furniture,80,164.84,0.031,159.73,148.79,7.35,40.96,0.835,6,958.38,478.38,49.92
359,2,359,0,1,ThetaMat,Accessories,15,27.81,0.062,26.09,33.7,-22.59,30.7,0.722,63,1643.4,698.4,42.5
360,3,360,0,1,AlphaWatch,Wearables,40,78.29,0.112,69.52,91.35,-23.9,25.51,0.945,11,764.74,324.74,42.46
360,3,360,0,1,BetaBuds,Audio,25,62.64,0.001,62.58,66.1,-5.33,26.55,0.501,6,375.46,225.46,60.05
360,3,360,0,1,GammaBand,Wearables,18,36.63,0.031,35.49,36.33,-2.3,64.86,0.914,70,2484.61,1224.61,49.29
360,3,360,0,1,DeltaDock,Accessories,30,61.93,0.164,51.77,64.75,-20.04,29.53,0.819,4,207.09,87.09,42.06
360,3,360,0,1,EpsilonCam,Imaging,55,111.82,0.011,110.59,106.68,3.67,20.81,0.72,3,331.77,166.77,50.27
360,3,360,0,1,ZetaHub,Accessories,22,53.21,0.035,51.35,44.4,15.65,15.53,0.55,6,308.09,176.09,57.15
360,3,360,0,1,EtaDesk,Furniture,80,155.6,0.058,146.58,188.14,-22.09,18.81,0.634,4,586.3,266.3,45.42
360,3,360,0,1,ThetaMat,Accessories,15,31.28,0.169,25.99,32.5,-20.02,27.75,0.915,62,1611.61,681.61,42.29
361,4,361,0,1,AlphaWatch,Wearables,40,75.38,0.076,69.65,70.48,-1.18,5.79,0.664,3,208.95,88.95,42.57
361,4,361,0,1,BetaBuds,Audio,25,59.89,0.02,58.69,57.16,2.68,5.59,0.674,3,176.08,101.08,57.4
361,4,361,0,1,GammaBand,Wearables,18,42.79,0.074,39.62,35.86,10.5,11.18,0.851,13,515.11,281.11,54.57
361,4,361,0,1,DeltaDock,Accessories,30,62.87,0.137,54.26,74.23,-26.91,114.99,1.202,9,488.31,218.31,44.71
361,4,361,0,1,EpsilonCam,Imaging,55,110.37,0.051,104.74,113.67,-7.86,5.62,0.5,2,209.48,99.48,47.49
361,4,361,0,1,ZetaHub,Accessories,22,53.87,0.099,48.54,60.33,-19.55,4.34,0.556,9,436.83,238.83,54.67
361,4,361,0,1,EtaDesk,Furniture,80,215.31,0.134,186.46,231.45,-19.44,81.29,1.044,5,932.29,532.29,57.1
361,4,361,0,1,ThetaMat,Accessories,15,38.17,0.04,36.64,42.47,-13.72,78.76,1.044,61,2235.24,1320.24,59.06
362,5,362,1,0,AlphaWatch,Wearables,40,102.55,0.125,89.73,116.47,-22.96,1.09,0.5,2,179.46,99.46,55.42
362,5,362,1,0,BetaBuds,Audio,25,49.89,0.102,44.8,49.48,-9.46,10.09,0.594,7,313.61,138.61,44.2
362,5,362,1,0,GammaBand,Wearables,18,49.27,0.023,48.14,52.48,-8.28,103.52,1.429,66,3177.03,1989.03,62.61
362,5,362,1,0,DeltaDock,Accessories,30,60.21,0.117,53.17,52.55,1.17,10.19,0.875,2,106.33,46.33,43.57
362,5,362,1,0,EpsilonCam,Imaging,55,120.16,0.095,108.74,129.71,-16.16,4.95,0.672,2,217.49,107.49,49.42
362,5,362,1,0,ZetaHub,Accessories,22,49.98,0.025,48.73,43.9,11.0,54.44,0.77,25,1218.26,668.26,54.85
362,5,362,1,0,EtaDesk,Furniture,80,221.56,0.012,218.9,241.78,-9.46,15.57,0.5,3,656.7,416.7,63.45
362,5,362,1,0,ThetaMat,Accessories,15,37.33,0.058,35.16,52.38,-32.87,62.03,0.855,40,1406.59,806.59,57.34
363,6,363,1,0,AlphaWatch,Wearables,40,109.76,0.099,98.89,97.95,0.96,9.51,0.5,2,197.79,117.79,59.55
363,6,363,1,0,BetaBuds,Audio,25,50.95,0.027,49.57,56.69,-12.55,5.86,0.5,4,198.3,98.3,49.57
363,6,363,1,0,GammaBand,Wearables,18,34.23,0.103,30.7,39.04,-21.35,13.22,0.737,49,1504.51,622.51,41.38
363,6,363,1,0,DeltaDock,Accessories,30,55.36,0.085,50.65,53.64,-5.57,3.02,0.58,1,50.65,20.65,40.78
363,6,363,1,0,EpsilonCam,Imaging,55,107.21,0.238,81.69,101.59,-19.58,80.97,0.891,14,1143.72,373.72,32.68
363,6,363,1,0,ZetaHub,Accessories,22,49.4,0.119,43.52,48.6,-10.45,3.53,0.869,13,565.78,279.78,49.45
363,6,363,1,0,EtaDesk,Furniture,80,212.22,0.085,194.18,211.5,-8.19,10.94,0.5,3,582.54,342.54,58.8
363,6,363,1,0,ThetaMat,Accessories,15,36.32,0.102,32.62,35.12,-7.13,118.91,1.41,82,2674.46,1444.46,54.01
364,0,364,0,0,AlphaWatch,Wearables,40,78.57,0.018,77.16,61.54,25.37,1.34,0.54,1,77.16,37.16,48.16
364,0,364,0,0,BetaBuds,Audio,25,59.45,0.074,55.05,51.53,6.83,60.09,0.983,10,550.51,300.51,54.59
364,0,364,0,0,GammaBand,Wearables,18,41.48,0.011,41.02,47.91,-14.37,38.15,0.871,46,1887.09,1059.09,56.12
364,0,364,0,0,DeltaDock,Accessories,30,77.09,0.071,71.62,85.6,-16.34,45.88,0.995,5,358.08,208.08,58.11
364,0,364,0,0,EpsilonCam,Imaging,55,146.67,0.097,132.44,156.55,-15.4,50.0,0.871,5,662.22,387.22,58.47
364,0,364,0,0,ZetaHub,Accessories,22,44.45,0.142,38.14,50.58,-24.6,28.86,0.752,26,991.59,419.59,42.31
364,0,364,0,0,EtaDesk,Furniture,80,221.48,0.142,190.03,227.29,-16.39,41.19,0.969,4,760.12,440.12,57.9
364,0,364,0,0,ThetaMat,Accessories,15,35.01,0.165,29.23,39.53,-26.05,14.45,0.5,15,438.5,213.5,48.69
365,1,0,0,0,AlphaWatch,Wearables,40,98.81,0.109,88.04,119.25,-26.17,32.84,0.871,5,440.2,240.2,54.57
365,1,0,0,0,BetaBuds,Audio,25,60.72,0.235,46.45,64.29,-27.75,73.61,1.19,30,1393.52,643.52,46.18
365,1,0,0,0,GammaBand,Wearables,18,42.11,0.046,40.17,50.36,-20.23,30.01,0.736,21,843.63,465.63,55.19
365,1,0,0,0,DeltaDock,Accessories,30,62.0,0.15,52.7,59.28,-11.1,16.48,0.5,2,105.4,45.4,43.07
365,1,0,0,0,EpsilonCam,Imaging,55,104.33,0.08,95.98,98.21,-2.27,32.82,0.901,9,863.85,368.85,42.7
365,1,0,0,0,ZetaHub,Accessories,22,46.91,0.049,44.61,47.0,-5.08,12.62,0.5,14,624.56,316.56,50.69
365,1,0,0,0,EtaDesk,Furniture,80,203.17,0.017,199.72,219.66,-9.08,44.5,0.767,2,399.43,239.43,59.94
365,1,0,0,0,ThetaMat,Accessories,15,33.21,0.122,29.16,38.99,-25.22,63.39,1.077,53,1545.39,750.39,48.56
366,2,1,0,0,AlphaWatch,Wearables,40,101.95,0.068,95.02,114.41,-16.95,59.33,1.132,12,1140.21,660.21,57.9
366,2,1,0,0,BetaBuds,Audio,25,63.35,0.028,61.58,58.03,6.11,7.46,0.697,6,369.46,219.46,59.4
366,2,1,0,0,GammaBand,Wearables,18,35.44,0.073,32.85,36.26,-9.4,13.54,0.706,34,1117.0,505.0,45.21
366,2,1,0,0,DeltaDock,Accessories,30,55.82,0.102,50.13,51.69,-3.03,20.02,0.924,3,150.38,60.38,40.15
366,2,1,0,0,EpsilonCam,Imaging,55,118.68,0.07,110.37,109.13,1.14,67.13,1.043,6,662.23,332.23,50.17
366,2,1,0,0,ZetaHub,Accessories,22,41.68,0.096,37.68,42.72,-11.8,42.18,0.868,30,1130.36,470.36,41.61
366,2,1,0,0,EtaDesk,Furniture,80,230.72,0.085,211.11,210.85,0.12,1.86,0.531,1,211.11,131.11,62.1
366,2,1,0,0,ThetaMat,Accessories,15,37.35,0.125,32.68,38.32,-14.71,97.36,1.353,95,3104.72,1679.72,54.1
367,3,2,0,0,AlphaWatch,Wearables,40,97.12,0.067,90.61,108.62,-16.58,44.93,0.847,9,815.52,455.52,55.86
367,3,2,0,0,BetaBuds,Audio,25,58.17,0.074,53.87,57.26,-5.93,49.26,0.85,14,754.12,404.12,53.59
367,3,2,0,0,GammaBand,Wearables,18,34.1,0.026,33.21,29.42,12.89,9.34,0.741,14,464.99,212.99,45.81
367,3,2,0,0,DeltaDock,Accessories,30,54.93,0.067,51.25,50.03,2.44,3.91,0.709,2,102.5,42.5,41.46
367,3,2,0,0,EpsilonCam,Imaging,55,142.18,0.109,126.68,160.52,-21.08,41.83,0.967,4,506.73,286.73,56.58
367,3,2,0,0,ZetaHub,Accessories,22,54.9,0.012,54.24,45.35,19.61,26.12,0.674,12,650.89,386.89,59.44
367,3,2,0,0,EtaDesk,Furniture,80,187.52,0.082,172.14,195.41,-11.91,12.74,0.5,2,344.29,184.29,53.53
367,3,2,0,0,ThetaMat,Accessories,15,36.01,0.115,31.87,37.85,-15.8,89.25,1.409,154,4907.8,2597.8,52.93
368,4,3,0,0,AlphaWatch,Wearables,40,88.83,0.018,87.23,92.62,-5.82,7.62,0.682,2,174.46,94.46,54.14
368,4,3,0,0,BetaBuds,Audio,25,45.58,0.162,38.2,49.78,-23.27,0.89,0.779,9,343.76,118.76,34.55
368,4,3,0,0,GammaBand,Wearables,18,45.76,0.107,40.86,41.5,-1.53,16.1,0.763,19,776.41,434.41,55.95
368,4,3,0,0,DeltaDock,Accessories,30,64.45,0.05,61.23,71.37,-14.21,18.76,0.5,2,122.46,62.46,51.0
368,4,3,0,0,EpsilonCam,Imaging,55,142.63,0.028,138.64,163.42,-15.17,23.36,0.787,2,277.27,167.27,60.33
368,4,3,0,0,ZetaHub,Accessories,22,58.27,0.131,50.64,63.04,-19.68,61.05,1.105,39,1974.83,1116.83,56.55
368,4,3,0,0,EtaDesk,Furniture,80,216.17,0.028,210.12,216.85,-3.1,4.22,0.638,1,210.12,130.12,61.93
368,4,3,0,0,ThetaMat,Accessories,15,36.21,0.095,32.77,38.71,-15.34,22.4,0.715,56,1835.12,995.12,54.23
369,5,4,1,0,AlphaWatch,Wearables,40,69.63,0.066,65.03,70.0,-7.09,77.89,1.009,22,1430.76,550.76,38.49
369,5,4,1,0,BetaBuds,Audio,25,70.85,0.01,70.14,65.89,6.45,23.34,0.63,3,210.42,135.42,64.36
369,5,4,1,0,GammaBand,Wearables,18,41.48,0.013,40.94,51.03,-19.77,20.9,0.716,36,1473.87,825.87,56.03
369,5,4,1,0,DeltaDock,Accessories,30,82.45,0.015,81.21,77.65,4.59,3.09,0.609,1,81.21,51.21,63.06
369,5,4,1,0,EpsilonCam,Imaging,55,117.53,0.169,97.67,112.69,-13.33,149.77,1.5,19,1855.68,810.68,43.69
369,5,4,1,0,ZetaHub,Accessories,22,60.32,0.121,53.02,50.12,5.79,106.38,1.153,33,1749.7,1023.7,58.51
369,5,4,1,0,EtaDesk,Furniture,80,166.56,0.026,162.23,171.84,-5.59,25.31,1.057,5,811.15,411.15,50.69
369,5,4,1,0,ThetaMat,Accessories,15,34.35,0.054,32.5,41.91,-22.46,16.56,0.524,29,942.36,507.36,53.84
370,6,5,1,0,AlphaWatch,Wearables,40,100.93,0.131,87.71,100.82,-13.01,121.29,1.5,21,1841.87,1001.87,54.39
370,6,5,1,0,BetaBuds,Audio,25,60.75,0.263,44.77,67.45,-33.62,14.69,0.999,18,805.91,355.91,44.16
370,6,5,1,0,GammaBand,Wearables,18,45.38,0.055,42.88,53.96,-20.53,47.15,0.725,40,1715.36,995.36,58.03
370,6,5,1,0,DeltaDock,Accessories,30,72.59,0.118,64.02,66.76,-4.1,19.37,0.889,3,192.07,102.07,53.14
370,6,5,1,0,EpsilonCam,Imaging,55,116.49,0.032,112.76,110.55,2.0,2.22,0.704,1,112.76,57.76,51.22
370,6,5,1,0,ZetaHub,Accessories,22,56.98,0.047,54.3,53.5,1.5,16.42,0.776,12,651.62,387.62,59.49
370,6,5,1,0,EtaDesk,Furniture,80,140.81,0.025,137.29,156.6,-12.33,10.74,0.619,2,274.58,114.58,41.73
370,6,5,1,0,ThetaMat,Accessories,15,30.81,0.021,30.16,26.7,12.97,167.28,1.5,164,4946.73,2486.73,50.27
371,0,6,0,0,AlphaWatch,Wearables,40,95.1,0.066,88.82,81.07,9.56,18.09,0.5,5,444.12,244.12,54.97
371,0,6,0,0,BetaBuds,Audio,25,64.96,0.094,58.85,72.41,-18.72,66.97,1.133,15,882.81,507.81,57.52
371,0,6,0,0,GammaBand,Wearables,18,46.87,0.106,41.9,44.35,-5.52,61.96,0.969,26,1089.45,621.45,57.04
371,0,6,0,0,DeltaDock,Accessories,30,76.22,0.105,68.22,81.11,-15.9,35.45,0.739,2,136.43,76.43,56.02
371,0,6,0,0,EpsilonCam,Imaging,55,104.83,0.077,96.76,128.44,-24.67,0.88,0.577,2,193.52,83.52,43.16
371,0,6,0,0,ZetaHub,Accessories,22,52.18,0.14,44.87,54.34,-17.42,10.43,0.848,19,852.62,434.62,50.97
371,0,6,0,0,EtaDesk,Furniture,80,172.57,0.119,152.03,178.94,-15.04,9.47,0.662,2,304.07,144.07,47.38
371,0,6,0,0,ThetaMat,Accessories,15,34.23,0.005,34.06,31.61,7.75,52.75,0.948,41,1396.41,781.41,55.96
372,1,7,0,0,AlphaWatch,Wearables,40,76.25,0.085,69.77,91.53,-23.77,5.64,0.5,4,279.08,119.07,42.67
372,1,7,0,0,BetaBuds,Audio,25,62.26,0.061,58.46,73.07,-19.99,3.45,0.54,6,350.77,200.77,57.24
372,1,7,0,0,GammaBand,Wearables,18,48.42,0.037,46.63,46.63,-0.0,36.25,0.88,18,839.31,515.31,61.4
372,1,7,0,0,DeltaDock,Accessories,30,60.7,0.172,50.26,66.69,-24.64,46.88,0.923,9,452.34,182.34,40.31
372,1,7,0,0,EpsilonCam,Imaging,55,146.62,0.015,144.42,119.18,21.18,34.89,0.778,2,288.84,178.84,61.92
372,1,7,0,0,ZetaHub,Accessories,22,47.64,0.056,44.97,49.98,-10.02,134.89,1.491,45,2023.75,1033.75,51.08
372,1,7,0,0,EtaDesk,Furniture,80,143.29,0.109,127.67,168.6,-24.28,24.58,0.676,5,638.36,238.36,37.34
372,1,7,0,0,ThetaMat,Accessories,15,40.08,0.003,39.96,36.52,9.42,0.96,0.698,3,119.88,74.88,62.46
373,2,8,0,0,AlphaWatch,Wearables,40,86.01,0.027,83.69,78.19,7.03,56.55,1.042,10,836.88,436.88,52.2
373,2,8,0,0,BetaBuds,Audio,25,48.23,0.007,47.89,44.61,7.36,74.55,0.96,30,1436.77,686.77,47.8
373,2,8,0,0,GammaBand,Wearables,18,36.98,0.077,34.13,33.47,1.98,14.44,0.859,27,921.58,435.58,47.26
373,2,8,0,0,DeltaDock,Accessories,30,78.71,0.053,74.54,78.8,-5.41,13.33,0.551,1,74.54,44.54,59.75
373,2,8,0,0,EpsilonCam,Imaging,55,134.65,0.04,129.26,159.52,-18.97,45.08,1.114,3,387.79,222.79,57.45
373,2,8,0,0,ZetaHub,Accessories,22,53.85,0.089,49.06,48.97,0.18,5.99,0.787,8,392.46,216.46,55.15
373,2,8,0,0,EtaDesk,Furniture,80,180.94,0.094,163.93,164.8,-0.53,11.5,0.551,3,491.79,251.79,51.2
373,2,8,0,0,ThetaMat,Accessories,15,25.99,0.115,23.0,28.87,-20.33,27.35,0.652,101,2323.12,808.12,34.79
374,3,9,0,0,AlphaWatch,Wearables,40,73.59,0.15,62.55,60.39,3.58,30.77,0.673,13,813.17,293.17,36.05
374,3,9,0,0,BetaBuds,Audio,25,57.29,0.057,54.02,60.85,-11.22,2.73,0.515,5,270.12,145.12,53.72
374,3,9,0,0,GammaBand,Wearables,18,40.3,0.105,36.07,35.29,2.21,11.53,0.5,16,577.1,289.1,50.09
374,3,9,0,0,DeltaDock,Accessories,30,57.8,0.131,50.23,57.28,-12.31,7.62,0.582,2,100.46,40.46,40.27
374,3,9,0,0,EpsilonCam,Imaging,55,147.89,0.035,142.71,124.03,15.06,26.37,1.032,2,285.43,175.43,61.46
374,3,9,0,0,ZetaHub,Accessories,22,51.22,0.052,48.56,54.79,-11.38,4.61,0.588,6,291.34,159.34,54.69
374,3,9,0,0,EtaDesk,Furniture,80,183.35,0.06,172.35,202.32,-14.81,0.1,0.659,1,172.35,92.35,53.58
374,3,9,0,0,ThetaMat,Accessories,15,41.06,0.03,39.83,32.63,22.06,1.27,0.877,4,159.31,99.31,62.34
375,4,10,0,0,AlphaWatch,Wearables,40,96.34,0.129,83.91,104.41,-19.63,20.34,0.672,3,251.74,131.74,52.33
375,4,10,0,0,BetaBuds,Audio,25,65.91,0.003,65.71,73.51,-10.61,30.33,0.5,8,525.7,325.7,61.96
375,4,10,0,0,GammaBand,Wearables,18,34.13,0.08,31.4,29.32,7.09,15.62,0.724,43,1350.18,576.18,42.67
375,4,10,0,0,DeltaDock,Accessories,30,70.34,0.032,68.09,65.24,4.37,7.41,0.778,1,68.09,38.09,55.94
375,4,10,0,0,EpsilonCam,Imaging,55,128.97,0.144,110.4,107.59,2.61,35.26,0.721,3,331.19,166.19,50.18
375,4,10,0,0,ZetaHub,Accessories,22,47.78,0.09,43.48,47.91,-9.25,18.46,0.5,16,695.68,343.68,49.4
375,4,10,0,0,EtaDesk,Furniture,80,156.39,0.037,150.6,175.53,-14.2,66.8,1.039,4,602.41,282.41,46.88
375,4,10,0,0,ThetaMat,Accessories,15,39.97,0.072,37.09,41.86,-11.39,32.88,0.695,12,445.11,265.11,59.56
376,5,11,1,0,AlphaWatch,Wearables,40,91.02,0.178,74.82,77.77,-3.8,3.8,0.5,2,149.64,69.64,46.54
376,5,11,1,0,BetaBuds,Audio,25,47.37,0.026,46.14,37.62,22.64,41.02,0.838,13,599.8,274.8,45.82
376,5,11,1,0,GammaBand,Wearables,18,50.04,0.063,46.89,52.77,-11.15,51.95,0.95,33,1547.29,953.29,61.61
376,5,11,1,0,DeltaDock,Accessories,30,59.32,0.109,52.85,66.9,-21.0,52.3,0.732,6,317.12,137.12,43.24
376,5,11,1,0,EpsilonCam,Imaging,55,98.55,0.045,94.12,96.36,-2.33,11.65,0.699,5,470.58,195.58,41.56
376,5,11,1,0,ZetaHub,Accessories,22,57.62,0.055,54.45,57.88,-5.92,19.76,0.64,15,816.76,486.76,59.6
376,5,11,1,0,EtaDesk,Furniture,80,226.46,0.155,191.36,194.29,-1.51,22.74,0.634,3,574.08,334.08,58.19
376,5,11,1,0,ThetaMat,Accessories,15,31.08,0.03,30.15,35.52,-15.13,0.32,0.534,12,361.77,181.77,50.24
377,6,12,1,0,AlphaWatch,Wearables,40,88.62,0.131,77.01,92.14,-16.42,33.47,0.676,6,462.06,222.06,48.06
377,6,12,1,0,BetaBuds,Audio,25,46.71,0.073,43.3,49.77,-13.0,33.72,0.818,12,519.6,219.6,42.26
377,6,12,1,0,GammaBand,Wearables,18,35.97,0.041,34.5,33.7,2.36,96.31,1.366,52,1793.75,857.75,47.82
377,6,12,1,0,DeltaDock,Accessories,30,67.5,0.102,60.62,83.88,-27.74,7.8,0.5,1,60.62,30.62,50.51
377,6,12,1,0,EpsilonCam,Imaging,55,154.33,0.031,149.55,168.42,-11.21,17.2,0.76,1,149.55,94.55,63.22
377,6,12,1,0,ZetaHub,Accessories,22,54.5,0.075,50.41,65.38,-22.89,20.1,0.612,15,756.19,426.19,56.36
377,6,12,1,0,EtaDesk,Furniture,80,175.46,0.093,159.14,170.17,-6.48,7.73,0.528,2,318.28,158.28,49.73
377,6,12,1,0,ThetaMat,Accessories,15,34.46,0.08,31.7,35.73,-11.27,31.58,0.888,37,1173.02,618.02,52.69
378,0,13,0,0,AlphaWatch,Wearables,40,91.36,0.067,85.24,110.66,-22.97,45.02,0.766,7,596.67,316.67,53.07
378,0,13,0,0,BetaBuds,Audio,25,50.29,0.13,43.75,61.29,-28.61,23.26,0.554,9,393.77,168.77,42.86
378,0,13,0,0,GammaBand,Wearables,18,39.94,0.05,37.94,45.07,-15.81,24.95,0.693,32,1214.18,638.18,52.56
378,0,13,0,0,DeltaDock,Accessories,30,48.68,0.028,47.32,54.24,-12.76,53.15,0.864,4,189.27,69.27,36.6
378,0,13,0,0,EpsilonCam,Imaging,55,143.37,0.118,126.45,172.02,-26.49,10.44,0.695,1,126.45,71.45,56.51
378,0,13,0,0,ZetaHub,Accessories,22,46.8,0.04,44.93,52.02,-13.63,20.79,0.952,16,718.85,366.85,51.03
378,0,13,0,0,EtaDesk,Furniture,80,156.31,0.089,142.4,137.12,3.85,40.19,0.649,4,569.59,249.59,43.82
378,0,13,0,0,ThetaMat,Accessories,15,30.17,0.113,26.76,31.4,-14.77,1.56,0.5,23,615.5,270.5,43.95
379,1,14,0,0,AlphaWatch,Wearables,40,104.29,0.055,98.55,95.3,3.41,6.75,0.54,2,197.11,117.11,59.41
379,1,14,0,0,BetaBuds,Audio,25,55.78,0.008,55.33,64.52,-14.24,51.57,0.981,13,719.34,394.34,54.82
379,1,14,0,0,GammaBand,Wearables,18,43.84,0.098,39.54,42.03,-5.92,5.16,0.724,9,355.89,193.89,54.48
379,1,14,0,0,DeltaDock,Accessories,30,54.24,0.129,47.24,50.18,-5.85,4.65,0.703,2,94.49,34.49,36.5
379,1,14,0,0,EpsilonCam,Imaging,55,129.72,0.115,114.8,143.86,-20.2,2.87,0.5,1,114.8,59.8,52.09
379,1,14,0,0,ZetaHub,Accessories,22,55.11,0.182,45.08,54.12,-16.7,25.48,0.909,24,1081.92,553.92,51.2
379,1,14,0,0,EtaDesk,Furniture,80,209.99,0.063,196.76,188.85,4.19,22.37,0.897,3,590.28,350.28,59.34
379,1,14,0,0,ThetaMat,Accessories,15,39.57,0.014,39.02,43.45,-10.2,21.82,0.53,15,585.24,360.24,61.55
380,2,15,0,0,AlphaWatch,Wearables,40,110.92,0.04,106.48,107.46,-0.91,94.94,1.423,9,958.35,598.35,62.44
380,2,15,0,0,BetaBuds,Audio,25,56.26,0.086,51.42,63.85,-19.46,33.89,0.895,21,1079.85,554.85,51.38
380,2,15,0,0,GammaBand,Wearables,18,52.5,0.123,46.04,49.02,-6.07,11.36,0.5,7,322.3,196.3,60.91
380,2,15,0,0,DeltaDock,Accessories,30,70.15,0.186,57.1,64.59,-11.59,1.84,0.68,1,57.1,27.1,47.46
380,2,15,0,0,EpsilonCam,Imaging,55,120.53,0.14,103.66,135.43,-23.46,5.99,0.515,2,207.31,97.31,46.94
380,2,15,0,0,ZetaHub,Accessories,22,43.7,0.023,42.69,52.2,-18.21,72.66,1.269,40,1707.8,827.8,48.47
380,2,15,0,0,EtaDesk,Furniture,80,139.64,0.007,138.66,139.01,-0.25,33.72,0.614,5,693.31,293.31,42.31
380,2,15,0,0,ThetaMat,Accessories,15,27.64,0.057,26.06,25.1,3.84,1.71,0.5,11,286.71,121.71,42.45
381,3,16,0,0,AlphaWatch,Wearables,40,87.63,0.02,85.88,94.64,-9.26,45.26,0.803,5,429.39,229.39,53.42
381,3,16,0,0,BetaBuds,Audio,25,44.71,0.107,39.93,35.29,13.14,41.95,0.79,24,958.22,358.22,37.38
381,3,16,0,0,GammaBand,Wearables,18,39.1,0.055,36.95,40.02,-7.67,29.45,0.642,24,886.79,454.79,51.28
381,3,16,0,0,DeltaDock,Accessories,30,78.56,0.044,75.1,61.04,23.04,0.92,0.5,0,0.0,0.0,60.06
381,3,16,0,0,EpsilonCam,Imaging,55,150.91,0.042,144.57,143.01,1.09,5.32,0.609,1,144.57,89.57,61.96
381,3,16,0,0,ZetaHub,Accessories,22,50.22,0.039,48.26,55.52,-13.07,35.7,0.913,18,868.71,472.71,54.41
381,3,16,0,0,EtaDesk,Furniture,80,224.15,0.09,203.98,250.65,-18.62,17.58,0.919,4,815.91,495.91,60.78
381,3,16,0,0,ThetaMat,Accessories,15,38.37,0.186,31.23,42.14,-25.88,4.71,0.781,18,562.2,292.2,51.97
382,4,17,0,0,AlphaWatch,Wearables,40,105.06,0.001,104.95,126.11,-16.78,32.67,0.665,3,314.86,194.86,61.89
382,4,17,0,0,BetaBuds,Audio,25,54.43,0.041,52.2,57.22,-8.78,4.48,0.564,6,313.19,163.19,52.11
382,4,17,0,0,GammaBand,Wearables,18,40.52,0.061,38.05,38.4,-0.92,21.54,0.909,22,837.06,441.06,52.69
382,4,17,0,0,DeltaDock,Accessories,30,69.16,0.121,60.79,75.08,-19.03,17.28,0.649,3,182.37,92.37,50.65
382,4,17,0,0,EpsilonCam,Imaging,55,143.43,0.117,126.65,124.65,1.6,23.83,0.64,3,379.95,214.95,56.57
382,4,17,0,0,ZetaHub,Accessories,22,43.94,0.058,41.39,45.36,-8.75,76.14,1.5,52,2152.36,1008.36,46.85
382,4,17,0,0,EtaDesk,Furniture,80,207.46,0.041,198.95,221.69,-10.26,106.02,1.181,8,1591.63,951.63,59.79
382,4,17,0,0,ThetaMat,Accessories,15,35.17,0.105,31.48,36.07,-12.73,8.93,0.629,20,629.54,329.54,52.35
383,5,18,1,0,AlphaWatch,Wearables,40,111.18,0.066,103.84,103.12,0.7,8.84,0.586,1,103.84,63.84,61.48
383,5,18,1,0,BetaBuds,Audio,25,50.14,0.124,43.92,60.84,-27.81,6.12,0.5,7,307.46,132.46,43.08
383,5,18,1,0,GammaBand,Wearables,18,37.04,0.141,31.82,44.57,-28.61,45.92,0.879,84,2672.66,1160.66,43.43
383,5,18,1,0,DeltaDock,Accessories,30,72.48,0.293,51.24,77.35,-33.75,4.98,0.5,1,51.24,21.24,41.46
383,5,18,1,0,EpsilonCam,Imaging,55,146.31,0.019,143.53,156.73,-8.42,38.51,0.925,6,861.18,531.18,61.68
383,5,18,1,0,ZetaHub,Accessories,22,53.84,0.006,53.52,59.16,-9.54,15.55,0.5,8,428.14,252.14,58.89
383,5,18,1,0,EtaDesk,Furniture,80,177.84,0.006,176.77,178.32,-0.87,20.33,0.867,3,530.32,290.32,54.74
383,5,18,1,0,ThetaMat,Accessories,15,35.58,0.065,33.27,28.17,18.09,37.82,0.702,26,864.95,474.95,54.91
384,6,19,1,0,AlphaWatch,Wearables,40,71.18,0.081,65.41,88.22,-25.85,2.0,0.538,2,130.83,50.83,38.85
384,6,19,1,0,BetaBuds,Audio,25,51.6,0.033,49.9,54.34,-8.18,52.24,0.873,31,1546.81,771.81,49.9
384,6,19,1,0,GammaBand,Wearables,18,41.32,0.053,39.13,45.41,-13.83,40.95,0.988,30,1173.9,633.9,54.0
384,6,19,1,0,DeltaDock,Accessories,30,70.39,0.065,65.81,71.47,-7.91,15.82,0.601,2,131.63,71.63,54.42
384,6,19,1,0,EpsilonCam,Imaging,55,151.42,0.101,136.13,160.8,-15.34,3.14,0.5,1,136.13,81.13,59.6
384,6,19,1,0,ZetaHub,Accessories,22,45.65,0.006,45.38,51.03,-11.08,4.9,0.767,7,317.63,163.63,51.52
384,6,19,1,0,EtaDesk,Furniture,80,221.35,0.06,208.07,234.16,-11.14,26.39,0.898,2,416.14,256.14,61.55
384,6,19,1,0,ThetaMat,Accessories,15,27.47,0.077,25.35,27.26,-6.99,61.3,0.854,81,2053.74,838.74,40.84
385,0,20,0,0,AlphaWatch,Wearables,40,105.22,0.05,99.96,88.58,12.85,111.3,1.213,7,699.71,419.71,59.98
385,0,20,0,0,BetaBuds,Audio,25,72.01,0.047,68.63,66.85,2.66,13.78,0.658,3,205.88,130.88,63.57
385,0,20,0,0,GammaBand,Wearables,18,47.59,0.052,45.12,47.82,-5.66,23.23,0.599,16,721.85,433.85,60.1
385,0,20,0,0,DeltaDock,Accessories,30,76.59,0.123,67.17,86.52,-22.37,88.1,1.184,4,268.68,148.68,55.34
385,0,20,0,0,EpsilonCam,Imaging,55,122.54,0.033,118.5,117.69,0.69,15.84,0.749,3,355.49,190.49,53.59
385,0,20,0,0,ZetaHub,Accessories,22,52.28,0.055,49.4,57.83,-14.57,16.96,0.726,9,444.64,246.64,55.47
385,0,20,0,0,EtaDesk,Furniture,80,198.47,0.142,170.29,175.54,-2.99,26.68,0.725,2,340.57,180.57,53.02
385,0,20,0,0,ThetaMat,Accessories,15,29.54,0.007,29.33,29.72,-1.3,17.55,0.662,20,586.66,286.66,48.86
386,1,21,0,0,AlphaWatch,Wearables,40,75.13,0.097,67.84,89.87,-24.51,16.76,0.5,5,339.21,139.21,41.04
386,1,21,0,0,BetaBuds,Audio,25,56.13,0.053,53.16,58.81,-9.62,14.35,0.715,7,372.09,197.09,52.97
386,1,21,0,0,GammaBand,Wearables,18,37.51,0.064,35.11,38.39,-8.55,39.27,0.916,34,1193.72,581.72,48.73
386,1,21,0,0,DeltaDock,Accessories,30,76.47,0.17,63.47,65.94,-3.75,1.5,0.5,1,63.47,33.47,52.73
386,1,21,0,0,EpsilonCam,Imaging,55,145.29,0.027,141.37,134.92,4.78,28.27,0.946,5,706.84,431.84,61.09
386,1,21,0,0,ZetaHub,Accessories,22,54.92,0.01,54.37,58.73,-7.42,22.9,0.689,5,271.85,161.85,59.54
386,1,21,0,0,EtaDesk,Furniture,80,198.89,0.086,181.79,197.65,-8.03,8.64,0.522,2,363.57,203.57,55.99
386,1,21,0,0,ThetaMat,Accessories,15,29.92,0.121,26.3,28.38,-7.33,38.11,0.892,88,2314.37,994.37,42.97
387,2,22,0,0,AlphaWatch,Wearables,40,86.43,0.06,81.24,80.11,1.42,0.1,0.575,1,81.24,41.24,50.77
387,2,22,0,0,BetaBuds,Audio,25,67.95,0.164,56.81,64.52,-11.96,31.87,0.949,9,511.26,286.26,55.99
387,2,22,0,0,GammaBand,Wearables,18,48.91,0.006,48.62,56.55,-14.03,17.48,0.741,9,437.55,275.55,62.98
387,2,22,0,0,DeltaDock,Accessories,30,76.66,0.138,66.08,68.75,-3.88,47.84,0.73,3,198.24,108.24,54.6
387,2,22,0,0,EpsilonCam,Imaging,55,122.48,0.166,102.15,132.84,-23.1,8.48,0.622,4,408.59,188.59,46.16
387,2,22,0,0,ZetaHub,Accessories,22,49.48,0.031,47.95,49.26,-2.67,2.43,0.757,7,335.62,181.62,54.12
387,2,22,0,0,EtaDesk,Furniture,80,171.92,0.12,151.29,170.64,-11.34,37.16,1.048,3,453.87,213.87,47.12
387,2,22,0,0,ThetaMat,Accessories,15,41.23,0.159,34.67,47.59,-27.14,49.37,1.108,42,1456.33,826.33,56.74
388,3,23,0,0,AlphaWatch,Wearables,40,73.47,0.042,70.38,86.01,-18.17,10.14,0.553,3,211.15,91.15,43.17
388,3,23,0,0,BetaBuds,Audio,25,64.36,0.087,58.76,61.25,-4.06,20.12,0.584,3,176.28,101.28,57.45
388,3,23,0,0,GammaBand,Wearables,18,45.3,0.073,41.99,47.51,-11.61,7.14,0.66,12,503.92,287.92,57.14
388,3,23,0,0,DeltaDock,Accessories,30,52.15,0.099,46.99,48.93,-3.97,20.68,0.5,3,140.96,50.96,36.15
388,3,23,0,0,EpsilonCam,Imaging,55,105.68,0.148,90.04,125.64,-28.34,21.86,0.709,4,360.16,140.16,38.92
388,3,23,0,0,ZetaHub,Accessories,22,48.34,0.048,46.02,51.17,-10.07,2.38,0.694,7,322.14,168.14,52.19
388,3,23,0,0,EtaDesk,Furniture,80,188.07,0.008,186.57,191.81,-2.73,25.93,0.89,2,373.13,213.13,57.12
388,3,23,0,0,ThetaMat,Accessories,15,31.33,0.102,28.13,33.5,-16.02,75.97,1.152,55,1547.39,722.39,46.68
389,4,24,0,0,AlphaWatch,Wearables,40,102.07,0.085,93.39,97.25,-3.96,48.85,0.704,6,560.36,320.36,57.17
389,4,24,0,0,BetaBuds,Audio,25,60.88,0.064,56.98,62.6,-8.97,8.78,0.5,6,341.9,191.9,56.13
389,4,24,0,0,GammaBand,Wearables,18,44.63,0.049,42.44,42.59,-0.34,83.14,1.376,56,2376.82,1368.82,57.59
389,4,24,0,0,DeltaDock,Accessories,30,50.82,0.011,50.26,54.05,-7.01,11.18,0.718,2,100.52,40.52,40.31
389,4,24,0,0,EpsilonCam,Imaging,55,98.77,0.057,93.14,113.73,-18.1,5.93,0.5,2,186.28,76.28,40.95
389,4,24,0,0,ZetaHub,Accessories,22,53.15,0.029,51.61,58.95,-12.45,43.09,1.05,14,722.52,414.52,57.37
389,4,24,0,0,EtaDesk,Furniture,80,150.92,0.033,145.94,164.7,-11.39,5.89,0.5,2,291.88,131.88,45.18
389,4,24,0,0,ThetaMat,Accessories,15,30.82,0.124,27.0,29.32,-7.92,124.73,1.5,137,3698.77,1643.77,44.44
390,5,25,1,0,AlphaWatch,Wearables,40,86.5,0.055,81.74,87.98,-7.09,1.43,0.529,3,245.23,125.23,51.07
390,5,25,1,0,BetaBuds,Audio,25,48.34,0.081,44.42,52.04,-14.63,35.34,0.96,17,755.22,330.22,43.72
390,5,25,1,0,GammaBand,Wearables,18,34.51,0.124,30.23,41.22,-26.66,24.44,0.766,99,2992.85,1210.85,40.46
390,5,25,1,0,DeltaDock,Accessories,30,61.77,0.163,51.7,71.87,-28.06,96.81,1.391,10,517.01,217.01,41.97
390,5,25,1,0,EpsilonCam,Imaging,55,147.51,0.005,146.77,131.47,11.64,20.21,0.698,2,293.54,183.54,62.53
390,5,25,1,0,ZetaHub,Accessories,22,50.13,0.002,50.03,57.33,-12.73,39.12,0.847,26,1300.77,728.77,56.03
390,5,25,1,0,EtaDesk,Furniture,80,169.79,0.018,166.73,173.77,-4.05,85.84,1.111,9,1500.6,780.6,52.02
390,5,25,1,0,ThetaMat,Accessories,15,42.32,0.028,41.14,45.2,-8.99,26.0,0.888,18,740.43,470.43,63.53
391,6,26,1,0,AlphaWatch,Wearables,40,104.1,0.027,101.29,109.97,-7.89,10.07,0.638,3,303.87,183.87,60.51
391,6,26,1,0,BetaBuds,Audio,25,53.58,0.023,52.35,52.32,0.05,35.64,0.895,13,680.52,355.52,52.24
391,6,26,1,0,GammaBand,Wearables,18,41.5,0.187,33.74,43.73,-22.85,10.68,0.646,32,1079.66,503.66,46.65
391,6,26,1,0,DeltaDock,Accessories,30,79.17,0.02,77.59,93.61,-17.12,10.37,0.5,1,77.59,47.59,61.33
391,6,26,1,0,EpsilonCam,Imaging,55,112.67,0.002,112.44,108.96,3.2,50.33,0.828,4,449.78,229.78,51.09
391,6,26,1,0,ZetaHub,Accessories,22,46.53,0.053,44.06,47.97,-8.14,7.75,0.5,7,308.45,154.45,50.07
391,6,26,1,0,EtaDesk,Furniture,80,162.78,0.05,154.64,195.01,-20.7,135.02,1.5,13,2010.33,970.33,48.27
391,6,26,1,0,ThetaMat,Accessories,15,38.2,0.157,32.2,36.16,-10.94,131.55,1.5,84,2705.02,1445.02,53.42
392,0,27,0,0,AlphaWatch,Wearables,40,85.58,0.098,77.19,89.06,-13.32,39.15,0.668,9,694.74,334.74,48.18
392,0,27,0,0,BetaBuds,Audio,25,48.11,0.011,47.58,45.32,4.99,10.14,0.579,4,190.32,90.32,47.46
392,0,27,0,0,GammaBand,Wearables,18,43.89,0.128,38.27,45.46,-15.81,0.1,0.5,6,229.63,121.63,52.97
392,0,27,0,0,DeltaDock,Accessories,30,67.38,0.062,63.2,80.83,-21.81,41.73,0.69,6,379.21,199.21,52.53
392,0,27,0,0,EpsilonCam,Imaging,55,116.36,0.035,112.29,136.82,-17.93,47.63,0.564,8,898.3,458.3,51.02
392,0,27,0,0,ZetaHub,Accessories,22,51.46,0.065,48.12,56.98,-15.56,32.65,0.575,14,673.61,365.61,54.28
392,0,27,0,0,EtaDesk,Furniture,80,214.64,0.101,192.96,233.96,-17.52,4.01,0.5,1,192.96,112.96,58.54
392,0,27,0,0,ThetaMat,Accessories,15,27.21,0.016,26.77,24.88,7.62,58.66,0.91,37,990.66,435.66,43.98
393,1,28,0,0,AlphaWatch,Wearables,40,100.11,0.009,99.21,107.1,-7.37,25.27,0.649,4,396.84,236.84,59.68
393,1,28,0,0,BetaBuds,Audio,25,62.99,0.055,59.53,80.01,-25.6,9.07,0.5,4,238.1,138.1,58.0
393,1,28,0,0,GammaBand,Wearables,18,51.07,0.103,45.81,58.15,-21.22,72.3,0.927,16,732.96,444.96,60.71
393,1,28,0,0,DeltaDock,Accessories,30,80.9,0.072,75.08,90.67,-17.2,8.28,0.5,1,75.08,45.08,60.04
393,1,28,0,0,EpsilonCam,Imaging,55,132.79,0.115,117.52,119.49,-1.65,0.54,0.5,1,117.52,62.52,53.2
393,1,28,0,0,ZetaHub,Accessories,22,48.9,0.012,48.31,47.18,2.4,53.46,0.814,33,1594.34,868.34,54.46
393,1,28,0,0,EtaDesk,Furniture,80,207.44,0.037,199.76,205.89,-2.98,6.17,0.5,1,199.76,119.76,59.95
393,1,28,0,0,ThetaMat,Accessories,15,42.12,0.129,36.69,35.01,4.79,13.04,0.5,16,586.98,346.98,59.11
394,2,29,0,0,AlphaWatch,Wearables,40,91.05,0.061,85.5,104.89,-18.49,107.2,1.226,12,1025.95,545.95,53.21
394,2,29,0,0,BetaBuds,Audio,25,56.5,0.096,51.08,62.97,-18.89,3.63,0.56,7,357.53,182.53,51.05
394,2,29,0,0,GammaBand,Wearables,18,41.62,0.05,39.54,36.74,7.62,17.94,0.508,19,751.24,409.24,54.48
394,2,29,0,0,DeltaDock,Accessories,30,58.34,0.012,57.64,70.19,-17.88,33.03,0.693,4,230.56,110.56,47.95
394,2,29,0,0,EpsilonCam,Imaging,55,107.21,0.009,106.25,108.18,-1.79,57.01,0.945,4,424.98,204.98,48.23
394,2,29,0,0,ZetaHub,Accessories,22,50.14,0.017,49.29,59.82,-17.61,12.23,0.579,8,394.3,218.3,55.36
394,2,29,0,0,EtaDesk,Furniture,80,171.27,0.047,163.22,193.2,-15.52,103.3,1.373,8,1305.76,665.76,50.99
394,2,29,0,0,ThetaMat,Accessories,15,42.04,0.091,38.21,40.35,-5.29,18.07,0.666,8,305.71,185.71,60.75
395,3,30,0,0,AlphaWatch,Wearables,40,82.34,0.056,77.73,75.34,3.17,8.85,0.672,3,233.19,113.19,48.54
395,3,30,0,0,BetaBuds,Audio,25,53.44,0.008,53.01,53.32,-0.58,5.04,0.758,4,212.05,112.05,52.84
395,3,30,0,0,GammaBand,Wearables,18,44.48,0.005,44.26,43.71,1.25,16.61,0.912,10,442.58,262.58,59.33
395,3,30,0,0,DeltaDock,Accessories,30,57.56,0.186,46.85,70.37,-33.42,52.88,0.741,6,281.12,101.12,35.97
395,3,30,0,0,EpsilonCam,Imaging,55,125.58,0.158,105.74,141.01,-25.01,10.69,0.5,2,211.48,101.48,47.98
395,3,30,0,0,ZetaHub,Accessories,22,50.99,0.102,45.79,60.35,-24.13,85.97,1.371,40,1831.56,951.56,51.95
395,3,30,0,0,EtaDesk,Furniture,80,180.51,0.053,170.94,205.68,-16.89,15.35,0.674,2,341.89,181.89,53.2
395,3,30,0,0,ThetaMat,Accessories,15,28.05,0.228,21.65,31.87,-32.05,14.29,0.572,79,1710.71,525.71,30.73
396,4,31,0,0,AlphaWatch,Wearables,40,98.1,0.036,94.57,97.02,-2.53,105.12,1.342,11,1040.25,600.25,57.7
396,4,31,0,0,BetaBuds,Audio,25,66.9,0.072,62.08,78.39,-20.8,16.1,0.664,7,434.58,259.58,59.73
396,4,31,0,0,GammaBand,Wearables,18,49.84,0.135,43.11,48.19,-10.54,39.82,0.791,25,1077.79,627.79,58.25
396,4,31,0,0,DeltaDock,Accessories,30,83.07,0.011,82.16,71.91,14.25,63.48,0.843,3,246.47,156.47,63.48
396,4,31,0,0,EpsilonCam,Imaging,55,117.6,0.121,103.37,131.22,-21.22,21.33,0.547,2,206.74,96.74,46.79
396,4,31,0,0,ZetaHub,Accessories,22,46.18,0.049,43.92,40.08,9.57,35.93,0.661,12,527.01,263.01,49.91
396,4,31,0,0,EtaDesk,Furniture,80,184.14,0.12,162.04,153.82,5.35,102.45,1.299,5,810.22,410.22,50.63
396,4,31,0,0,ThetaMat,Accessories,15,38.03,0.096,34.38,41.18,-16.52,18.03,0.521,20,687.58,387.58,56.37
397,5,32,1,0,AlphaWatch,Wearables,40,82.92,0.001,82.84,78.66,5.31,37.53,0.76,12,994.04,514.04,51.71
397,5,32,1,0,BetaBuds,Audio,25,46.95,0.084,43.01,54.12,-20.54,21.09,0.73,15,645.09,270.09,41.87
397,5,32,1,0,GammaBand,Wearables,18,33.2,0.032,32.14,23.61,36.12,91.97,1.316,61,1960.39,862.39,43.99
397,5,32,1,0,DeltaDock,Accessories,30,66.3,0.048,63.12,73.15,-13.71,36.33,0.925,4,252.47,132.47,52.47
397,5,32,1,0,EpsilonCam,Imaging,55,135.75,0.029,131.81,139.95,-5.81,56.89,1.142,5,659.07,384.07,58.27
397,5,32,1,0,ZetaHub,Accessories,22,46.6,0.098,42.03,42.61,-1.35,3.64,0.5,10,420.33,200.33,47.66
397,5,32,1,0,EtaDesk,Furniture,80,145.41,0.086,132.9,134.45,-1.15,1.25,0.5,2,265.81,105.81,39.81
397,5,32,1,0,ThetaMat,Accessories,15,36.18,0.041,34.7,32.27,7.52,3.53,0.686,9,312.27,177.27,56.77
398,6,33,1,0,AlphaWatch,Wearables,40,92.99,0.06,87.41,111.9,-21.89,22.84,0.789,6,524.46,284.46,54.24
398,6,33,1,0,BetaBuds,Audio,25,53.86,0.111,47.88,51.63,-7.26,22.01,0.655,16,766.1,366.1,47.79
398,6,33,1,0,GammaBand,Wearables,18,46.74,0.236,35.71,50.76,-29.65,3.95,0.5,13,464.22,230.22,49.59
398,6,33,1,0,DeltaDock,Accessories,30,55.55,0.047,52.94,65.65,-19.36,48.96,0.764,6,317.63,137.63,43.33
398,6,33,1,0,EpsilonCam,Imaging,55,132.89,0.083,121.86,145.0,-15.96,43.21,0.964,5,609.3,334.3,54.87
398,6,33,1,0,ZetaHub,Accessories,22,63.64,0.089,57.98,66.76,-13.16,0.13,0.883,3,173.93,107.93,62.05
398,6,33,1,0,EtaDesk,Furniture,80,151.99,0.054,143.78,152.93,-5.98,62.56,0.665,5,718.91,318.91,44.36
398,6,33,1,0,ThetaMat,Accessories,15,28.31,0.035,27.32,27.9,-2.08,3.44,0.65,23,628.34,283.34,45.09
399,0,34,0,0,AlphaWatch,Wearables,40,83.99,0.13,73.07,73.42,-0.47,126.45,1.5,23,1680.64,760.64,45.26
399,0,34,0,0,BetaBuds,Audio,25,56.3,0.164,47.07,66.82,-29.56,8.38,0.5,6,282.4,132.4,46.88
399,0,34,0,0,GammaBand,Wearables,18,34.45,0.116,30.45,35.86,-15.08,4.07,0.751,19,578.62,236.62,40.89
399,0,34,0,0,DeltaDock,Accessories,30,63.71,0.011,63.01,71.19,-11.49,55.41,0.947,3,189.03,99.03,52.39
399,0,34,0,0,EpsilonCam,Imaging,55,105.78,0.053,100.17,103.7,-3.4,43.38,0.835,7,701.22,316.22,45.1
399,0,34,0,0,ZetaHub,Accessories,22,58.02,0.077,53.55,59.32,-9.72,25.46,0.824,10,535.52,315.52,58.92
399,0,34,0,0,EtaDesk,Furniture,80,214.34,0.069,199.55,233.75,-14.63,0.29,0.5,1,199.55,119.55,59.91
399,0,34,0,0,ThetaMat,Accessories,15,28.6,0.107,25.54,26.67,-4.24,53.99,0.967,107,2732.76,1127.76,41.27
400,1,35,0,0,AlphaWatch,Wearables,40,108.01,0.034,104.34,108.15,-3.53,1.45,0.5,2,208.68,128.68,61.66
400,1,35,0,0,BetaBuds,Audio,25,67.25,0.138,57.97,70.3,-17.54,12.04,0.713,4,231.88,131.88,56.87
400,1,35,0,0,GammaBand,Wearables,18,35.03,0.021,34.29,33.7,1.76,13.58,0.571,15,514.42,244.42,47.51
400,1,35,0,0,DeltaDock,Accessories,30,68.72,0.067,64.12,72.2,-11.2,21.09,0.602,2,128.23,68.23,53.21
400,1,35,0,0,EpsilonCam,Imaging,55,123.99,0.109,110.48,128.69,-14.15,7.93,0.5,2,220.95,110.95,50.22
400,1,35,0,0,ZetaHub,Accessories,22,49.17,0.101,44.2,63.35,-30.22,17.56,0.5,13,574.65,288.65,50.23
400,1,35,0,0,EtaDesk,Furniture,80,160.77,0.084,147.27,180.92,-18.6,89.7,1.197,6,883.59,403.59,45.68
400,1,35,0,0,ThetaMat,Accessories,15,31.27,0.055,29.55,25.02,18.11,56.41,1.089,32,945.6,465.6,49.24
401,2,36,0,0,AlphaWatch,Wearables,40,92.36,0.026,89.96,94.51,-4.82,13.19,0.5,2,179.92,99.92,55.54
401,2,36,0,0,BetaBuds,Audio,25,54.78,0.087,50.01,58.14,-13.98,19.58,0.708,10,500.14,250.14,50.01
401,2,36,0,0,GammaBand,Wearables,18,34.08,0.159,28.66,33.66,-14.85,8.71,0.5,33,945.82,351.82,37.2
401,2,36,0,0,DeltaDock,Accessories,30,68.3,0.118,60.24,77.05,-21.82,92.78,1.121,6,361.44,181.44,50.2
401,2,36,0,0,EpsilonCam,Imaging,55,124.81,0.118,110.08,128.73,-14.49,10.12,0.508,2,220.16,110.16,50.04
401,2,36,0,0,ZetaHub,Accessories,22,50.66,0.034,48.94,52.66,-7.07,24.96,0.742,12,587.25,323.25,55.04
401,2,36,0,0,EtaDesk,Furniture,80,152.66,0.109,136.02,150.06,-9.36,169.31,1.5,13,1768.26,728.26,41.19
401,2,36,0,0,ThetaMat,Accessories,15,38.4,0.025,37.44,47.17,-20.63,7.85,0.5,6,224.64,134.64,59.94
402,3,37,0,0,AlphaWatch,Wearables,40,79.11,0.095,71.59,73.6,-2.72,14.63,0.5,4,286.38,126.38,44.13
402,3,37,0,0,BetaBuds,Audio,25,60.7,0.089,55.3,59.06,-6.37,29.98,0.572,6,331.79,181.79,54.79
402,3,37,0,0,GammaBand,Wearables,18,32.93,0.114,29.18,26.32,10.85,160.31,1.5,73,2129.85,815.85,38.31
402,3,37,0,0,DeltaDock,Accessories,30,76.41,0.019,74.96,87.39,-14.23,26.85,0.872,3,224.87,134.87,59.98
402,3,37,0,0,EpsilonCam,Imaging,55,123.56,0.161,103.67,123.58,-16.11,61.59,0.89,11,1140.34,535.34,46.95
402,3,37,0,0,ZetaHub,Accessories,22,47.52,0.206,37.73,46.16,-18.26,15.93,0.677,24,905.54,377.54,41.69
402,3,37,0,0,EtaDesk,Furniture,80,173.68,0.031,168.3,157.94,6.56,14.67,0.852,3,504.89,264.89,52.46
402,3,37,0,0,ThetaMat,Accessories,15,38.94,0.021,38.12,33.11,15.14,6.35,0.706,6,228.73,138.73,60.65
403,4,38,0,0,AlphaWatch,Wearables,40,103.33,0.22,80.6,104.76,-23.06,17.39,0.847,4,322.39,162.39,50.37
403,4,38,0,0,BetaBuds,Audio,25,67.66,0.275,49.05,66.86,-26.63,16.4,0.562,7,343.37,168.37,49.04
403,4,38,0,0,GammaBand,Wearables,18,34.21,0.067,31.92,42.76,-25.36,31.79,0.839,54,1723.57,751.57,43.61
403,4,38,0,0,DeltaDock,Accessories,30,75.71,0.018,74.35,75.4,-1.4,0.11,0.698,0,0.0,0.0,59.65
403,4,38,0,0,EpsilonCam,Imaging,55,148.7,0.046,141.86,140.45,1.0,1.95,0.515,1,141.86,86.86,61.23
403,4,38,0,0,ZetaHub,Accessories,22,47.44,0.027,46.16,48.53,-4.89,32.38,0.765,22,1015.5,531.5,52.34
403,4,38,0,0,EtaDesk,Furniture,80,197.12,0.002,196.73,231.79,-15.13,26.35,0.684,3,590.18,350.18,59.33
403,4,38,0,0,ThetaMat,Accessories,15,33.9,0.082,31.12,33.12,-6.04,55.31,0.843,45,1400.41,725.41,51.8
404,5,39,1,0,AlphaWatch,Wearables,40,80.19,0.058,75.54,80.21,-5.82,12.59,0.822,4,302.16,142.16,47.05
404,5,39,1,0,BetaBuds,Audio,25,65.7,0.045,62.74,70.86,-11.45,47.06,0.724,9,564.69,339.69,60.16
404,5,39,1,0,GammaBand,Wearables,18,42.21,0.184,34.44,39.88,-13.63,3.86,0.661,10,344.43,164.43,47.74
404,5,39,1,0,DeltaDock,Accessories,30,74.89,0.157,63.13,73.91,-14.58,29.24,0.723,2,126.26,66.26,52.48
404,5,39,1,0,EpsilonCam,Imaging,55,142.91,0.079,131.62,136.56,-3.62,27.22,0.716,3,394.86,229.86,58.21
404,5,39,1,0,ZetaHub,Accessories,22,57.65,0.089,52.52,72.76,-27.82,54.59,1.014,27,1418.02,824.02,58.11
404,5,39,1,0,EtaDesk,Furniture,80,159.55,0.022,156.04,166.07,-6.04,109.54,1.294,10,1560.4,760.4,48.73
404,5,39,1,0,ThetaMat,Accessories,15,38.41,0.061,36.07,30.62,17.79,3.1,0.736,10,360.67,210.67,58.41
405,6,40,1,0,AlphaWatch,Wearables,40,90.9,0.081,83.54,101.31,-17.54,58.27,0.888,11,918.91,478.91,52.12
405,6,40,1,0,BetaBuds,Audio,25,64.21,0.023,62.73,54.42,15.28,16.3,0.5,4,250.93,150.93,60.15
405,6,40,1,0,GammaBand,Wearables,18,39.56,0.053,37.46,38.39,-2.41,2.13,0.5,9,337.17,175.17,51.95
405,6,40,1,0,DeltaDock,Accessories,30,70.19,0.02,68.79,53.65,28.21,30.06,0.534,3,206.36,116.36,56.39
405,6,40,1,0,EpsilonCam,Imaging,55,117.34,0.034,113.35,133.96,-15.38,6.75,0.688,2,226.7,116.7,51.48
405,6,40,1,0,ZetaHub,Accessories,22,52.61,0.027,51.19,42.19,21.33,32.45,0.936,10,511.9,291.9,57.02
405,6,40,1,0,EtaDesk,Furniture,80,152.19,0.001,152.04,168.45,-9.74,3.9,0.548,3,456.11,216.11,47.38
405,6,40,1,0,ThetaMat,Accessories,15,31.16,0.026,30.35,25.33,19.82,31.53,0.599,34,1031.89,521.89,50.58
406,0,41,0,0,AlphaWatch,Wearables,40,94.09,0.263,69.34,115.77,-40.1,20.91,0.866,12,832.13,352.13,42.32
406,0,41,0,0,BetaBuds,Audio,25,66.22,0.245,50.0,75.26,-33.57,8.88,0.657,7,349.97,174.97,50.0
406,0,41,0,0,GammaBand,Wearables,18,37.58,0.085,34.39,44.01,-21.87,5.1,0.555,24,825.26,393.26,47.65
406,0,41,0,0,DeltaDock,Accessories,30,59.88,0.019,58.74,54.67,7.45,13.2,0.609,2,117.48,57.48,48.93
406,0,41,0,0,EpsilonCam,Imaging,55,120.6,0.133,104.56,130.65,-19.97,47.99,0.726,5,522.8,247.8,47.4
406,0,41,0,0,ZetaHub,Accessories,22,46.54,0.113,41.28,42.69,-3.3,53.49,1.271,41,1692.52,790.52,46.71
406,0,41,0,0,EtaDesk,Furniture,80,141.13,0.047,134.5,164.51,-18.24,6.93,0.5,3,403.49,163.49,40.52
406,0,41,0,0,ThetaMat,Accessories,15,40.68,0.025,39.66,40.57,-2.24,17.8,0.88,16,634.61,394.61,62.18
407,1,42,0,0,AlphaWatch,Wearables,40,104.12,0.015,102.56,116.08,-11.65,12.95,0.5,1,102.56,62.56,61.0
407,1,42,0,0,BetaBuds,Audio,25,54.69,0.073,50.7,66.42,-23.67,45.23,0.902,16,811.16,411.16,50.69
407,1,42,0,0,GammaBand,Wearables,18,44.42,0.095,40.2,48.36,-16.87,64.94,1.142,85,3417.01,1887.01,55.22
407,1,42,0,0,DeltaDock,Accessories,30,72.87,0.189,59.1,82.1,-28.02,18.46,0.777,2,118.2,58.2,49.24
407,1,42,0,0,EpsilonCam,Imaging,55,137.42,0.094,124.5,158.34,-21.37,20.59,0.98,4,498.01,278.01,55.82
407,1,42,0,0,ZetaHub,Accessories,22,54.17,0.144,46.37,64.65,-28.28,6.37,0.5,14,649.17,341.17,52.56
407,1,42,0,0,EtaDesk,Furniture,80,167.16,0.168,139.08,187.18,-25.7,54.02,0.837,6,834.46,354.46,42.48
407,1,42,0,0,ThetaMat,Accessories,15,35.63,0.024,34.77,27.72,25.45,8.47,0.5,13,452.07,257.07,56.87
408,2,43,0,0,AlphaWatch,Wearables,40,78.37,0.013,77.35,85.42,-9.45,136.56,1.5,16,1237.62,597.62,48.29
408,2,43,0,0,BetaBuds,Audio,25,52.91,0.04,50.79,47.78,6.31,29.89,0.755,9,457.14,232.14,50.78
408,2,43,0,0,GammaBand,Wearables,18,46.45,0.121,40.83,53.02,-22.99,36.99,0.784,30,1224.89,684.89,55.91
408,2,43,0,0,DeltaDock,Accessories,30,68.12,0.04,65.4,63.35,3.23,84.97,1.262,4,261.58,141.58,54.13
408,2,43,0,0,EpsilonCam,Imaging,55,138.99,0.115,123.01,167.5,-26.56,1.66,0.5,1,123.01,68.01,55.29
408,2,43,0,0,ZetaHub,Accessories,22,40.36,0.165,33.7,31.52,6.92,43.1,0.939,36,1213.22,421.22,34.72
408,2,43,0,0,EtaDesk,Furniture,80,177.93,0.119,156.76,176.38,-11.13,57.45,1.118,10,1567.56,767.56,48.97
408,2,43,0,0,ThetaMat,Accessories,15,41.94,0.027,40.81,39.12,4.31,26.95,0.717,13,530.5,335.5,63.24
409,3,44,0,0,AlphaWatch,Wearables,40,112.6,0.131,97.85,96.69,1.2,6.7,0.561,1,97.85,57.85,59.12
409,3,44,0,0,BetaBuds,Audio,25,61.71,0.018,60.6,72.72,-16.67,18.94,0.55,4,242.4,142.4,58.75
409,3,44,0,0,GammaBand,Wearables,18,35.26,0.031,34.17,42.91,-20.38,32.41,0.653,35,1195.84,565.84,47.32
409,3,44,0,0,DeltaDock,Accessories,30,72.97,0.181,59.76,74.58,-19.87,6.87,0.868,3,179.29,89.29,49.8
409,3,44,0,0,EpsilonCam,Imaging,55,144.55,0.136,124.89,127.01,-1.67,37.33,0.689,2,249.78,139.78,55.96
409,3,44,0,0,ZetaHub,Accessories,22,51.04,0.109,45.48,52.93,-14.08,64.62,0.934,38,1728.11,892.11,51.62
409,3,44,0,0,EtaDesk,Furniture,80,206.85,0.035,199.61,218.62,-8.7,32.48,0.629,3,598.83,358.83,59.92
409,3,44,0,0,ThetaMat,Accessories,15,38.02,0.109,33.88,40.16,-15.65,49.91,1.125,58,1964.8,1094.8,55.72
410,4,45,0,0,AlphaWatch,Wearables,40,71.85,0.025,70.05,71.09,-1.46,32.56,0.527,6,420.32,180.32,42.9
410,4,45,0,0,BetaBuds,Audio,25,52.57,0.036,50.68,57.06,-11.19,7.18,0.778,6,304.06,154.06,50.67
410,4,45,0,0,GammaBand,Wearables,18,45.94,0.098,41.44,45.23,-8.38,0.34,0.502,7,290.07,164.07,56.56
410,4,45,0,0,DeltaDock,Accessories,30,69.3,0.04,66.53,71.27,-6.65,3.84,0.5,1,66.53,36.53,54.91
410,4,45,0,0,EpsilonCam,Imaging,55,149.98,0.008,148.78,135.57,9.74,9.21,0.583,2,297.56,187.56,63.03
410,4,45,0,0,ZetaHub,Accessories,22,55.31,0.108,49.34,49.96,-1.25,47.83,0.908,16,789.38,437.38,55.41
410,4,45,0,0,EtaDesk,Furniture,80,191.58,0.202,152.88,170.45,-10.31,19.71,0.504,5,764.4,364.4,47.67
410,4,45,0,0,ThetaMat,Accessories,15,38.76,0.196,31.16,41.38,-24.69,47.06,0.698,44,1371.17,711.17,51.87
411,5,46,1,0,AlphaWatch,Wearables,40,86.76,0.125,75.92,96.47,-21.31,50.9,0.72,7,531.41,251.41,47.31
411,5,46,1,0,BetaBuds,Audio,25,67.42,0.179,55.35,60.24,-8.11,49.74,0.877,15,830.28,455.28,54.83
411,5,46,1,0,GammaBand,Wearables,18,45.67,0.04,43.84,50.42,-13.04,7.56,0.5,11,482.28,284.28,58.94
411,5,46,1,0,DeltaDock,Accessories,30,80.71,0.118,71.19,77.3,-7.91,24.87,0.808,2,142.37,82.37,57.86
411,5,46,1,0,EpsilonCam,Imaging,55,107.79,0.096,97.44,109.43,-10.95,19.91,0.723,4,389.77,169.77,43.56
411,5,46,1,0,ZetaHub,Accessories,22,45.01,0.027,43.79,54.48,-19.61,0.93,0.5,5,218.97,108.97,49.77
411,5,46,1,0,EtaDesk,Furniture,80,154.82,0.132,134.38,139.56,-3.71,11.9,0.633,3,403.15,163.15,40.47
411,5,46,1,0,ThetaMat,Accessories,15,30.96,0.128,27.0,32.14,-16.0,49.96,0.848,84,2267.76,1007.76,44.44
412,6,47,1,0,AlphaWatch,Wearables,40,108.45,0.17,90.01,106.97,-15.85,19.95,0.664,5,450.07,250.07,55.56
412,6,47,1,0,BetaBuds,Audio,25,60.28,0.102,54.13,52.93,2.27,110.76,1.5,20,1082.63,582.63,53.82
412,6,47,1,0,GammaBand,Wearables,18,38.64,0.012,38.18,41.67,-8.38,83.14,1.354,94,3588.57,1896.57,52.85
412,6,47,1,0,DeltaDock,Accessories,30,66.53,0.05,63.2,63.47,-0.42,41.52,0.602,3,189.61,99.61,52.53
412,6,47,1,0,EpsilonCam,Imaging,55,125.33,0.116,110.79,127.51,-13.11,70.29,1.195,12,1329.5,669.5,50.36
412,6,47,1,0,ZetaHub,Accessories,22,56.09,0.073,52.0,64.9,-19.88,12.15,0.625,12,623.95,359.95,57.69
412,6,47,1,0,EtaDesk,Furniture,80,209.56,0.076,193.63,229.31,-15.56,1.85,0.554,2,387.27,227.27,58.68
412,6,47,1,0,ThetaMat,Accessories,15,27.4,0.013,27.04,26.47,2.17,31.5,0.753,112,3028.91,1348.91,44.53
413,0,48,0,0,AlphaWatch,Wearables,40,74.12,0.069,69.01,80.24,-14.0,25.48,0.592,4,276.02,116.02,42.03
413,0,48,0,0,BetaBuds,Audio,25,60.18,0.037,57.95,68.97,-15.97,27.37,0.705,4,231.81,131.81,56.86
413,0,48,0,0,GammaBand,Wearables,18,39.58,0.14,34.04,38.24,-10.99,75.63,0.994,72,2450.79,1154.79,47.12
413,0,48,0,0,DeltaDock,Accessories,30,56.81,0.018,55.79,63.08,-11.56,44.09,0.901,3,167.36,77.36,46.22
413,0,48,0,0,EpsilonCam,Imaging,55,106.02,0.1,95.42,93.35,2.22,14.13,0.933,2,190.84,80.84,42.36
413,0,48,0,0,ZetaHub,Accessories,22,55.35,0.011,54.74,55.42,-1.22,26.38,0.724,13,711.63,425.63,59.81
413,0,48,0,0,EtaDesk,Furniture,80,149.95,0.088,136.75,170.04,-19.58,10.32,0.686,5,683.77,283.77,41.5
413,0,48,0,0,ThetaMat,Accessories,15,31.56,0.034,30.49,28.29,7.77,81.52,1.256,61,1859.7,944.7,50.8
414,1,49,0,0,AlphaWatch,Wearables,40,86.45,0.098,77.98,100.45,-22.37,32.11,0.662,5,389.89,189.89,48.7
414,1,49,0,0,BetaBuds,Audio,25,62.96,0.049,59.87,69.36,-13.68,21.41,0.871,7,419.12,244.12,58.25
414,1,49,0,0,GammaBand,Wearables,18,38.65,0.033,37.37,37.82,-1.18,11.16,0.736,13,485.87,251.87,51.84
414,1,49,0,0,DeltaDock,Accessories,30,67.59,0.061,63.47,73.22,-13.32,14.32,0.901,2,126.93,66.93,52.73
414,1,49,0,0,EpsilonCam,Imaging,55,133.43,0.028,129.69,146.83,-11.67,68.71,0.898,6,778.16,448.16,57.59
414,1,49,0,0,ZetaHub,Accessories,22,55.75,0.012,55.08,66.07,-16.63,42.59,1.007,21,1156.7,694.7,60.06
414,1,49,0,0,EtaDesk,Furniture,80,190.22,0.036,183.37,186.7,-1.78,32.22,0.676,3,550.12,310.12,56.37
414,1,49,0,0,ThetaMat,Accessories,15,37.34,0.095,33.79,37.22,-9.21,50.53,1.058,55,1858.6,1033.6,55.61
415,2,50,0,0,AlphaWatch,Wearables,40,105.39,0.096,95.27,108.54,-12.22,7.18,0.5,3,285.82,165.82,58.02
415,2,50,0,0,BetaBuds,Audio,25,40.72,0.057,38.4,39.25,-2.17,6.59,0.851,15,575.98,200.98,34.89
415,2,50,0,0,GammaBand,Wearables,18,32.91,0.158,27.71,40.0,-30.72,23.38,0.648,37,1025.28,359.28,35.04
415,2,50,0,0,DeltaDock,Accessories,30,58.34,0.111,51.86,66.32,-21.8,34.33,0.736,3,155.59,65.59,42.16
415,2,50,0,0,EpsilonCam,Imaging,55,113.68,0.128,99.13,134.27,-26.17,2.67,0.555,3,297.39,132.39,44.52
415,2,50,0,0,ZetaHub,Accessories,22,46.54,0.151,39.51,56.18,-29.67,13.66,0.5,15,592.69,262.69,44.32
415,2,50,0,0,EtaDesk,Furniture,80,161.69,0.095,146.33,163.23,-10.35,1.53,0.536,2,292.66,132.66,45.33
415,2,50,0,0,ThetaMat,Accessories,15,28.85,0.073,26.74,35.75,-25.19,61.14,1.179,129,3449.97,1514.97,43.91
416,3,51,0,0,AlphaWatch,Wearables,40,108.04,0.07,100.48,104.36,-3.72,5.95,0.5,2,200.95,120.95,60.19
416,3,51,0,0,BetaBuds,Audio,25,52.78,0.1,47.5,54.16,-12.29,44.14,0.962,14,665.03,315.03,47.37
416,3,51,0,0,GammaBand,Wearables,18,41.22,0.039,39.61,40.43,-2.02,166.63,1.5,38,1505.27,821.27,54.56
416,3,51,0,0,DeltaDock,Accessories,30,72.61,0.011,71.81,81.76,-12.17,36.23,0.761,2,143.62,83.62,58.22
416,3,51,0,0,EpsilonCam,Imaging,55,156.06,0.115,138.11,171.59,-19.51,9.6,0.692,3,414.34,249.34,60.18
416,3,51,0,0,ZetaHub,Accessories,22,60.45,0.107,53.98,59.58,-9.4,4.73,0.571,11,593.8,351.8,59.25
416,3,51,0,0,EtaDesk,Furniture,80,197.66,0.023,193.11,208.73,-7.48,68.65,1.205,6,1158.68,678.68,58.57
416,3,51,0,0,ThetaMat,Accessories,15,41.02,0.068,38.23,38.89,-1.7,2.78,0.661,10,382.31,232.31,60.76
417,4,52,0,0,AlphaWatch,Wearables,40,106.55,0.015,104.95,110.03,-4.62,43.19,0.705,6,629.71,389.71,61.89
417,4,52,0,0,BetaBuds,Audio,25,67.59,0.1,60.83,73.26,-16.97,40.32,1.168,10,608.31,358.31,58.9
417,4,52,0,0,GammaBand,Wearables,18,45.55,0.029,44.23,42.84,3.24,11.47,0.531,11,486.52,288.52,59.3
417,4,52,0,0,DeltaDock,Accessories,30,75.97,0.066,70.96,77.64,-8.61,1.44,1.071,1,70.96,40.96,57.72
417,4,52,0,0,EpsilonCam,Imaging,55,125.38,0.078,115.6,112.44,2.81,6.72,0.5,1,115.6,60.6,52.42
417,4,52,0,0,ZetaHub,Accessories,22,60.7,0.157,51.17,68.95,-25.79,15.15,0.5,15,767.55,437.55,57.01
417,4,52,0,0,EtaDesk,Furniture,80,202.6,0.079,186.59,172.9,7.92,16.94,0.547,1,186.59,106.59,57.13
417,4,52,0,0,ThetaMat,Accessories,15,39.88,0.093,36.17,45.14,-19.87,24.63,0.725,16,578.74,338.74,58.53
418,5,53,1,0,AlphaWatch,Wearables,40,102.53,0.065,95.87,98.49,-2.66,59.64,0.837,7,671.06,391.06,58.27
418,5,53,1,0,BetaBuds,Audio,25,66.76,0.125,58.42,69.57,-16.03,10.73,0.5,7,408.9,233.91,57.2
418,5,53,1,0,GammaBand,Wearables,18,38.93,0.044,37.22,41.73,-10.81,164.89,1.5,77,2865.72,1479.72,51.64
418,5,53,1,0,DeltaDock,Accessories,30,57.57,0.012,56.88,50.8,11.97,15.43,0.536,2,113.76,53.76,47.26
418,5,53,1,0,EpsilonCam,Imaging,55,133.56,0.148,113.79,162.56,-30.0,49.36,0.847,6,682.76,352.76,51.67
418,5,53,1,0,ZetaHub,Accessories,22,61.43,0.052,58.24,65.98,-11.74,1.54,0.5,5,291.18,181.18,62.22
418,5,53,1,0,EtaDesk,Furniture,80,186.86,0.076,172.66,210.36,-17.92,16.11,0.5,3,517.98,277.98,53.67
418,5,53,1,0,ThetaMat,Accessories,15,24.92,0.004,24.82,23.19,7.03,18.12,0.5,36,893.53,353.53,39.57
419,6,54,1,0,AlphaWatch,Wearables,40,104.86,0.091,95.32,127.64,-25.32,63.86,0.971,7,667.22,387.22,58.04
419,6,54,1,0,BetaBuds,Audio,25,46.03,0.026,44.83,55.39,-19.06,44.86,1.006,23,1031.16,456.16,44.24
419,6,54,1,0,GammaBand,Wearables,18,42.07,0.039,40.43,43.01,-6.0,56.16,1.022,42,1698.03,942.03,55.48
419,6,54,1,0,DeltaDock,Accessories,30,80.81,0.185,65.86,74.76,-11.9,140.5,1.5,6,395.16,215.16,54.45
419,6,54,1,0,EpsilonCam,Imaging,55,135.2,0.107,120.73,149.27,-19.12,25.98,0.808,4,482.93,262.93,54.45
419,6,54,1,0,ZetaHub,Accessories,22,56.3,0.154,47.63,65.3,-27.06,67.41,1.103,46,2190.97,1178.97,53.81
419,6,54,1,0,EtaDesk,Furniture,80,202.73,0.049,192.8,212.71,-9.36,28.98,0.5,3,578.39,338.39,58.51
419,6,54,1,0,ThetaMat,Accessories,15,33.28,0.076,30.75,28.85,6.59,31.37,0.809,25,768.77,393.77,51.22
420,0,55,0,0,AlphaWatch,Wearables,40,90.02,0.079,82.91,103.6,-19.97,21.98,0.774,7,580.36,300.36,51.75
420,0,55,0,0,BetaBuds,Audio,25,53.6,0.032,51.88,66.24,-21.67,38.41,0.58,12,622.62,322.62,51.82
420,0,55,0,0,GammaBand,Wearables,18,43.45,0.134,37.63,45.87,-17.97,30.2,0.849,32,1204.09,628.09,52.16
420,0,55,0,0,DeltaDock,Accessories,30,71.51,0.068,66.65,67.75,-1.63,58.08,0.932,3,199.94,109.94,54.99
420,0,55,0,0,EpsilonCam,Imaging,55,113.35,0.096,102.47,102.96,-0.48,27.8,0.92,4,409.87,189.87,46.32
420,0,55,0,0,ZetaHub,Accessories,22,52.38,0.043,50.13,60.66,-17.36,9.55,0.646,7,350.89,196.89,56.11
420,0,55,0,0,EtaDesk,Furniture,80,163.79,0.141,140.7,176.74,-20.39,2.1,0.5,2,281.39,121.39,43.14
420,0,55,0,0,ThetaMat,Accessories,15,42.25,0.058,39.8,48.23,-17.48,33.34,0.7,34,1353.18,843.18,62.31
421,1,56,0,0,AlphaWatch,Wearables,40,79.19,0.019,77.69,90.74,-14.39,29.57,0.914,7,543.8,263.8,48.51
421,1,56,0,0,BetaBuds,Audio,25,48.48,0.104,43.44,56.16,-22.65,26.04,0.5,11,477.82,202.82,42.45
421,1,56,0,0,GammaBand,Wearables,18,36.87,0.089,33.59,35.13,-4.39,21.15,0.662,37,1242.78,576.78,46.41
421,1,56,0,0,DeltaDock,Accessories,30,83.06,0.112,73.76,80.7,-8.6,7.56,0.769,2,147.51,87.51,59.33
421,1,56,0,0,EpsilonCam,Imaging,55,125.97,0.14,108.33,138.14,-21.58,15.97,0.5,3,325.0,160.0,49.23
421,1,56,0,0,ZetaHub,Accessories,22,40.27,0.116,35.6,45.98,-22.58,52.53,1.12,57,2029.12,775.12,38.2
421,1,56,0,0,EtaDesk,Furniture,80,218.11,0.012,215.49,228.7,-5.77,8.92,0.5,1,215.49,135.49,62.88
421,1,56,0,0,ThetaMat,Accessories,15,34.33,0.013,33.88,36.98,-8.37,25.42,0.643,20,677.67,377.67,55.73
422,2,57,0,0,AlphaWatch,Wearables,40,83.24,0.02,81.58,89.27,-8.62,64.95,1.088,11,897.33,457.33,50.97
422,2,57,0,0,BetaBuds,Audio,25,53.5,0.095,48.42,60.18,-19.55,35.82,0.528,12,581.01,281.01,48.37
422,2,57,0,0,GammaBand,Wearables,18,44.07,0.116,38.96,58.26,-33.13,44.75,1.188,36,1402.48,754.48,53.8
422,2,57,0,0,DeltaDock,Accessories,30,77.1,0.003,76.87,78.19,-1.69,14.56,0.64,1,76.87,46.87,60.97
422,2,57,0,0,EpsilonCam,Imaging,55,143.95,0.067,134.31,134.28,0.02,159.7,1.5,5,671.53,396.53,59.05
422,2,57,0,0,ZetaHub,Accessories,22,44.1,0.185,35.94,46.79,-23.19,12.08,0.5,15,539.12,209.12,38.79
422,2,57,0,0,EtaDesk,Furniture,80,208.08,0.153,176.24,190.01,-7.25,18.04,0.597,3,528.73,288.73,54.61
422,2,57,0,0,ThetaMat,Accessories,15,35.14,0.18,28.81,30.77,-6.35,22.46,0.618,31,893.26,428.26,47.94
423,3,58,0,0,AlphaWatch,Wearables,40,98.38,0.015,96.9,82.14,17.97,11.41,0.769,3,290.71,170.71,58.72
423,3,58,0,0,BetaBuds,Audio,25,56.46,0.011,55.84,54.74,2.01,6.94,0.563,3,167.52,92.52,55.23
423,3,58,0,0,GammaBand,Wearables,18,45.51,0.2,36.41,53.89,-32.44,48.26,0.781,33,1201.46,607.46,50.56
423,3,58,0,0,DeltaDock,Accessories,30,62.14,0.021,60.84,62.83,-3.18,18.39,0.5,1,60.84,30.84,50.69
423,3,58,0,0,EpsilonCam,Imaging,55,102.98,0.013,101.64,99.13,2.53,45.17,0.843,10,1016.41,466.41,45.89
423,3,58,0,0,ZetaHub,Accessories,22,42.95,0.057,40.5,49.76,-18.61,12.95,0.5,25,1012.55,462.55,45.68
423,3,58,0,0,EtaDesk,Furniture,80,160.64,0.03,155.82,158.07,-1.42,11.35,0.513,2,311.64,151.64,48.66
423,3,58,0,0,ThetaMat,Accessories,15,33.73,0.11,30.02,39.84,-24.65,25.71,0.933,41,1230.81,615.81,50.03
424,4,59,0,0,AlphaWatch,Wearables,40,76.3,0.012,75.38,64.28,17.28,29.42,0.755,6,452.31,212.31,46.94
424,4,59,0,0,BetaBuds,Audio,25,68.74,0.168,57.19,70.1,-18.41,12.0,0.645,6,343.15,193.15,56.29
424,4,59,0,0,GammaBand,Wearables,18,45.67,0.033,44.16,52.04,-15.14,15.27,0.5,12,529.95,313.95,59.24
424,4,59,0,0,DeltaDock,Accessories,30,79.96,0.096,72.28,76.61,-5.65,6.4,0.5,1,72.28,42.28,58.5
424,4,59,0,0,EpsilonCam,Imaging,55,116.54,0.097,105.24,117.99,-10.81,6.9,0.682,1,105.24,50.24,47.74
424,4,59,0,0,ZetaHub,Accessories,22,39.13,0.044,37.41,38.94,-3.93,31.59,0.669,33,1234.47,508.47,41.19
424,4,59,0,0,EtaDesk,Furniture,80,188.31,0.097,170.04,182.5,-6.83,82.71,1.327,8,1360.35,720.35,52.95
424,4,59,0,0,ThetaMat,Accessories,15,42.92,0.079,39.53,40.52,-2.44,0.76,0.685,7,276.71,171.71,62.05
425,5,60,1,0,AlphaWatch,Wearables,40,106.97,0.012,105.69,119.68,-11.69,6.28,0.5,1,105.69,65.69,62.15
425,5,60,1,0,BetaBuds,Audio,25,46.29,0.075,42.82,54.29,-21.13,2.92,0.5,7,299.73,124.73,41.61
425,5,60,1,0,GammaBand,Wearables,18,33.8,0.038,32.52,34.03,-4.45,25.31,0.644,21,682.83,304.83,44.64
425,5,60,1,0,DeltaDock,Accessories,30,79.6,0.158,67.02,84.95,-21.1,14.85,0.637,2,134.05,74.05,55.24
425,5,60,1,0,EpsilonCam,Imaging,55,122.31,0.028,118.89,122.36,-2.84,77.94,1.211,12,1426.62,766.62,53.74
425,5,60,1,0,ZetaHub,Accessories,22,41.36,0.02,40.53,39.76,1.94,78.68,1.214,49,1986.11,908.11,45.72
425,5,60,1,0,EtaDesk,Furniture,80,182.17,0.038,175.25,183.66,-4.58,75.11,1.113,7,1226.73,666.73,54.35
425,5,60,1,0,ThetaMat,Accessories,15,29.57,0.038,28.45,32.31,-11.96,131.2,1.5,138,3925.59,1855.59,47.27
426,6,61,1,0,AlphaWatch,Wearables,40,100.14,0.112,88.92,98.78,-9.98,15.67,0.5,4,355.7,195.7,55.02
426,6,61,1,0,BetaBuds,Audio,25,48.19,0.041,46.21,62.57,-26.14,81.22,1.15,29,1340.21,615.21,45.9
426,6,61,1,0,GammaBand,Wearables,18,39.05,0.082,35.85,36.29,-1.22,143.48,1.5,106,3799.88,1891.88,49.79
426,6,61,1,0,DeltaDock,Accessories,30,63.43,0.003,63.24,53.41,18.4,3.25,0.795,1,63.24,33.24,52.56
426,6,61,1,0,EpsilonCam,Imaging,55,135.53,0.145,115.88,130.48,-11.19,11.41,0.5,1,115.88,60.88,52.54
426,6,61,1,0,ZetaHub,Accessories,22,56.84,0.106,50.81,67.12,-24.29,3.96,0.679,8,406.52,230.52,56.71
426,6,61,1,0,EtaDesk,Furniture,80,178.03,0.028,173.05,205.0,-15.59,11.8,0.5,3,519.14,279.14,53.77
426,6,61,1,0,ThetaMat,Accessories,15,39.06,0.094,35.39,35.62,-0.65,26.61,0.919,26,920.1,530.1,57.61
427,0,62,0,0,AlphaWatch,Wearables,40,94.89,0.269,69.36,107.88,-35.7,23.79,0.851,9,624.28,264.28,42.33
427,0,62,0,0,BetaBuds,Audio,25,47.98,0.185,39.1,49.04,-20.26,1.06,0.6,8,312.83,112.83,36.07
427,0,62,0,0,GammaBand,Wearables,18,37.11,0.007,36.85,38.02,-3.08,45.68,0.898,44,1621.41,829.41,51.15
427,0,62,0,0,DeltaDock,Accessories,30,71.92,0.154,60.84,68.07,-10.62,55.16,1.063,2,121.69,61.69,50.69
427,0,62,0,0,EpsilonCam,Imaging,55,110.71,0.043,105.95,122.07,-13.21,4.05,0.5,1,105.95,50.95,48.09
427,0,62,0,0,ZetaHub,Accessories,22,50.59,0.014,49.88,49.44,0.89,38.38,0.901,10,498.82,278.82,55.9
427,0,62,0,0,EtaDesk,Furniture,80,133.22,0.172,110.31,155.36,-29.0,43.44,1.026,13,1433.98,393.98,27.47
427,0,62,0,0,ThetaMat,Accessories,15,32.18,0.17,26.71,34.07,-21.6,81.83,1.218,71,1896.37,831.37,43.84
428,1,63,0,0,AlphaWatch,Wearables,40,98.77,0.106,88.3,114.89,-23.14,12.79,0.725,5,441.5,241.5,54.7
428,1,63,0,0,BetaBuds,Audio,25,58.65,0.043,56.13,49.2,14.08,9.65,0.912,5,280.64,155.64,55.46
428,1,63,0,0,GammaBand,Wearables,18,41.23,0.052,39.09,46.63,-16.18,19.93,0.599,18,703.55,379.55,53.95
428,1,63,0,0,DeltaDock,Accessories,30,59.62,0.077,55.03,59.34,-7.26,85.35,0.957,7,385.2,175.2,45.48
428,1,63,0,0,EpsilonCam,Imaging,55,129.89,0.021,127.16,147.71,-13.91,8.45,0.635,2,254.32,144.32,56.75
428,1,63,0,0,ZetaHub,Accessories,22,53.4,0.165,44.59,46.56,-4.23,22.89,0.744,16,713.42,361.42,50.66
428,1,63,0,0,EtaDesk,Furniture,80,176.84,0.007,175.6,183.0,-4.04,16.89,0.662,4,702.41,382.41,54.44
428,1,63,0,0,ThetaMat,Accessories,15,27.92,0.091,25.38,32.16,-21.08,70.5,1.3,102,2588.69,1058.69,40.9
429,2,64,0,0,AlphaWatch,Wearables,40,103.87,0.188,84.34,114.81,-26.54,92.92,1.312,12,1012.11,532.11,52.57
429,2,64,0,0,BetaBuds,Audio,25,47.7,0.036,45.98,52.04,-11.64,8.56,0.5,8,367.86,167.86,45.63
429,2,64,0,0,GammaBand,Wearables,18,41.29,0.096,37.33,45.85,-18.59,4.42,0.5,12,447.91,231.91,51.78
429,2,64,0,0,DeltaDock,Accessories,30,62.55,0.032,60.55,57.15,5.95,36.95,1.024,3,181.65,91.65,50.45
429,2,64,0,0,EpsilonCam,Imaging,55,95.49,0.006,94.92,89.9,5.58,0.1,0.5,1,94.92,39.92,42.05
429,2,64,0,0,ZetaHub,Accessories,22,59.18,0.073,54.86,56.56,-3.01,5.93,0.515,5,274.3,164.3,59.9
429,2,64,0,0,EtaDesk,Furniture,80,152.39,0.032,147.51,157.25,-6.19,5.26,0.5,2,295.03,135.03,45.77
429,2,64,0,0,ThetaMat,Accessories,15,35.0,0.121,30.76,30.88,-0.37,41.51,1.042,49,1507.48,772.48,51.24
430,3,65,0,0,AlphaWatch,Wearables,40,112.77,0.061,105.89,98.84,7.13,33.34,1.167,3,317.67,197.67,62.23
430,3,65,0,0,BetaBuds,Audio,25,43.46,0.041,41.68,40.77,2.23,18.53,0.5,10,416.78,166.78,40.02
430,3,65,0,0,GammaBand,Wearables,18,36.28,0.105,32.47,37.27,-12.88,4.16,0.5,19,616.94,274.94,44.57
430,3,65,0,0,DeltaDock,Accessories,30,71.63,0.029,69.55,65.15,6.76,19.61,0.584,2,139.11,79.11,56.87
430,3,65,0,0,EpsilonCam,Imaging,55,113.64,0.06,106.82,105.46,1.29,70.46,1.086,6,640.93,310.93,48.51
430,3,65,0,0,ZetaHub,Accessories,22,59.05,0.143,50.61,75.92,-33.34,7.53,0.696,8,404.85,228.85,56.53
430,3,65,0,0,EtaDesk,Furniture,80,191.31,0.06,179.83,209.28,-14.07,40.51,0.837,7,1258.82,698.82,55.51
430,3,65,0,0,ThetaMat,Accessories,15,32.45,0.041,31.12,36.27,-14.2,41.62,1.038,38,1182.54,612.54,51.8
431,4,66,0,0,AlphaWatch,Wearables,40,72.33,0.145,61.84,62.33,-0.78,31.59,0.713,9,556.58,196.58,35.32
431,4,66,0,0,BetaBuds,Audio,25,52.98,0.093,48.05,44.54,7.89,194.55,1.5,31,1489.64,714.64,47.97
431,4,66,0,0,GammaBand,Wearables,18,43.86,0.002,43.77,52.28,-16.27,6.63,0.5,5,218.86,128.86,58.88
431,4,66,0,0,DeltaDock,Accessories,30,74.74,0.18,61.29,72.03,-14.91,39.16,0.845,3,183.86,93.86,51.05
431,4,66,0,0,EpsilonCam,Imaging,55,151.71,0.01,150.19,144.99,3.59,13.08,0.711,1,150.19,95.19,63.38
431,4,66,0,0,ZetaHub,Accessories,22,44.12,0.103,39.58,34.42,14.98,7.11,0.596,7,277.03,123.03,44.41
431,4,66,0,0,EtaDesk,Furniture,80,178.54,0.224,138.55,174.19,-20.46,148.24,1.5,20,2770.94,1170.94,42.26
431,4,66,0,0,ThetaMat,Accessories,15,27.34,0.051,25.95,28.01,-7.37,1.35,0.507,14,363.24,153.24,42.19
432,5,67,1,0,AlphaWatch,Wearables,40,78.89,0.158,66.43,86.5,-23.21,34.28,0.5,9,597.83,237.83,39.78
432,5,67,1,0,BetaBuds,Audio,25,50.18,0.012,49.58,52.19,-5.01,18.28,0.5,6,297.47,147.47,49.57
432,5,67,1,0,GammaBand,Wearables,18,40.31,0.004,40.15,43.95,-8.65,1.46,0.5,7,281.04,155.04,55.17
432,5,67,1,0,DeltaDock,Accessories,30,54.6,0.014,53.84,50.7,6.18,6.48,0.619,3,161.51,71.51,44.27
432,5,67,1,0,EpsilonCam,Imaging,55,140.7,0.071,130.71,121.0,8.03,14.35,0.5,2,261.42,151.42,57.92
432,5,67,1,0,ZetaHub,Accessories,22,54.3,0.018,53.32,51.73,3.08,14.48,0.669,14,746.52,438.52,58.74
432,5,67,1,0,EtaDesk,Furniture,80,184.03,0.057,173.54,158.77,9.3,104.65,1.342,9,1561.86,841.86,53.9
432,5,67,1,0,ThetaMat,Accessories,15,33.47,0.16,28.11,32.72,-14.07,9.78,0.93,20,562.3,262.3,46.65
433,6,68,1,0,AlphaWatch,Wearables,40,105.57,0.069,98.29,93.06,5.62,22.46,0.788,6,589.71,349.71,59.3
433,6,68,1,0,BetaBuds,Audio,25,41.69,0.06,39.19,51.95,-24.56,99.18,1.5,68,2664.82,964.82,36.21
433,6,68,1,0,GammaBand,Wearables,18,40.46,0.117,35.73,38.9,-8.16,22.74,0.721,68,2429.38,1205.38,49.62
433,6,68,1,0,DeltaDock,Accessories,30,78.35,0.003,78.11,85.39,-8.52,44.94,0.855,3,234.34,144.34,61.6
433,6,68,1,0,EpsilonCam,Imaging,55,117.21,0.042,112.29,125.54,-10.56,26.03,0.684,5,561.44,286.44,51.02
433,6,68,1,0,ZetaHub,Accessories,22,56.74,0.019,55.66,64.95,-14.3,14.58,0.561,7,389.63,235.63,60.48
433,6,68,1,0,EtaDesk,Furniture,80,152.44,0.121,133.99,137.96,-2.87,0.87,0.741,2,267.99,107.99,40.3
433,6,68,1,0,ThetaMat,Accessories,15,30.08,0.039,28.91,29.25,-1.17,3.38,0.719,25,722.67,347.67,48.11
434,0,69,0,0,AlphaWatch,Wearables,40,76.84,0.029,74.61,70.89,5.25,13.42,0.5,3,223.83,103.83,46.39
434,0,69,0,0,BetaBuds,Audio,25,46.26,0.025,45.1,49.59,-9.05,35.04,0.987,19,856.97,381.97,44.57
434,0,69,0,0,GammaBand,Wearables,18,45.28,0.143,38.8,53.97,-28.1,21.83,0.755,19,737.29,395.29,53.61
434,0,69,0,0,DeltaDock,Accessories,30,54.39,0.114,48.19,57.98,-16.89,33.18,0.58,4,192.76,72.76,37.75
434,0,69,0,0,EpsilonCam,Imaging,55,132.48,0.059,124.66,123.89,0.62,3.43,0.5,1,124.66,69.66,55.88
434,0,69,0,0,ZetaHub,Accessories,22,44.87,0.114,39.75,51.85,-23.33,21.57,0.5,10,397.55,177.55,44.66
434,0,69,0,0,EtaDesk,Furniture,80,196.12,0.091,178.27,223.7,-20.31,41.9,0.911,7,1247.91,687.91,55.13
434,0,69,0,0,ThetaMat,Accessories,15,32.82,0.137,28.32,27.64,2.47,24.34,0.658,31,878.03,413.03,47.04
435,1,70,0,0,AlphaWatch,Wearables,40,87.74,0.122,77.04,95.79,-19.58,64.77,0.824,14,1078.5,518.5,48.08
435,1,70,0,0,BetaBuds,Audio,25,70.48,0.155,59.56,76.5,-22.15,11.42,0.5,4,238.22,138.22,58.02
435,1,70,0,0,GammaBand,Wearables,18,34.86,0.048,33.19,35.73,-7.12,42.14,0.856,60,1991.2,911.2,45.76
435,1,70,0,0,DeltaDock,Accessories,30,64.51,0.197,51.8,75.19,-31.11,2.11,0.5,1,51.8,21.8,42.09
435,1,70,0,0,EpsilonCam,Imaging,55,109.01,0.087,99.53,120.54,-17.43,1.35,0.902,2,199.05,89.05,44.74
435,1,70,0,0,ZetaHub,Accessories,22,56.22,0.083,51.55,48.57,6.14,8.18,0.615,6,309.32,177.32,57.33
435,1,70,0,0,EtaDesk,Furniture,80,178.69,0.037,172.08,188.6,-8.76,31.19,0.816,4,688.31,368.31,53.51
435,1,70,0,0,ThetaMat,Accessories,15,42.16,0.046,40.22,46.28,-13.09,78.29,1.062,44,1769.71,1109.71,62.71
436,2,71,0,0,AlphaWatch,Wearables,40,109.92,0.084,100.69,91.89,9.57,4.55,0.73,2,201.37,121.37,60.27
436,2,71,0,0,BetaBuds,Audio,25,50.67,0.096,45.81,41.03,11.64,20.12,0.692,14,641.28,291.28,45.42
436,2,71,0,0,GammaBand,Wearables,18,46.58,0.137,40.2,46.04,-12.69,0.49,0.711,4,160.79,88.79,55.22
436,2,71,0,0,DeltaDock,Accessories,30,84.52,0.004,84.18,79.19,6.3,12.06,0.579,1,84.18,54.18,64.36
436,2,71,0,0,EpsilonCam,Imaging,55,104.35,0.083,95.69,104.8,-8.69,46.66,1.008,5,478.44,203.44,42.52
436,2,71,0,0,ZetaHub,Accessories,22,52.66,0.245,39.76,53.47,-25.64,17.45,0.58,15,596.37,266.37,44.67
436,2,71,0,0,EtaDesk,Furniture,80,200.92,0.215,157.72,229.67,-31.33,18.22,0.5,3,473.17,233.17,49.28
436,2,71,0,0,ThetaMat,Accessories,15,41.92,0.079,38.61,49.15,-21.45,1.46,0.612,6,231.65,141.65,61.15
437,3,72,0,0,AlphaWatch,Wearables,40,82.41,0.041,79.03,74.28,6.4,42.24,0.985,7,553.22,273.22,49.39
437,3,72,0,0,BetaBuds,Audio,25,61.64,0.041,59.11,67.64,-12.61,2.16,0.5,2,118.23,68.23,57.71
437,3,72,0,0,GammaBand,Wearables,18,38.2,0.012,37.74,43.92,-14.07,59.82,0.655,27,1019.02,533.02,52.31
437,3,72,0,0,DeltaDock,Accessories,30,57.42,0.125,50.24,66.66,-24.63,5.01,0.5,1,50.24,20.24,40.29
437,3,72,0,0,EpsilonCam,Imaging,55,141.19,0.037,135.97,142.12,-4.33,11.07,0.53,2,271.93,161.93,59.55
437,3,72,0,0,ZetaHub,Accessories,22,43.84,0.103,39.32,37.16,5.82,32.51,0.887,22,865.14,381.14,44.06
437,3,72,0,0,EtaDesk,Furniture,80,200.84,0.091,182.56,229.22,-20.35,1.1,0.586,2,365.13,205.13,56.18
437,3,72,0,0,ThetaMat,Accessories,15,41.7,0.155,35.24,42.23,-16.56,17.06,0.5,13,458.07,263.07,57.43
438,4,73,0,0,AlphaWatch,Wearables,40,80.42,0.188,65.3,86.62,-24.61,7.01,0.548,4,261.2,101.2,38.75
438,4,73,0,0,BetaBuds,Audio,25,60.19,0.02,58.99,67.16,-12.17,12.84,0.803,6,353.92,203.92,57.62
438,4,73,0,0,GammaBand,Wearables,18,42.82,0.008,42.48,39.92,6.41,16.98,0.612,13,552.21,318.21,57.62
438,4,73,0,0,DeltaDock,Accessories,30,72.75,0.079,67.0,76.23,-12.1,28.1,0.589,1,67.0,37.0,55.23
438,4,73,0,0,EpsilonCam,Imaging,55,105.63,0.028,102.67,120.25,-14.62,120.97,1.5,11,1129.4,524.4,46.43
438,4,73,0,0,ZetaHub,Accessories,22,59.8,0.035,57.71,61.18,-5.68,6.64,0.5,4,230.83,142.83,61.88
438,4,73,0,0,EtaDesk,Furniture,80,161.07,0.016,158.49,174.4,-9.12,33.41,0.83,5,792.46,392.46,49.52
438,4,73,0,0,ThetaMat,Accessories,15,32.78,0.022,32.06,35.46,-9.59,33.1,0.5,30,961.77,511.77,53.21
439,5,74,1,0,AlphaWatch,Wearables,40,80.01,0.135,69.21,70.78,-2.22,43.63,0.663,8,553.67,233.67,42.2
439,5,74,1,0,BetaBuds,Audio,25,60.34,0.048,57.44,60.47,-5.0,93.81,1.326,18,1033.99,583.99,56.48
439,5,74,1,0,GammaBand,Wearables,18,51.75,0.053,49.01,60.09,-18.44,1.54,0.5,7,343.05,217.05,63.27
439,5,74,1,0,DeltaDock,Accessories,30,62.14,0.139,53.5,56.27,-4.92,6.34,0.5,1,53.5,23.5,43.93
439,5,74,1,0,EpsilonCam,Imaging,55,108.45,0.09,98.69,122.48,-19.42,14.88,0.5,3,296.07,131.07,44.27
439,5,74,1,0,ZetaHub,Accessories,22,41.38,0.021,40.51,39.71,2.02,115.18,1.5,44,1782.48,814.48,45.69
439,5,74,1,0,EtaDesk,Furniture,80,195.21,0.066,182.33,227.7,-19.93,59.18,1.178,7,1276.28,716.28,56.12
439,5,74,1,0,ThetaMat,Accessories,15,37.06,0.119,32.65,42.73,-23.59,25.3,1.015,22,718.3,388.3,54.06
440,6,75,1,0,AlphaWatch,Wearables,40,88.04,0.141,75.63,106.85,-29.22,17.47,0.692,4,302.51,142.51,47.11
440,6,75,1,0,BetaBuds,Audio,25,57.61,0.144,49.31,71.47,-31.0,45.0,0.65,22,1084.91,534.91,49.3
440,6,75,1,0,GammaBand,Wearables,18,36.78,0.097,33.21,30.69,8.22,7.53,0.721,23,763.88,349.88,45.8
440,6,75,1,0,DeltaDock,Accessories,30,85.29,0.048,81.2,73.37,10.67,79.29,1.157,4,324.78,204.78,63.05
440,6,75,1,0,EpsilonCam,Imaging,55,151.07,0.018,148.35,140.67,5.46,86.41,1.179,2,296.7,186.7,62.93
440,6,75,1,0,ZetaHub,Accessories,22,40.41,0.086,36.93,37.44,-1.35,14.08,0.826,33,1218.85,492.85,40.44
440,6,75,1,0,EtaDesk,Furniture,80,222.8,0.021,218.12,240.39,-9.26,92.64,1.375,6,1308.73,828.73,63.32
440,6,75,1,0,ThetaMat,Accessories,15,26.62,0.12,23.43,26.55,-11.77,22.62,0.727,101,2365.99,850.99,35.97
441,0,76,0,0,AlphaWatch,Wearables,40,76.35,0.008,75.74,91.06,-16.82,10.12,0.5,4,302.96,142.96,47.19
441,0,76,0,0,BetaBuds,Audio,25,49.35,0.061,46.34,52.94,-12.47,5.43,0.541,5,231.7,106.7,46.05
441,0,76,0,0,GammaBand,Wearables,18,43.85,0.003,43.72,41.24,6.01,41.76,0.736,26,1136.68,668.68,58.83
441,0,76,0,0,DeltaDock,Accessories,30,52.14,0.088,47.55,60.39,-21.26,17.93,0.5,3,142.66,52.66,36.91
441,0,76,0,0,EpsilonCam,Imaging,55,149.27,0.052,141.51,134.05,5.56,19.06,0.607,2,283.02,173.02,61.13
441,0,76,0,0,ZetaHub,Accessories,22,48.63,0.23,37.45,49.75,-24.73,27.69,0.824,36,1348.02,556.02,41.25
441,0,76,0,0,EtaDesk,Furniture,80,195.33,0.116,172.67,174.31,-0.94,41.05,0.837,5,863.36,463.36,53.67
441,0,76,0,0,ThetaMat,Accessories,15,38.94,0.066,36.37,38.81,-6.29,29.37,1.055,19,691.03,406.03,58.76
442,1,77,0,0,AlphaWatch,Wearables,40,101.39,0.107,90.54,110.35,-17.95,6.22,0.665,3,271.62,151.62,55.82
442,1,77,0,0,BetaBuds,Audio,25,56.42,0.04,54.16,49.09,10.33,16.34,0.725,6,324.98,174.98,53.84
442,1,77,0,0,GammaBand,Wearables,18,45.35,0.056,42.81,40.17,6.57,74.39,1.2,31,1327.12,769.12,57.95
442,1,77,0,0,DeltaDock,Accessories,30,75.19,0.095,68.05,68.55,-0.73,15.77,0.651,1,68.05,38.05,55.91
442,1,77,0,0,EpsilonCam,Imaging,55,145.15,0.085,132.81,148.88,-10.79,8.31,0.763,3,398.44,233.44,58.59
442,1,77,0,0,ZetaHub,Accessories,22,56.45,0.04,54.19,51.5,5.23,70.87,0.948,22,1192.22,708.22,59.4
442,1,77,0,0,EtaDesk,Furniture,80,178.57,0.123,156.61,201.44,-22.26,117.33,1.221,7,1096.24,536.24,48.92
442,1,77,0,0,ThetaMat,Accessories,15,29.44,0.077,27.17,35.37,-23.17,13.8,0.542,34,923.89,413.89,44.8
443,2,78,0,0,AlphaWatch,Wearables,40,75.39,0.09,68.6,85.03,-19.32,12.59,0.618,9,617.44,257.44,41.7
443,2,78,0,0,BetaBuds,Audio,25,70.71,0.134,61.23,68.61,-10.75,9.52,0.74,7,428.64,253.64,59.17
443,2,78,0,0,GammaBand,Wearables,18,39.98,0.046,38.14,39.13,-2.53,32.18,0.849,20,762.82,402.82,52.81
443,2,78,0,0,DeltaDock,Accessories,30,51.41,0.065,48.07,56.29,-14.61,60.35,0.92,5,240.34,90.34,37.59
443,2,78,0,0,EpsilonCam,Imaging,55,128.12,0.112,113.77,118.73,-4.18,50.57,0.904,5,568.85,293.85,51.66
443,2,78,0,0,ZetaHub,Accessories,22,50.94,0.025,49.67,57.34,-13.38,4.23,0.643,8,397.33,221.33,55.7
443,2,78,0,0,EtaDesk,Furniture,80,174.0,0.082,159.73,166.41,-4.01,10.14,0.52,2,319.46,159.46,49.92
443,2,78,0,0,ThetaMat,Accessories,15,39.28,0.005,39.08,41.01,-4.7,42.97,0.809,18,703.5,433.5,61.62
444,3,79,0,0,AlphaWatch,Wearables,40,108.49,0.091,98.62,117.58,-16.13,2.22,0.5,1,98.62,58.62,59.44
444,3,79,0,0,BetaBuds,Audio,25,61.5,0.129,53.57,63.93,-16.21,25.43,0.712,10,535.66,285.66,53.33
444,3,79,0,0,GammaBand,Wearables,18,43.77,0.093,39.7,54.71,-27.44,5.22,0.5,10,396.99,216.99,54.66
444,3,79,0,0,DeltaDock,Accessories,30,64.25,0.127,56.09,58.62,-4.32,16.16,0.59,2,112.18,52.18,46.51
444,3,79,0,0,EpsilonCam,Imaging,55,144.13,0.154,121.93,124.08,-1.73,44.67,0.85,5,609.67,334.67,54.89
444,3,79,0,0,ZetaHub,Accessories,22,47.54,0.082,43.64,44.83,-2.65,6.42,0.547,8,349.13,173.13,49.59
444,3,79,0,0,EtaDesk,Furniture,80,187.17,0.108,166.96,167.25,-0.18,4.78,0.5,1,166.96,86.96,52.08
444,3,79,0,0,ThetaMat,Accessories,15,30.01,0.159,25.24,33.08,-23.7,0.9,0.787,28,706.68,286.68,40.57
445,4,80,0,0,AlphaWatch,Wearables,40,105.55,0.202,84.23,122.95,-31.49,11.99,0.525,4,336.92,176.92,52.51
445,4,80,0,0,BetaBuds,Audio,25,45.6,0.056,43.05,45.14,-4.64,26.18,0.881,9,387.42,162.42,41.92
445,4,80,0,0,GammaBand,Wearables,18,46.14,0.054,43.65,45.93,-4.97,15.11,0.5,9,392.84,230.84,58.76
445,4,80,0,0,DeltaDock,Accessories,30,83.55,0.052,79.21,90.91,-12.87,8.37,0.53,1,79.21,49.21,62.12
445,4,80,0,0,EpsilonCam,Imaging,55,134.85,0.025,131.48,134.33,-2.12,20.71,0.759,3,394.44,229.44,58.17
445,4,80,0,0,ZetaHub,Accessories,22,53.02,0.002,52.91,57.2,-7.49,49.04,0.808,12,634.97,370.97,58.42
445,4,80,0,0,EtaDesk,Furniture,80,211.17,0.098,190.48,242.76,-21.54,101.61,1.15,9,1714.28,994.28,58.0
445,4,80,0,0,ThetaMat,Accessories,15,30.79,0.06,28.94,27.94,3.59,6.28,0.548,18,520.97,250.97,48.17
446,5,81,1,0,AlphaWatch,Wearables,40,77.19,0.019,75.72,86.22,-12.17,43.42,0.829,9,681.51,321.51,47.18
446,5,81,1,0,BetaBuds,Audio,25,48.85,0.008,48.46,55.23,-12.26,41.85,0.89,29,1405.32,680.32,48.41
446,5,81,1,0,GammaBand,Wearables,18,48.69,0.26,36.03,55.88,-35.52,33.11,0.709,29,1044.89,522.89,50.04
446,5,81,1,0,DeltaDock,Accessories,30,70.61,0.117,62.35,69.11,-9.78,62.95,1.08,5,311.74,161.74,51.88
446,5,81,1,0,EpsilonCam,Imaging,55,131.91,0.025,128.61,143.16,-10.16,99.3,1.346,10,1286.12,736.12,57.24
446,5,81,1,0,ZetaHub,Accessories,22,58.09,0.042,55.65,51.91,7.21,13.7,0.548,6,333.9,201.9,60.47
446,5,81,1,0,EtaDesk,Furniture,80,167.55,0.025,163.36,181.36,-9.92,5.42,0.743,3,490.08,250.08,51.03
446,5,81,1,0,ThetaMat,Accessories,15,41.53,0.116,36.71,41.88,-12.34,4.04,0.738,10,367.13,217.13,59.14
447,6,82,1,0,AlphaWatch,Wearables,40,116.04,0.123,101.77,108.15,-5.9,156.06,1.5,18,1831.81,1111.81,60.69
447,6,82,1,0,BetaBuds,Audio,25,53.16,0.009,52.68,53.36,-1.27,28.24,1.03,7,368.77,193.77,52.55
447,6,82,1,0,GammaBand,Wearables,18,48.36,0.032,46.81,59.26,-21.0,7.26,0.5,12,561.75,345.75,61.55
447,6,82,1,0,DeltaDock,Accessories,30,76.58,0.075,70.84,72.55,-2.36,35.87,0.767,2,141.67,81.67,57.65
447,6,82,1,0,EpsilonCam,Imaging,55,104.85,0.013,103.49,112.03,-7.63,5.88,0.5,2,206.97,96.97,46.85
447,6,82,1,0,ZetaHub,Accessories,22,42.25,0.012,41.74,41.46,0.68,0.79,0.542,5,208.72,98.72,47.3
447,6,82,1,0,EtaDesk,Furniture,80,156.57,0.033,151.4,140.82,7.52,64.63,1.017,8,1211.23,571.23,47.16
447,6,82,1,0,ThetaMat,Accessories,15,24.6,0.045,23.49,26.59,-11.65,4.29,0.605,68,1597.52,577.52,36.15
448,0,83,0,0,AlphaWatch,Wearables,40,79.54,0.068,74.13,72.29,2.55,1.88,0.648,3,222.39,102.39,46.04
448,0,83,0,0,BetaBuds,Audio,25,55.04,0.069,51.24,60.33,-15.06,11.49,0.5,8,409.94,209.94,51.21
448,0,83,0,0,GammaBand,Wearables,18,43.5,0.094,39.41,51.24,-23.09,22.85,0.808,28,1103.51,599.51,54.33
448,0,83,0,0,DeltaDock,Accessories,30,57.16,0.07,53.16,56.1,-5.24,28.48,0.823,5,265.79,115.79,43.57
448,0,83,0,0,EpsilonCam,Imaging,55,139.23,0.161,116.81,133.43,-12.45,7.99,0.5,2,233.63,123.63,52.92
448,0,83,0,0,ZetaHub,Accessories,22,45.71,0.107,40.82,49.5,-17.54,0.31,0.693,5,204.1,94.1,46.1
448,0,83,0,0,EtaDesk,Furniture,80,177.43,0.076,163.95,150.3,9.08,3.55,0.5,1,163.95,83.95,51.2
448,0,83,0,0,ThetaMat,Accessories,15,30.36,0.093,27.54,30.38,-9.36,29.0,0.764,36,991.31,451.31,45.53
449,1,84,0,0,AlphaWatch,Wearables,40,85.57,0.081,78.64,77.23,1.82,110.67,1.105,14,1100.94,540.94,49.13
449,1,84,0,0,BetaBuds,Audio,25,62.8,0.075,58.09,52.19,11.3,16.45,0.634,7,406.63,231.63,56.96
449,1,84,0,0,GammaBand,Wearables,18,35.25,0.028,34.26,33.51,2.25,73.09,0.806,52,1781.68,845.68,47.47
449,1,84,0,0,DeltaDock,Accessories,30,78.15,0.074,72.37,80.35,-9.94,10.06,0.538,2,144.73,84.73,58.54
449,1,84,0,0,EpsilonCam,Imaging,55,108.37,0.045,103.49,106.71,-3.01,1.9,0.5,1,103.49,48.49,46.86
449,1,84,0,0,ZetaHub,Accessories,22,59.21,0.006,58.85,65.89,-10.68,7.54,0.663,9,529.69,331.69,62.62
449,1,84,0,0,EtaDesk,Furniture,80,216.56,0.047,206.38,220.98,-6.61,45.47,0.729,3,619.15,379.15,61.24
449,1,84,0,0,ThetaMat,Accessories,15,30.93,0.087,28.24,27.51,2.65,1.54,0.555,27,762.46,357.46,46.88
450,2,85,0,0,AlphaWatch,Wearables,40,74.33,0.117,65.63,73.44,-10.63,62.45,1.245,19,1247.03,487.03,39.06
450,2,85,0,0,BetaBuds,Audio,25,60.89,0.009,60.34,65.23,-7.49,11.22,0.527,5,301.71,176.71,58.57
450,2,85,0,0,GammaBand,Wearables,18,44.38,0.05,42.16,43.57,-3.23,15.65,0.5,8,337.29,193.29,57.31
450,2,85,0,0,DeltaDock,Accessories,30,65.73,0.04,63.1,61.52,2.57,39.31,0.985,4,252.4,132.4,52.46
450,2,85,0,0,EpsilonCam,Imaging,55,124.32,0.053,117.73,122.9,-4.21,11.02,0.7,2,235.46,125.46,53.28
450,2,85,0,0,ZetaHub,Accessories,22,57.5,0.05,54.62,53.8,1.53,30.45,0.823,13,710.12,424.12,59.73
450,2,85,0,0,EtaDesk,Furniture,80,174.57,0.026,170.03,155.84,9.11,15.15,0.743,5,850.16,450.16,52.95
450,2,85,0,0,ThetaMat,Accessories,15,30.05,0.164,25.12,27.04,-7.09,67.39,0.846,161,4044.61,1629.61,40.29
451,3,86,0,0,AlphaWatch,Wearables,40,84.69,0.195,68.18,91.96,-25.86,2.76,0.777,3,204.53,84.53,41.33
451,3,86,0,0,BetaBuds,Audio,25,54.23,0.056,51.19,54.38,-5.86,30.72,0.836,12,614.32,314.32,51.17
451,3,86,0,0,GammaBand,Wearables,18,47.38,0.133,41.08,41.52,-1.06,17.95,0.72,18,739.41,415.41,56.18
451,3,86,0,0,DeltaDock,Accessories,30,59.11,0.038,56.86,54.33,4.66,7.74,0.5,2,113.73,53.73,47.24
451,3,86,0,0,EpsilonCam,Imaging,55,153.38,0.091,139.42,179.48,-22.32,3.26,0.5,1,139.42,84.42,60.55
451,3,86,0,0,ZetaHub,Accessories,22,50.38,0.035,48.62,48.52,0.2,23.24,0.747,15,729.25,399.25,54.75
451,3,86,0,0,EtaDesk,Furniture,80,184.25,0.027,179.28,176.48,1.58,1.45,0.538,1,179.28,99.28,55.38
451,3,86,0,0,ThetaMat,Accessories,15,28.65,0.038,27.56,31.04,-11.21,7.75,0.724,40,1102.45,502.45,45.58
452,4,87,0,0,AlphaWatch,Wearables,40,100.83,0.087,92.06,102.21,-9.93,49.81,0.978,4,368.23,208.23,56.55
452,4,87,0,0,BetaBuds,Audio,25,62.7,0.117,55.36,65.16,-15.03,3.6,0.5,3,166.09,91.09,54.84
452,4,87,0,0,GammaBand,Wearables,18,40.83,0.02,40.01,39.75,0.66,2.52,0.5,4,160.05,88.05,55.02
452,4,87,0,0,DeltaDock,Accessories,30,60.25,0.116,53.26,64.46,-17.37,14.38,0.86,4,213.04,93.04,43.67
452,4,87,0,0,EpsilonCam,Imaging,55,122.83,0.105,109.93,114.89,-4.31,22.26,0.77,4,439.73,219.73,49.97
452,4,87,0,0,ZetaHub,Accessories,22,50.51,0.029,49.05,41.87,17.14,14.34,0.508,10,490.45,270.45,55.14
452,4,87,0,0,EtaDesk,Furniture,80,179.45,0.028,174.43,154.87,12.63,0.52,0.526,1,174.43,94.43,54.14
452,4,87,0,0,ThetaMat,Accessories,15,30.64,0.022,29.97,25.98,15.34,3.69,0.519,16,479.45,239.45,49.94
453,5,88,1,0,AlphaWatch,Wearables,40,80.67,0.076,74.54,88.52,-15.79,40.51,0.791,17,1267.16,587.16,46.34
453,5,88,1,0,BetaBuds,Audio,25,63.0,0.144,53.93,56.42,-4.42,98.37,1.267,27,1456.06,781.06,53.64
453,5,88,1,0,GammaBand,Wearables,18,38.25,0.052,36.26,37.76,-3.97,155.63,1.5,149,5402.89,2720.89,50.36
453,5,88,1,0,DeltaDock,Accessories,30,58.56,0.018,57.51,62.85,-8.5,72.01,1.05,6,345.04,165.04,47.83
453,5,88,1,0,EpsilonCam,Imaging,55,139.94,0.022,136.86,125.27,9.25,17.58,0.566,2,273.72,163.72,59.81
453,5,88,1,0,ZetaHub,Accessories,22,51.41,0.086,46.99,53.01,-11.36,3.71,0.593,7,328.92,174.92,53.18
453,5,88,1,0,EtaDesk,Furniture,80,148.3,0.046,141.48,153.77,-7.99,0.96,0.5,1,141.48,61.48,43.45
453,5,88,1,0,ThetaMat,Accessories,15,33.08,0.058,31.16,37.64,-17.21,33.82,0.688,26,810.2,420.2,51.86
454,6,89,1,0,AlphaWatch,Wearables,40,100.39,0.037,96.68,87.38,10.64,14.25,0.608,2,193.35,113.35,58.62
454,6,89,1,0,BetaBuds,Audio,25,63.37,0.068,59.06,70.27,-15.95,49.63,0.846,7,413.43,238.43,57.67
454,6,89,1,0,GammaBand,Wearables,18,38.23,0.112,33.95,37.2,-8.74,25.14,0.861,24,814.76,382.76,46.98
454,6,89,1,0,DeltaDock,Accessories,30,82.37,0.012,81.38,81.56,-0.22,14.73,0.519,1,81.38,51.38,63.14
454,6,89,1,0,EpsilonCam,Imaging,55,139.14,0.007,138.17,131.35,5.19,12.74,0.771,2,276.33,166.33,60.19
454,6,89,1,0,ZetaHub,Accessories,22,42.11,0.044,40.26,44.67,-9.88,4.39,0.5,11,442.83,200.83,45.35
454,6,89,1,0,EtaDesk,Furniture,80,206.43,0.03,200.24,195.54,2.4,60.46,0.815,5,1001.19,601.19,60.05
454,6,89,1,0,ThetaMat,Accessories,15,43.17,0.061,40.54,42.89,-5.49,5.78,0.53,10,405.37,255.37,63.0
455,0,90,0,0,AlphaWatch,Wearables,40,83.81,0.118,73.92,75.36,-1.91,20.55,0.787,3,221.76,101.76,45.89
455,0,90,0,0,BetaBuds,Audio,25,69.15,0.053,65.49,74.05,-11.57,8.47,0.665,5,327.43,202.43,61.82
455,0,90,0,0,GammaBand,Wearables,18,45.2,0.06,42.49,36.34,16.92,0.87,0.559,5,212.44,122.44,57.64
455,0,90,0,0,DeltaDock,Accessories,30,53.76,0.01,53.22,61.59,-13.59,36.97,0.867,3,159.67,69.67,43.63
455,0,90,0,0,EpsilonCam,Imaging,55,135.24,0.047,128.88,129.78,-0.69,1.22,0.501,1,128.88,73.88,57.33
455,0,90,0,0,ZetaHub,Accessories,22,58.96,0.042,56.48,72.75,-22.36,51.27,1.2,25,1412.09,862.09,61.05
455,0,90,0,0,EtaDesk,Furniture,80,152.19,0.124,133.32,154.68,-13.81,10.91,0.607,3,399.96,159.96,39.99
455,0,90,0,0,ThetaMat,Accessories,15,39.48,0.038,37.98,31.88,19.13,7.28,0.691,7,265.86,160.86,60.51
456,1,91,0,0,AlphaWatch,Wearables,40,91.52,0.04,87.86,102.61,-14.38,7.13,0.639,2,175.72,95.72,54.47
456,1,91,0,0,BetaBuds,Audio,25,54.23,0.074,50.22,66.62,-24.62,29.73,0.695,14,703.04,353.04,50.22
456,1,91,0,0,GammaBand,Wearables,18,48.97,0.008,48.58,38.08,27.57,3.52,0.567,8,388.63,244.63,62.95
456,1,91,0,0,DeltaDock,Accessories,30,77.76,0.014,76.67,70.35,8.99,16.61,0.683,1,76.67,46.67,60.87
456,1,91,0,0,EpsilonCam,Imaging,55,146.78,0.043,140.47,145.18,-3.25,29.03,0.82,3,421.41,256.41,60.85
456,1,91,0,0,ZetaHub,Accessories,22,55.67,0.067,51.94,55.23,-5.96,25.06,0.655,8,415.52,239.52,57.64
456,1,91,0,0,EtaDesk,Furniture,80,167.53,0.03,162.5,193.76,-16.13,5.45,0.532,1,162.5,82.5,50.77
456,1,91,0,0,ThetaMat,Accessories,15,37.65,0.101,33.85,42.79,-20.9,43.26,0.951,41,1387.74,772.74,55.68
457,2,92,0,0,AlphaWatch,Wearables,40,105.04,0.075,97.16,110.1,-11.75,28.96,0.765,5,485.81,285.81,58.83
457,2,92,0,0,BetaBuds,Audio,25,59.28,0.052,56.2,55.28,1.66,38.76,0.918,11,618.17,343.17,55.51
457,2,92,0,0,GammaBand,Wearables,18,41.7,0.022,40.78,43.29,-5.79,61.12,0.907,47,1916.78,1070.78,55.86
457,2,92,0,0,DeltaDock,Accessories,30,75.03,0.024,73.23,78.27,-6.44,42.6,0.83,2,146.46,86.46,59.03
457,2,92,0,0,EpsilonCam,Imaging,55,100.33,0.119,88.39,109.2,-19.06,36.09,0.901,8,707.13,267.13,37.78
457,2,92,0,0,ZetaHub,Accessories,22,53.18,0.084,48.71,64.55,-24.53,17.44,0.749,19,925.54,507.54,54.84
457,2,92,0,0,EtaDesk,Furniture,80,148.27,0.079,136.56,162.02,-15.72,43.67,0.791,7,955.9,395.9,41.42
457,2,92,0,0,ThetaMat,Accessories,15,32.48,0.106,29.04,34.39,-15.57,84.92,1.402,51,1480.89,715.89,48.34
458,3,93,0,0,AlphaWatch,Wearables,40,100.77,0.066,94.12,119.06,-20.95,26.09,0.637,5,470.6,270.6,57.5
458,3,93,0,0,BetaBuds,Audio,25,55.03,0.031,53.32,44.4,20.1,75.46,1.211,10,533.24,283.24,53.12
458,3,93,0,0,GammaBand,Wearables,18,44.43,0.172,36.79,47.84,-23.1,38.54,0.671,21,772.55,394.55,51.07
458,3,93,0,0,DeltaDock,Accessories,30,56.95,0.007,56.55,57.35,-1.39,38.73,0.815,3,169.65,79.65,46.95
458,3,93,0,0,EpsilonCam,Imaging,55,147.28,0.11,131.08,150.45,-12.88,17.98,0.675,3,393.24,228.24,58.04
458,3,93,0,0,ZetaHub,Accessories,22,41.03,0.151,34.83,36.41,-4.33,77.13,1.078,49,1706.89,628.89,36.84
458,3,93,0,0,EtaDesk,Furniture,80,183.27,0.033,177.22,214.2,-17.26,21.71,0.763,3,531.67,291.67,54.86
458,3,93,0,0,ThetaMat,Accessories,15,31.0,0.064,29.02,27.74,4.6,2.65,0.5,8,232.13,112.13,48.3
459,4,94,0,0,AlphaWatch,Wearables,40,105.43,0.141,90.56,108.51,-16.54,17.98,0.595,5,452.82,252.82,55.83
459,4,94,0,0,BetaBuds,Audio,25,68.38,0.04,65.64,82.73,-20.65,6.47,0.5,6,393.87,243.87,61.92
459,4,94,0,0,GammaBand,Wearables,18,49.1,0.068,45.76,45.99,-0.5,29.73,0.68,15,686.42,416.42,60.67
459,4,94,0,0,DeltaDock,Accessories,30,79.51,0.02,77.92,81.3,-4.16,18.3,0.5,1,77.92,47.92,61.5
459,4,94,0,0,EpsilonCam,Imaging,55,126.91,0.064,118.79,108.88,9.1,18.45,0.795,1,118.79,63.79,53.7
459,4,94,0,0,ZetaHub,Accessories,22,43.66,0.025,42.57,46.53,-8.51,0.75,0.5,6,255.41,123.41,48.32
459,4,94,0,0,EtaDesk,Furniture,80,213.19,0.009,211.27,233.27,-9.43,41.71,1.044,3,633.81,393.81,62.13
459,4,94,0,0,ThetaMat,Accessories,15,33.6,0.065,31.42,31.99,-1.79,0.89,0.5,6,188.5,98.5,52.25
460,5,95,1,0,AlphaWatch,Wearables,40,103.02,0.045,98.38,113.2,-13.09,27.94,0.792,5,491.92,291.92,59.34
460,5,95,1,0,BetaBuds,Audio,25,64.9,0.144,55.55,59.06,-5.94,101.65,1.429,27,1499.97,824.97,55.0
460,5,95,1,0,GammaBand,Wearables,18,35.02,0.097,31.62,26.63,18.75,14.37,0.707,39,1233.3,531.3,43.08
460,5,95,1,0,DeltaDock,Accessories,30,81.14,0.006,80.65,73.17,10.23,32.45,0.599,2,161.31,101.31,62.8
460,5,95,1,0,EpsilonCam,Imaging,55,122.57,0.049,116.56,105.95,10.02,10.0,0.5,1,116.56,61.56,52.82
460,5,95,1,0,ZetaHub,Accessories,22,58.1,0.096,52.52,63.75,-17.61,3.42,0.508,8,420.18,244.18,58.11
460,5,95,1,0,EtaDesk,Furniture,80,210.37,0.092,191.02,236.46,-19.22,12.84,0.779,3,573.05,333.05,58.12
460,5,95,1,0,ThetaMat,Accessories,15,29.0,0.089,26.42,27.38,-3.51,46.46,0.674,46,1215.27,525.27,43.22
461,6,96,1,0,AlphaWatch,Wearables,40,82.55,0.116,72.97,102.32,-28.68,13.2,0.5,6,437.85,197.85,45.19
461,6,96,1,0,BetaBuds,Audio,25,49.57,0.102,44.51,41.8,6.49,42.37,1.017,19,845.76,370.76,43.84
461,6,96,1,0,GammaBand,Wearables,18,43.7,0.01,43.26,46.85,-7.66,43.26,1.271,83,3590.83,2096.83,58.39
461,6,96,1,0,DeltaDock,Accessories,30,73.52,0.151,62.42,84.49,-26.12,10.81,0.696,3,187.26,97.26,51.94
461,6,96,1,0,EpsilonCam,Imaging,55,106.81,0.072,99.12,107.41,-7.72,16.77,0.552,2,198.24,88.24,44.51
461,6,96,1,0,ZetaHub,Accessories,22,45.57,0.052,43.2,39.39,9.67,43.33,0.962,32,1382.41,678.41,49.07
461,6,96,1,0,EtaDesk,Furniture,80,174.19,0.022,170.36,155.49,9.56,13.16,0.756,3,511.07,271.07,53.04
461,6,96,1,0,ThetaMat,Accessories,15,28.26,0.128,24.64,31.57,-21.94,17.13,0.749,67,1651.06,646.06,39.13
462,0,97,0,0,AlphaWatch,Wearables,40,109.45,0.078,100.91,119.94,-15.86,32.85,0.923,6,605.48,365.48,60.36
462,0,97,0,0,BetaBuds,Audio,25,58.1,0.118,51.24,57.44,-10.79,30.99,0.789,11,563.69,288.69,51.21
462,0,97,0,0,GammaBand,Wearables,18,49.25,0.15,41.86,44.1,-5.07,18.97,0.721,13,544.21,310.21,57.0
462,0,97,0,0,DeltaDock,Accessories,30,70.24,0.069,65.39,70.2,-6.85,8.78,0.611,3,196.18,106.18,54.12
462,0,97,0,0,EpsilonCam,Imaging,55,143.09,0.079,131.79,132.06,-0.21,45.92,0.913,3,395.36,230.36,58.27
462,0,97,0,0,ZetaHub,Accessories,22,43.7,0.014,43.09,51.99,-17.12,21.65,0.68,12,517.06,253.06,48.94
462,0,97,0,0,EtaDesk,Furniture,80,146.78,0.025,143.11,159.08,-10.04,18.49,0.687,3,429.33,189.33,44.1
462,0,97,0,0,ThetaMat,Accessories,15,40.13,0.019,39.37,41.1,-4.22,42.97,0.879,22,866.09,536.09,61.9
463,1,98,0,0,AlphaWatch,Wearables,40,73.45,0.191,59.42,71.47,-16.86,19.5,0.677,10,594.21,194.21,32.68
463,1,98,0,0,BetaBuds,Audio,25,70.66,0.091,64.23,70.7,-9.15,7.98,0.5,4,256.92,156.92,61.08
463,1,98,0,0,GammaBand,Wearables,18,48.17,0.093,43.69,43.45,0.55,54.21,0.96,31,1354.4,796.4,58.8
463,1,98,0,0,DeltaDock,Accessories,30,73.19,0.049,69.6,64.39,8.1,78.32,1.375,6,417.62,237.62,56.9
463,1,98,0,0,EpsilonCam,Imaging,55,106.47,0.128,92.84,100.97,-8.05,8.91,0.5,2,185.68,75.68,40.76
463,1,98,0,0,ZetaHub,Accessories,22,56.63,0.124,49.61,53.72,-7.65,8.06,0.674,9,446.47,248.47,55.65
463,1,98,0,0,EtaDesk,Furniture,80,162.41,0.046,154.94,171.36,-9.58,24.19,0.5,5,774.7,374.7,48.37
463,1,98,0,0,ThetaMat,Accessories,15,34.89,0.077,32.2,27.81,15.8,32.53,0.609,28,901.7,481.7,53.42
464,2,99,0,0,AlphaWatch,Wearables,40,112.3,0.08,103.32,113.23,-8.76,15.45,0.609,2,206.63,126.63,61.28
464,2,99,0,0,BetaBuds,Audio,25,49.89,0.044,47.69,56.41,-15.45,5.02,0.5,7,333.86,158.86,47.58
464,2,99,0,0,GammaBand,Wearables,18,47.08,0.033,45.53,53.53,-14.95,0.27,0.535,4,182.11,110.11,60.46
464,2,99,0,0,DeltaDock,Accessories,30,79.08,0.089,72.04,78.85,-8.63,18.58,0.594,2,144.08,84.08,58.36
464,2,99,0,0,EpsilonCam,Imaging,55,103.09,0.102,92.57,119.28,-22.39,3.38,0.5,2,185.15,75.15,40.59
464,2,99,0,0,ZetaHub,Accessories,22,55.87,0.009,55.37,46.41,19.3,37.9,0.758,16,885.87,533.87,60.27
464,2,99,0,0,EtaDesk,Furniture,80,198.25,0.043,189.73,218.92,-13.34,25.86,0.773,4,758.9,438.9,57.83
464,2,99,0,0,ThetaMat,Accessories,15,29.98,0.011,29.65,30.4,-2.47,51.69,0.723,42,1245.31,615.31,49.41
465,3,100,0,0,AlphaWatch,Wearables,40,92.1,0.13,80.13,86.61,-7.49,40.53,0.957,10,801.27,401.27,50.08
465,3,100,0,0,BetaBuds,Audio,25,64.23,0.098,57.94,65.69,-11.8,22.45,0.821,12,695.23,395.23,56.85
465,3,100,0,0,GammaBand,Wearables,18,36.06,0.03,34.98,32.75,6.8,0.43,0.5,8,279.83,135.83,48.54
465,3,100,0,0,DeltaDock,Accessories,30,75.93,0.107,67.81,64.05,5.86,34.61,1.28,5,339.03,189.03,55.76
465,3,100,0,0,EpsilonCam,Imaging,55,113.84,0.237,86.86,95.95,-9.47,61.07,0.898,9,781.74,286.74,36.68
465,3,100,0,0,ZetaHub,Accessories,22,49.51,0.01,49.01,41.74,17.43,14.87,0.657,13,637.19,351.19,55.12
465,3,100,0,0,EtaDesk,Furniture,80,198.16,0.041,190.04,213.93,-11.17,39.12,0.846,3,570.11,330.11,57.9
465,3,100,0,0,ThetaMat,Accessories,15,27.86,0.149,23.71,23.28,1.84,14.14,0.601,70,1659.62,609.62,36.73
466,4,101,0,0,AlphaWatch,Wearables,40,100.61,0.17,83.51,111.43,-25.06,27.32,0.731,5,417.53,217.53,52.1
466,4,101,0,0,BetaBuds,Audio,25,56.65,0.088,51.66,54.07,-4.45,57.52,1.021,16,826.64,426.64,51.61
466,4,101,0,0,GammaBand,Wearables,18,47.87,0.055,45.24,57.99,-21.99,79.42,1.438,41,1854.72,1116.72,60.21
466,4,101,0,0,DeltaDock,Accessories,30,68.37,0.052,64.81,59.68,8.6,20.3,0.5,2,129.63,69.63,53.71
466,4,101,0,0,EpsilonCam,Imaging,55,127.68,0.045,121.93,149.22,-18.29,58.33,0.974,5,609.67,334.67,54.89
466,4,101,0,0,ZetaHub,Accessories,22,41.64,0.025,40.6,47.3,-14.17,19.44,0.731,13,527.79,241.79,45.81
466,4,101,0,0,EtaDesk,Furniture,80,159.24,0.067,148.57,188.56,-21.21,55.31,1.124,10,1485.71,685.71,46.15
466,4,101,0,0,ThetaMat,Accessories,15,26.98,0.092,24.5,24.3,0.81,10.31,0.5,36,881.92,341.92,38.77
467,5,102,1,0,AlphaWatch,Wearables,40,75.47,0.168,62.79,66.22,-5.18,63.68,1.263,15,941.87,341.87,36.3
467,5,102,1,0,BetaBuds,Audio,25,64.92,0.081,59.66,61.73,-3.35,31.15,0.878,9,536.95,311.95,58.1
467,5,102,1,0,GammaBand,Wearables,18,39.32,0.027,38.26,39.76,-3.78,65.78,1.004,56,2142.47,1134.47,52.95
467,5,102,1,0,DeltaDock,Accessories,30,77.08,0.025,75.15,86.45,-13.07,29.14,0.779,3,225.46,135.46,60.08
467,5,102,1,0,EpsilonCam,Imaging,55,109.17,0.207,86.57,128.87,-32.82,18.92,0.794,8,692.57,252.57,36.47
467,5,102,1,0,ZetaHub,Accessories,22,60.34,0.061,56.66,56.73,-0.12,20.81,0.555,13,736.57,450.57,61.17
467,5,102,1,0,EtaDesk,Furniture,80,205.89,0.015,202.8,214.86,-5.61,12.44,0.739,2,405.6,245.6,60.55
467,5,102,1,0,ThetaMat,Accessories,15,28.79,0.03,27.93,32.07,-12.92,3.79,0.631,23,642.3,297.3,46.29
468,6,103,1,0,AlphaWatch,Wearables,40,100.47,0.176,82.79,87.14,-5.0,76.41,1.395,14,1159.02,599.02,51.68
468,6,103,1,0,BetaBuds,Audio,25,53.16,0.159,44.71,50.24,-11.01,85.37,1.463,35,1564.76,689.76,44.08
468,6,103,1,0,GammaBand,Wearables,18,50.27,0.054,47.56,49.16,-3.26,93.71,1.236,49,2330.22,1448.22,62.15
468,6,103,1,0,DeltaDock,Accessories,30,80.52,0.05,76.49,71.22,7.41,26.2,0.648,2,152.99,92.99,60.78
468,6,103,1,0,EpsilonCam,Imaging,55,135.19,0.048,128.7,156.07,-17.54,15.18,0.5,2,257.4,147.4,57.27
468,6,103,1,0,ZetaHub,Accessories,22,56.64,0.018,55.62,54.83,1.44,57.19,0.859,15,834.31,504.31,60.45
468,6,103,1,0,EtaDesk,Furniture,80,202.05,0.048,192.35,224.94,-14.49,1.16,0.58,1,192.35,112.35,58.41
468,6,103,1,0,ThetaMat,Accessories,15,29.8,0.174,24.61,39.76,-38.09,60.8,1.065,118,2904.55,1134.55,39.06
469,0,104,0,0,AlphaWatch,Wearables,40,97.13,0.093,88.1,100.77,-12.58,25.22,0.5,4,352.39,192.39,54.6
469,0,104,0,0,BetaBuds,Audio,25,69.64,0.054,65.88,76.54,-13.93,20.77,0.5,5,329.4,204.4,62.05
469,0,104,0,0,GammaBand,Wearables,18,33.07,0.022,32.34,39.09,-17.26,16.18,0.5,31,1002.62,444.62,44.35
469,0,104,0,0,DeltaDock,Accessories,30,59.69,0.137,51.51,49.13,4.85,2.84,0.732,2,103.02,43.02,41.76
469,0,104,0,0,EpsilonCam,Imaging,55,116.28,0.036,112.09,107.58,4.2,12.89,0.502,3,336.28,171.28,50.93
469,0,104,0,0,ZetaHub,Accessories,22,37.79,0.1,34.01,35.97,-5.45,1.53,0.551,12,408.13,144.13,35.32
469,0,104,0,0,EtaDesk,Furniture,80,155.53,0.076,143.71,181.39,-20.77,1.34,0.5,1,143.71,63.71,44.33
469,0,104,0,0,ThetaMat,Accessories,15,37.16,0.11,33.07,40.25,-17.83,18.0,0.573,29,959.1,524.1,54.64
470,1,105,0,0,AlphaWatch,Wearables,40,113.64,0.017,111.71,105.49,5.89,122.91,1.473,7,781.96,501.96,64.19
470,1,105,0,0,BetaBuds,Audio,25,62.18,0.057,58.64,68.64,-14.57,71.25,1.108,18,1055.44,605.44,57.36
470,1,105,0,0,GammaBand,Wearables,18,41.42,0.259,30.69,33.4,-8.11,61.67,1.262,87,2670.22,1104.22,41.35
470,1,105,0,0,DeltaDock,Accessories,30,66.82,0.113,59.27,72.22,-17.93,17.36,0.684,3,177.81,87.81,49.38
470,1,105,0,0,EpsilonCam,Imaging,55,124.16,0.049,118.08,141.05,-16.29,7.58,0.5,2,236.15,126.15,53.42
470,1,105,0,0,ZetaHub,Accessories,22,49.92,0.059,46.97,58.65,-19.91,8.8,0.737,13,610.67,324.67,53.17
470,1,105,0,0,EtaDesk,Furniture,80,219.07,0.074,202.86,257.71,-21.28,18.54,0.652,1,202.86,122.86,60.56
470,1,105,0,0,ThetaMat,Accessories,15,29.74,0.075,27.51,36.26,-24.13,3.21,0.5,22,605.21,275.21,45.47
471,2,106,0,0,AlphaWatch,Wearables,40,80.13,0.011,79.25,65.35,21.27,45.48,0.918,5,396.24,196.24,49.53
471,2,106,0,0,BetaBuds,Audio,25,49.21,0.07,45.77,58.99,-22.42,35.82,0.877,21,961.07,436.07,45.37
471,2,106,0,0,GammaBand,Wearables,18,41.6,0.062,39.02,36.99,5.49,98.39,1.29,54,2107.12,1135.12,53.87
471,2,106,0,0,DeltaDock,Accessories,30,81.27,0.058,76.56,80.32,-4.69,32.27,0.637,2,153.11,93.11,60.81
471,2,106,0,0,EpsilonCam,Imaging,55,133.44,0.079,122.9,120.63,1.88,10.13,0.5,3,368.69,203.69,55.25
471,2,106,0,0,ZetaHub,Accessories,22,56.97,0.01,56.4,57.88,-2.56,25.25,0.816,8,451.2,275.2,60.99
471,2,106,0,0,EtaDesk,Furniture,80,171.51,0.103,153.84,177.66,-13.41,105.34,1.5,14,2153.82,1033.82,48.0
471,2,106,0,0,ThetaMat,Accessories,15,32.89,0.123,28.84,33.24,-13.22,17.33,0.674,33,951.87,456.87,48.0
472,3,107,0,0,AlphaWatch,Wearables,40,85.54,0.183,69.89,70.1,-0.31,12.4,0.753,4,279.54,119.54,42.76
472,3,107,0,0,BetaBuds,Audio,25,62.22,0.046,59.36,69.99,-15.19,6.02,0.684,4,237.43,137.43,57.88
472,3,107,0,0,GammaBand,Wearables,18,47.1,0.03,45.69,40.11,13.9,16.94,0.535,7,319.81,193.81,60.6
472,3,107,0,0,DeltaDock,Accessories,30,67.17,0.123,58.91,53.6,9.9,27.35,0.815,2,117.82,57.82,49.07
472,3,107,0,0,EpsilonCam,Imaging,55,143.65,0.001,143.51,162.2,-11.53,28.53,0.85,3,430.52,265.52,61.67
472,3,107,0,0,ZetaHub,Accessories,22,47.3,0.103,42.43,37.29,13.78,9.24,0.501,6,254.57,122.57,48.15
472,3,107,0,0,EtaDesk,Furniture,80,156.29,0.148,133.16,135.2,-1.51,40.98,0.764,9,1198.43,478.43,39.92
472,3,107,0,0,ThetaMat,Accessories,15,30.99,0.029,30.09,30.78,-2.24,2.36,0.5,7,210.64,105.64,50.15
473,4,108,0,0,AlphaWatch,Wearables,40,94.59,0.1,85.13,102.35,-16.82,30.67,0.599,5,425.66,225.66,53.01
473,4,108,0,0,BetaBuds,Audio,25,54.1,0.052,51.29,49.0,4.67,40.08,0.754,20,1025.74,525.74,51.25
473,4,108,0,0,GammaBand,Wearables,18,44.49,0.115,39.37,51.3,-23.25,12.54,0.571,22,866.22,470.22,54.28
473,4,108,0,0,DeltaDock,Accessories,30,63.39,0.098,57.18,73.16,-21.85,55.43,0.907,7,400.24,190.24,47.53
473,4,108,0,0,EpsilonCam,Imaging,55,136.88,0.032,132.5,149.88,-11.6,23.25,0.658,2,265.0,155.0,58.49
473,4,108,0,0,ZetaHub,Accessories,22,58.23,0.117,51.42,50.18,2.47,19.4,0.5,9,462.75,264.75,57.21
473,4,108,0,0,EtaDesk,Furniture,80,132.35,0.044,126.53,157.59,-19.71,45.11,0.724,7,885.69,325.69,36.77
473,4,108,0,0,ThetaMat,Accessories,15,31.06,0.216,24.35,31.93,-23.74,18.55,0.605,38,925.34,355.34,38.4
474,5,109,1,0,AlphaWatch,Wearables,40,108.15,0.148,92.14,120.21,-23.35,93.63,1.112,14,1290.01,730.01,56.59
474,5,109,1,0,BetaBuds,Audio,25,56.16,0.149,47.79,54.04,-11.56,109.99,1.436,35,1672.73,797.73,47.69
474,5,109,1,0,GammaBand,Wearables,18,44.1,0.072,40.92,54.19,-24.48,8.04,0.626,15,613.87,343.87,56.02
474,5,109,1,0,DeltaDock,Accessories,30,61.14,0.035,59.0,60.28,-2.12,8.54,0.546,1,59.0,29.0,49.15
474,5,109,1,0,EpsilonCam,Imaging,55,114.89,0.092,104.32,123.25,-15.36,89.7,1.143,12,1251.84,591.84,47.28
474,5,109,1,0,ZetaHub,Accessories,22,47.89,0.006,47.6,57.37,-17.03,86.92,1.257,53,2522.94,1356.94,53.78
474,5,109,1,0,EtaDesk,Furniture,80,189.31,0.049,180.03,222.26,-19.0,13.25,0.665,4,720.14,400.14,55.56
474,5,109,1,0,ThetaMat,Accessories,15,37.51,0.215,29.45,32.34,-8.95,64.74,1.251,103,3032.87,1487.87,49.06
475,6,110,1,0,AlphaWatch,Wearables,40,76.65,0.075,70.9,81.42,-12.92,63.41,0.883,10,709.01,309.01,43.58
475,6,110,1,0,BetaBuds,Audio,25,50.56,0.014,49.85,45.55,9.44,12.8,0.745,8,398.82,198.82,49.85
475,6,110,1,0,GammaBand,Wearables,18,48.12,0.077,44.41,47.82,-7.12,45.12,0.787,21,932.71,554.71,59.47
475,6,110,1,0,DeltaDock,Accessories,30,81.5,0.118,71.88,83.57,-13.98,2.2,0.702,2,143.77,83.77,58.27
475,6,110,1,0,EpsilonCam,Imaging,55,106.76,0.026,103.98,121.57,-14.47,45.58,0.993,5,519.92,244.92,47.11
475,6,110,1,0,ZetaHub,Accessories,22,62.6,0.036,60.35,71.88,-16.05,21.72,0.5,9,543.12,345.12,63.54
475,6,110,1,0,EtaDesk,Furniture,80,157.58,0.216,123.54,144.73,-14.64,27.03,0.753,6,741.26,261.26,35.25
475,6,110,1,0,ThetaMat,Accessories,15,29.71,0.021,29.09,34.79,-16.4,37.65,0.621,39,1134.36,549.36,48.43
476,0,111,0,0,AlphaWatch,Wearables,40,79.26,0.061,74.43,85.59,-13.04,89.99,1.243,19,1414.08,654.08,46.25
476,0,111,0,0,BetaBuds,Audio,25,52.52,0.122,46.11,57.43,-19.71,0.78,0.515,2,92.23,42.23,45.78
476,0,111,0,0,GammaBand,Wearables,18,41.79,0.083,38.32,53.79,-28.76,9.78,0.99,21,804.75,426.75,53.03
476,0,111,0,0,DeltaDock,Accessories,30,68.96,0.115,61.03,66.04,-7.59,48.73,0.76,3,183.09,93.09,50.84
476,0,111,0,0,EpsilonCam,Imaging,55,159.26,0.019,156.23,145.71,7.22,8.51,0.594,1,156.23,101.23,64.8
476,0,111,0,0,ZetaHub,Accessories,22,44.03,0.004,43.85,41.61,5.39,2.73,0.503,3,131.56,65.56,49.83
476,0,111,0,0,EtaDesk,Furniture,80,188.84,0.045,180.34,154.96,16.38,15.81,0.708,3,541.03,301.03,55.64
476,0,111,0,0,ThetaMat,Accessories,15,34.16,0.161,28.66,43.9,-34.71,40.73,0.699,70,2006.22,956.22,47.66
477,1,112,0,0,AlphaWatch,Wearables,40,81.42,0.028,79.14,83.89,-5.66,0.59,0.5,2,158.28,78.28,49.46
477,1,112,0,0,BetaBuds,Audio,25,68.26,0.003,68.06,79.88,-14.8,13.8,0.5,3,204.17,129.17,63.27
477,1,112,0,0,GammaBand,Wearables,18,47.56,0.119,41.9,53.3,-21.39,8.21,0.5,9,377.1,215.1,57.04
477,1,112,0,0,DeltaDock,Accessories,30,66.61,0.011,65.88,74.32,-11.36,5.58,0.68,2,131.75,71.75,54.46
477,1,112,0,0,EpsilonCam,Imaging,55,139.7,0.023,136.49,157.18,-13.17,48.36,0.821,3,409.46,244.46,59.7
477,1,112,0,0,ZetaHub,Accessories,22,38.54,0.099,34.72,33.19,4.62,9.73,0.5,8,277.8,101.8,36.64
477,1,112,0,0,EtaDesk,Furniture,80,215.09,0.103,192.94,208.74,-7.57,18.0,0.623,1,192.94,112.94,58.54
477,1,112,0,0,ThetaMat,Accessories,15,34.07,0.114,30.19,41.34,-26.98,59.62,0.95,72,2173.39,1093.39,50.31
478,2,113,0,0,AlphaWatch,Wearables,40,77.69,0.029,75.44,87.47,-13.76,4.81,0.5,2,150.87,70.87,46.98
478,2,113,0,0,BetaBuds,Audio,25,48.5,0.106,43.36,53.82,-19.44,52.46,0.944,15,650.38,275.39,42.34
478,2,113,0,0,GammaBand,Wearables,18,32.35,0.094,29.31,32.23,-9.06,10.27,0.627,33,967.2,373.2,38.59
478,2,113,0,0,DeltaDock,Accessories,30,53.56,0.012,52.92,58.13,-8.97,36.06,1.01,3,158.75,68.75,43.31
478,2,113,0,0,EpsilonCam,Imaging,55,116.41,0.042,111.52,134.57,-17.13,13.27,0.579,2,223.04,113.04,50.68
478,2,113,0,0,ZetaHub,Accessories,22,49.79,0.035,48.05,56.45,-14.89,5.32,0.67,16,768.76,416.76,54.21
478,2,113,0,0,EtaDesk,Furniture,80,213.73,0.144,182.95,229.0,-20.11,15.33,0.661,3,548.86,308.86,56.27
478,2,113,0,0,ThetaMat,Accessories,15,30.01,0.016,29.53,37.78,-21.84,82.33,1.159,157,4636.18,2281.18,49.2
479,3,114,0,0,AlphaWatch,Wearables,40,89.71,0.085,82.08,92.33,-11.1,1.72,0.615,2,164.17,84.17,51.27
479,3,114,0,0,BetaBuds,Audio,25,65.98,0.038,63.47,70.66,-10.17,5.3,0.524,6,380.84,230.84,60.61
479,3,114,0,0,GammaBand,Wearables,18,40.01,0.009,39.65,44.28,-10.46,63.49,1.152,19,753.35,411.35,54.6
479,3,114,0,0,DeltaDock,Accessories,30,58.2,0.077,53.72,55.56,-3.31,6.68,0.585,2,107.44,47.44,44.15
479,3,114,0,0,EpsilonCam,Imaging,55,131.61,0.02,128.98,140.29,-8.06,29.39,0.681,3,386.93,221.93,57.36
479,3,114,0,0,ZetaHub,Accessories,22,40.06,0.165,33.45,42.11,-20.56,36.43,0.799,42,1404.9,480.9,34.23
479,3,114,0,0,EtaDesk,Furniture,80,223.36,0.024,218.0,233.45,-6.62,23.69,0.563,2,436.0,276.0,63.3
479,3,114,0,0,ThetaMat,Accessories,15,26.87,0.051,25.5,32.27,-20.98,31.29,0.823,56,1427.98,587.98,41.18
480,4,115,0,0,AlphaWatch,Wearables,40,74.04,0.142,63.53,71.73,-11.44,33.25,0.821,9,571.74,211.74,37.03
480,4,115,0,0,BetaBuds,Audio,25,66.59,0.087,60.8,79.16,-23.2,43.54,0.65,9,547.17,322.17,58.88
480,4,115,0,0,GammaBand,Wearables,18,38.39,0.198,30.79,44.06,-30.12,20.72,0.517,25,769.72,319.72,41.54
480,4,115,0,0,DeltaDock,Accessories,30,55.77,0.023,54.49,59.41,-8.29,32.26,0.696,5,272.44,122.44,44.94
480,4,115,0,0,EpsilonCam,Imaging,55,148.73,0.071,138.17,145.63,-5.12,1.11,0.5,0,0.0,0.0,60.19
480,4,115,0,0,ZetaHub,Accessories,22,53.39,0.201,42.66,62.92,-32.2,13.56,0.5,20,853.17,413.17,48.43
480,4,115,0,0,EtaDesk,Furniture,80,172.59,0.119,152.05,170.16,-10.64,65.64,1.02,8,1216.41,576.41,47.39
480,4,115,0,0,ThetaMat,Accessories,15,39.33,0.183,32.13,43.65,-26.39,8.87,0.522,12,385.59,205.59,53.32
481,5,116,1,0,AlphaWatch,Wearables,40,78.35,0.111,69.65,89.25,-21.96,28.95,0.783,12,835.84,355.84,42.57
481,5,116,1,0,BetaBuds,Audio,25,51.69,0.177,42.54,56.12,-24.2,24.21,0.5,41,1744.18,719.18,41.23
481,5,116,1,0,GammaBand,Wearables,18,41.64,0.059,39.18,32.77,19.57,28.99,0.678,21,822.85,444.85,54.06
481,5,116,1,0,DeltaDock,Accessories,30,65.78,0.09,59.86,59.6,0.44,42.06,1.055,5,299.3,149.3,49.88
481,5,116,1,0,EpsilonCam,Imaging,55,117.11,0.048,111.49,138.18,-19.32,33.72,0.7,3,334.47,169.47,50.67
481,5,116,1,0,ZetaHub,Accessories,22,47.9,0.021,46.89,44.99,4.23,48.9,0.879,19,890.99,472.99,53.09
481,5,116,1,0,EtaDesk,Furniture,80,174.38,0.08,160.43,184.26,-12.93,3.11,0.773,3,481.29,241.29,50.13
481,5,116,1,0,ThetaMat,Accessories,15,36.73,0.041,35.22,33.04,6.61,47.53,0.947,35,1232.84,707.84,57.42
482,6,117,1,0,AlphaWatch,Wearables,40,77.39,0.043,74.06,84.39,-12.24,56.46,0.727,11,814.68,374.68,45.99
482,6,117,1,0,BetaBuds,Audio,25,56.9,0.054,53.83,57.32,-6.09,9.02,0.542,6,322.96,172.96,53.56
482,6,117,1,0,GammaBand,Wearables,18,43.54,0.053,41.23,50.38,-18.16,41.66,0.684,26,1072.04,604.04,56.34
482,6,117,1,0,DeltaDock,Accessories,30,75.18,0.017,73.9,80.93,-8.68,2.04,0.618,1,73.9,43.9,59.41
482,6,117,1,0,EpsilonCam,Imaging,55,128.42,0.113,113.91,119.45,-4.64,82.13,1.359,9,1025.18,530.18,51.72
482,6,117,1,0,ZetaHub,Accessories,22,40.94,0.123,35.9,47.27,-24.04,71.9,1.029,69,2477.4,959.4,38.73
482,6,117,1,0,EtaDesk,Furniture,80,191.83,0.08,176.48,216.24,-18.39,8.9,0.511,3,529.45,289.45,54.67
482,6,117,1,0,ThetaMat,Accessories,15,38.17,0.111,33.93,45.31,-25.11,110.18,1.373,87,2952.18,1647.18,55.8
483,0,118,0,0,AlphaWatch,Wearables,40,94.18,0.033,91.07,81.03,12.39,29.21,0.702,4,364.29,204.29,56.08
483,0,118,0,0,BetaBuds,Audio,25,55.57,0.114,49.24,52.21,-5.7,15.7,0.5,12,590.82,290.82,49.22
483,0,118,0,0,GammaBand,Wearables,18,46.63,0.046,44.49,47.96,-7.25,25.62,0.961,15,667.28,397.28,59.54
483,0,118,0,0,DeltaDock,Accessories,30,60.97,0.065,57.01,66.1,-13.76,9.24,0.5,1,57.01,27.01,47.37
483,0,118,0,0,EpsilonCam,Imaging,55,151.97,0.057,143.31,153.86,-6.86,2.68,0.5,1,143.31,88.31,61.62
483,0,118,0,0,ZetaHub,Accessories,22,55.54,0.002,55.43,64.61,-14.21,18.3,0.942,15,831.43,501.43,60.31
483,0,118,0,0,EtaDesk,Furniture,80,193.01,0.105,172.74,213.98,-19.27,60.58,1.126,8,1381.95,741.95,53.69
483,0,118,0,0,ThetaMat,Accessories,15,36.48,0.023,35.64,32.23,10.58,4.61,0.53,7,249.49,144.49,57.91
484,1,119,0,0,AlphaWatch,Wearables,40,87.53,0.161,73.44,109.02,-32.64,3.82,0.5,3,220.31,100.31,45.53
484,1,119,0,0,BetaBuds,Audio,25,65.78,0.053,62.29,71.17,-12.47,62.36,0.914,8,498.35,298.35,59.87
484,1,119,0,0,GammaBand,Wearables,18,45.56,0.08,41.92,41.46,1.1,35.27,1.044,21,880.22,502.22,57.06
484,1,119,0,0,DeltaDock,Accessories,30,61.41,0.15,52.2,69.65,-25.06,88.99,1.03,7,365.39,155.39,42.53
484,1,119,0,0,EpsilonCam,Imaging,55,122.55,0.035,118.26,120.56,-1.91,10.33,0.5,3,354.78,189.78,53.49
484,1,119,0,0,ZetaHub,Accessories,22,44.57,0.066,41.63,48.94,-14.94,18.48,0.5,19,790.94,372.94,47.15
484,1,119,0,0,EtaDesk,Furniture,80,169.74,0.089,154.63,187.28,-17.43,21.42,0.778,4,618.53,298.53,48.26
484,1,119,0,0,ThetaMat,Accessories,15,33.3,0.052,31.57,38.81,-18.66,47.2,1.213,55,1736.26,911.26,52.48
485,2,120,0,0,AlphaWatch,Wearables,40,102.45,0.216,80.32,92.73,-13.38,10.51,0.557,4,321.28,161.28,50.2
485,2,120,0,0,BetaBuds,Audio,25,54.66,0.096,49.41,64.99,-23.97,34.83,0.852,15,741.19,366.19,49.41
485,2,120,0,0,GammaBand,Wearables,18,38.16,0.046,36.4,42.28,-13.9,13.17,0.746,23,837.31,423.31,50.56
485,2,120,0,0,DeltaDock,Accessories,30,69.54,0.023,67.94,78.52,-13.47,6.78,0.5,2,135.88,75.88,55.84
485,2,120,0,0,EpsilonCam,Imaging,55,135.13,0.042,129.45,119.06,8.73,0.39,0.5,0,0.0,0.0,57.51
485,2,120,0,0,ZetaHub,Accessories,22,53.6,0.06,50.38,58.4,-13.73,47.49,0.809,14,705.38,397.38,56.34
485,2,120,0,0,EtaDesk,Furniture,80,165.31,0.053,156.55,156.31,0.15,22.42,0.5,3,469.65,229.65,48.9
485,2,120,0,0,ThetaMat,Accessories,15,28.31,0.08,26.05,31.63,-17.66,30.95,0.788,96,2500.34,1060.34,42.41
486,3,121,0,0,AlphaWatch,Wearables,40,102.91,0.031,99.72,120.63,-17.33,1.61,0.601,1,99.72,59.72,59.89
486,3,121,0,0,BetaBuds,Audio,25,45.6,0.047,43.46,50.57,-14.07,80.84,1.094,26,1129.88,479.88,42.47
486,3,121,0,0,GammaBand,Wearables,18,45.39,0.086,41.49,56.48,-26.55,4.87,0.5,11,456.35,258.35,56.61
486,3,121,0,0,DeltaDock,Accessories,30,62.05,0.058,58.45,63.35,-7.73,29.48,0.644,6,350.71,170.71,48.68
486,3,121,0,0,EpsilonCam,Imaging,55,106.41,0.137,91.83,106.52,-13.79,2.1,0.541,2,183.66,73.66,40.11
486,3,121,0,0,ZetaHub,Accessories,22,50.88,0.071,47.27,55.53,-14.88,101.28,1.041,34,1607.1,859.1,53.46
486,3,121,0,0,EtaDesk,Furniture,80,193.89,0.19,157.05,211.46,-25.73,5.26,0.613,3,471.15,231.15,49.06
486,3,121,0,0,ThetaMat,Accessories,15,26.02,0.066,24.3,23.6,2.98,8.72,0.565,64,1555.37,595.37,38.28
487,4,122,0,0,AlphaWatch,Wearables,40,76.66,0.079,70.6,67.18,5.1,20.57,0.5,7,494.23,214.23,43.35
487,4,122,0,0,BetaBuds,Audio,25,62.56,0.02,61.31,67.61,-9.32,32.77,0.954,7,429.16,254.16,59.22
487,4,122,0,0,GammaBand,Wearables,18,50.04,0.01,49.54,49.11,0.87,31.45,0.917,14,693.55,441.55,63.67
487,4,122,0,0,DeltaDock,Accessories,30,62.02,0.138,53.46,75.43,-29.12,3.52,0.696,2,106.92,46.92,43.88
487,4,122,0,0,EpsilonCam,Imaging,55,127.08,0.05,120.73,135.43,-10.86,37.22,0.628,7,845.08,460.08,54.44
487,4,122,0,0,ZetaHub,Accessories,22,43.97,0.16,36.93,43.19,-14.48,26.84,0.589,30,1108.04,448.04,40.44
487,4,122,0,0,EtaDesk,Furniture,80,201.51,0.105,180.35,221.99,-18.76,13.01,0.708,3,541.05,301.05,55.64
487,4,122,0,0,ThetaMat,Accessories,15,38.1,0.036,36.73,35.67,2.97,49.92,0.965,50,1836.42,1086.42,59.16
488,5,123,1,0,AlphaWatch,Wearables,40,92.03,0.204,73.26,102.92,-28.82,17.22,0.5,7,512.79,232.79,45.4
488,5,123,1,0,BetaBuds,Audio,25,65.72,0.02,64.41,69.38,-7.17,96.42,1.372,25,1610.14,985.14,61.18
488,5,123,1,0,GammaBand,Wearables,18,37.92,0.09,34.51,36.87,-6.41,59.95,0.977,59,2035.92,973.92,47.84
488,5,123,1,0,DeltaDock,Accessories,30,62.67,0.021,61.35,72.42,-15.28,47.87,0.72,4,245.42,125.42,51.1
488,5,123,1,0,EpsilonCam,Imaging,55,144.26,0.019,141.52,151.35,-6.5,37.73,0.78,3,424.56,259.56,61.14
488,5,123,1,0,ZetaHub,Accessories,22,59.35,0.038,57.09,57.39,-0.51,3.22,0.552,4,228.38,140.38,61.47
488,5,123,1,0,EtaDesk,Furniture,80,164.5,0.135,142.29,139.65,1.89,0.67,0.5,2,284.58,124.58,43.78
488,5,123,1,0,ThetaMat,Accessories,15,42.03,0.108,37.49,45.58,-17.75,4.92,0.719,10,374.91,224.91,59.99
489,6,124,1,0,AlphaWatch,Wearables,40,97.57,0.022,95.42,106.06,-10.03,7.6,0.5,1,95.42,55.42,58.08
489,6,124,1,0,BetaBuds,Audio,25,54.88,0.03,53.23,57.19,-6.92,11.47,0.607,8,425.87,225.87,53.04
489,6,124,1,0,GammaBand,Wearables,18,46.26,0.043,44.27,44.33,-0.13,61.97,0.782,36,1593.75,945.75,59.34
489,6,124,1,0,DeltaDock,Accessories,30,57.85,0.034,55.88,50.33,11.03,201.71,1.5,15,838.25,388.25,46.32
489,6,124,1,0,EpsilonCam,Imaging,55,132.19,0.034,127.7,124.5,2.57,18.05,0.51,1,127.7,72.7,56.93
489,6,124,1,0,ZetaHub,Accessories,22,56.22,0.132,48.8,51.97,-6.1,48.69,0.974,19,927.18,509.18,54.92
489,6,124,1,0,EtaDesk,Furniture,80,166.51,0.026,162.18,182.77,-11.27,33.13,0.67,4,648.72,328.72,50.67
489,6,124,1,0,ThetaMat,Accessories,15,31.11,0.1,28.0,31.4,-10.83,74.06,1.007,154,4311.85,2001.85,46.43
490,0,125,0,0,AlphaWatch,Wearables,40,85.78,0.068,79.95,103.52,-22.77,2.08,0.607,3,239.84,119.84,49.97
490,0,125,0,0,BetaBuds,Audio,25,48.32,0.067,45.08,41.85,7.72,7.14,0.795,8,360.66,160.66,44.55
490,0,125,0,0,GammaBand,Wearables,18,49.29,0.026,48.01,59.66,-19.53,68.79,1.128,36,1728.3,1080.3,62.51
490,0,125,0,0,DeltaDock,Accessories,30,65.66,0.065,61.39,62.96,-2.49,57.46,0.903,4,245.57,125.57,51.13
490,0,125,0,0,EpsilonCam,Imaging,55,142.35,0.033,137.65,160.44,-14.2,100.61,1.309,7,963.57,578.57,60.04
490,0,125,0,0,ZetaHub,Accessories,22,59.59,0.106,53.27,64.7,-17.66,1.6,0.5,7,372.91,218.91,58.7
490,0,125,0,0,EtaDesk,Furniture,80,201.19,0.065,188.11,227.28,-17.23,23.94,0.607,2,376.23,216.23,57.47
490,0,125,0,0,ThetaMat,Accessories,15,33.56,0.154,28.39,29.9,-5.04,0.89,0.5,11,312.31,147.31,47.17
491,1,126,0,0,AlphaWatch,Wearables,40,94.1,0.073,87.23,98.88,-11.78,41.61,0.637,4,348.92,188.92,54.14
491,1,126,0,0,BetaBuds,Audio,25,60.67,0.018,59.58,74.27,-19.78,5.9,0.591,7,417.05,242.05,58.04
491,1,126,0,0,GammaBand,Wearables,18,31.61,0.012,31.23,41.38,-24.53,6.2,0.559,18,562.15,238.15,42.36
491,1,126,0,0,DeltaDock,Accessories,30,83.79,0.227,64.77,82.72,-21.7,25.7,0.851,3,194.31,104.31,53.68
491,1,126,0,0,EpsilonCam,Imaging,55,124.45,0.091,113.13,117.38,-3.62,170.72,1.5,8,905.0,465.0,51.38
491,1,126,0,0,ZetaHub,Accessories,22,51.69,0.169,42.95,43.35,-0.91,73.6,1.464,55,2362.49,1152.49,48.78
491,1,126,0,0,EtaDesk,Furniture,80,222.96,0.193,179.93,241.77,-25.58,0.51,0.5,1,179.93,99.93,55.54
491,1,126,0,0,ThetaMat,Accessories,15,34.7,0.043,33.21,39.39,-15.69,54.21,1.078,56,1859.64,1019.64,54.83
492,2,127,0,0,AlphaWatch,Wearables,40,96.1,0.112,85.34,82.14,3.89,4.27,0.615,3,256.01,136.01,53.13
492,2,127,0,0,BetaBuds,Audio,25,71.47,0.078,65.9,75.46,-12.68,5.84,0.5,2,131.79,81.79,62.06
492,2,127,0,0,GammaBand,Wearables,18,39.07,0.018,38.37,32.16,19.3,38.01,0.874,38,1457.94,773.94,53.08
492,2,127,0,0,DeltaDock,Accessories,30,72.25,0.061,67.84,71.84,-5.56,13.36,0.648,1,67.84,37.84,55.78
492,2,127,0,0,EpsilonCam,Imaging,55,107.72,0.011,106.54,115.01,-7.37,17.54,0.803,2,213.07,103.07,48.37
492,2,127,0,0,ZetaHub,Accessories,22,53.28,0.044,50.94,55.59,-8.37,7.69,0.5,5,254.68,144.68,56.81
492,2,127,0,0,EtaDesk,Furniture,80,202.77,0.014,199.93,199.37,0.28,29.96,0.782,5,999.66,599.66,59.99
492,2,127,0,0,ThetaMat,Accessories,15,39.47,0.046,37.65,40.1,-6.1,11.44,0.794,17,640.12,385.12,60.16
493,3,128,0,0,AlphaWatch,Wearables,40,81.99,0.056,77.4,79.74,-2.94,31.4,0.852,9,696.59,336.59,48.32
493,3,128,0,0,BetaBuds,Audio,25,58.13,0.029,56.44,57.32,-1.53,36.19,1.241,11,620.89,345.89,55.71
493,3,128,0,0,GammaBand,Wearables,18,37.8,0.253,28.24,45.72,-38.24,28.23,0.716,49,1383.59,501.59,36.25
493,3,128,0,0,DeltaDock,Accessories,30,59.73,0.089,54.41,69.82,-22.07,5.77,0.565,2,108.83,48.83,44.87
493,3,128,0,0,EpsilonCam,Imaging,55,155.58,0.045,148.58,138.44,7.32,85.88,1.353,6,891.47,561.47,62.98
493,3,128,0,0,ZetaHub,Accessories,22,57.04,0.052,54.07,48.42,11.68,61.08,0.833,14,757.03,449.03,59.31
493,3,128,0,0,EtaDesk,Furniture,80,181.39,0.039,174.32,215.43,-19.08,3.25,0.532,1,174.32,94.32,54.11
493,3,128,0,0,ThetaMat,Accessories,15,39.71,0.214,31.21,41.47,-24.74,1.74,0.5,8,249.7,129.7,51.94
494,4,129,0,0,AlphaWatch,Wearables,40,116.96,0.089,106.55,106.21,0.32,37.47,0.724,3,319.65,199.65,62.46
494,4,129,0,0,BetaBuds,Audio,25,67.94,0.213,53.47,72.14,-25.88,14.66,0.5,12,641.63,341.63,53.24
494,4,129,0,0,GammaBand,Wearables,18,32.94,0.093,29.88,26.75,11.69,0.73,0.5,13,388.4,154.4,39.75
494,4,129,0,0,DeltaDock,Accessories,30,61.63,0.041,59.1,64.5,-8.37,98.25,1.094,4,236.41,116.41,49.24
494,4,129,0,0,EpsilonCam,Imaging,55,138.86,0.072,128.86,144.37,-10.74,29.23,0.892,3,386.59,221.59,57.32
494,4,129,0,0,ZetaHub,Accessories,22,46.82,0.01,46.35,41.0,13.05,72.9,1.253,22,1019.74,535.74,52.54
494,4,129,0,0,EtaDesk,Furniture,80,140.89,0.025,137.37,129.8,5.83,12.16,0.66,5,686.84,286.84,41.76
494,4,129,0,0,ThetaMat,Accessories,15,28.84,0.049,27.43,31.79,-13.72,6.4,0.583,21,575.96,260.96,45.31
495,5,130,1,0,AlphaWatch,Wearables,40,101.3,0.095,91.68,110.92,-17.35,6.21,0.531,2,183.35,103.35,56.37
495,5,130,1,0,BetaBuds,Audio,25,66.16,0.042,63.38,72.71,-12.83,1.89,0.6,3,190.14,115.14,60.56
495,5,130,1,0,GammaBand,Wearables,18,49.64,0.161,41.65,48.0,-13.23,106.29,1.288,41,1707.57,969.57,56.78
495,5,130,1,0,DeltaDock,Accessories,30,55.22,0.122,48.48,56.34,-13.95,2.77,0.649,2,96.97,36.97,38.12
495,5,130,1,0,EpsilonCam,Imaging,55,116.08,0.202,92.63,140.16,-33.91,58.39,0.853,12,1111.58,451.58,40.63
495,5,130,1,0,ZetaHub,Accessories,22,49.01,0.079,45.14,46.87,-3.69,88.25,1.319,46,2076.36,1064.36,51.26
495,5,130,1,0,EtaDesk,Furniture,80,231.44,0.048,220.33,228.48,-3.57,112.1,1.434,10,2203.31,1403.31,63.69
495,5,130,1,0,ThetaMat,Accessories,15,30.56,0.034,29.52,31.87,-7.37,62.35,0.918,58,1712.22,842.22,49.19
496,6,131,1,0,AlphaWatch,Wearables,40,72.68,0.043,69.55,64.85,7.25,4.49,0.584,3,208.66,88.66,42.49
496,6,131,1,0,BetaBuds,Audio,25,58.68,0.015,57.8,72.93,-20.75,5.41,0.5,3,173.4,98.4,56.75
496,6,131,1,0,GammaBand,Wearables,18,42.88,0.056,40.48,48.11,-15.86,1.66,0.5,14,566.7,314.7,55.53
496,6,131,1,0,DeltaDock,Accessories,30,64.06,0.042,61.37,68.64,-10.59,19.78,1.093,3,184.11,94.11,51.12
496,6,131,1,0,EpsilonCam,Imaging,55,129.69,0.124,113.61,128.41,-11.53,4.13,0.5,2,227.22,117.22,51.59
496,6,131,1,0,ZetaHub,Accessories,22,58.4,0.032,56.53,62.74,-9.9,88.68,1.175,36,2035.12,1243.12,61.08
496,6,131,1,0,EtaDesk,Furniture,80,189.65,0.12,166.89,186.27,-10.4,52.61,0.981,2,333.78,173.78,52.06
496,6,131,1,0,ThetaMat,Accessories,15,30.11,0.008,29.87,20.12,48.45,20.88,0.5,28,836.34,416.34,49.78
497,0,132,0,0,AlphaWatch,Wearables,40,113.55,0.094,102.88,127.35,-19.22,16.23,0.541,3,308.63,188.63,61.12
497,0,132,0,0,BetaBuds,Audio,25,45.42,0.02,44.51,43.69,1.88,4.54,0.66,5,222.56,97.56,43.83
497,0,132,0,0,GammaBand,Wearables,18,34.54,0.03,33.5,32.48,3.15,4.77,0.721,15,502.56,232.56,46.27
497,0,132,0,0,DeltaDock,Accessories,30,57.67,0.072,53.52,68.91,-22.34,44.88,0.846,5,267.59,117.59,43.94
497,0,132,0,0,EpsilonCam,Imaging,55,140.26,0.085,128.34,153.9,-16.61,32.55,1.097,3,385.01,220.01,57.14
497,0,132,0,0,ZetaHub,Accessories,22,42.11,0.067,39.29,46.61,-15.71,12.49,0.524,15,589.33,259.33,44.0
497,0,132,0,0,EtaDesk,Furniture,80,220.68,0.088,201.26,246.98,-18.51,26.33,0.656,3,603.78,363.78,60.25
497,0,132,0,0,ThetaMat,Accessories,15,39.78,0.014,39.22,44.71,-12.27,8.59,0.506,12,470.68,290.68,61.76
498,1,133,0,0,AlphaWatch,Wearables,40,108.88,0.013,107.46,120.62,-10.91,29.68,0.833,4,429.86,269.86,62.78
498,1,133,0,0,BetaBuds,Audio,25,48.91,0.063,45.83,52.12,-12.07,114.75,1.379,22,1008.23,458.23,45.45
498,1,133,0,0,GammaBand,Wearables,18,48.79,0.1,43.91,48.31,-9.11,27.15,0.796,24,1053.86,621.86,59.01
498,1,133,0,0,DeltaDock,Accessories,30,84.45,0.066,78.88,83.71,-5.77,32.38,0.713,3,236.63,146.63,61.97
498,1,133,0,0,EpsilonCam,Imaging,55,135.84,0.126,118.72,136.91,-13.28,24.29,0.64,3,356.17,191.17,53.67
498,1,133,0,0,ZetaHub,Accessories,22,50.11,0.083,45.95,64.23,-28.46,5.98,0.595,12,551.41,287.41,52.12
498,1,133,0,0,EtaDesk,Furniture,80,188.9,0.052,179.08,207.08,-13.52,0.59,0.533,1,179.08,99.08,55.33
498,1,133,0,0,ThetaMat,Accessories,15,38.06,0.085,34.82,40.84,-14.73,10.75,0.649,12,417.9,237.9,56.93
499,2,134,0,0,AlphaWatch,Wearables,40,77.36,0.05,73.49,71.23,3.18,54.25,1.08,11,808.41,368.41,45.57
499,2,134,0,0,BetaBuds,Audio,25,69.18,0.095,62.61,70.27,-10.9,31.38,0.553,5,313.04,188.04,60.07
499,2,134,0,0,GammaBand,Wearables,18,47.57,0.042,45.57,51.65,-11.77,7.0,0.5,7,319.0,193.0,60.5
499,2,134,0,0,DeltaDock,Accessories,30,78.61,0.08,72.32,68.71,5.26,22.52,0.684,2,144.64,84.64,58.52
499,2,134,0,0,EpsilonCam,Imaging,55,106.44,0.016,104.74,98.82,5.99,34.36,0.819,3,314.21,149.21,47.49
499,2,134,0,0,ZetaHub,Accessories,22,53.85,0.041,51.64,46.89,10.13,29.28,0.818,13,671.35,385.35,57.4
499,2,134,0,0,EtaDesk,Furniture,80,192.98,0.101,173.49,208.85,-16.93,24.69,0.722,4,693.96,373.96,53.89
499,2,134,0,0,ThetaMat,Accessories,15,35.89,0.176,29.57,41.68,-29.05,4.05,0.688,35,1035.07,510.07,49.28
500,3,135,0,0,AlphaWatch,Wearables,40,108.67,0.151,92.26,128.93,-28.44,41.22,0.99,8,738.09,418.09,56.64
500,3,135,0,0,BetaBuds,Audio,25,56.61,0.21,44.72,61.45,-27.22,95.55,1.303,20,894.44,394.44,44.1
500,3,135,0,0,GammaBand,Wearables,18,41.08,0.15,34.92,33.4,4.54,45.0,0.694,44,1536.39,744.39,48.45
500,3,135,0,0,DeltaDock,Accessories,30,63.92,0.032,61.87,60.22,2.75,22.78,0.839,2,123.75,63.75,51.51
500,3,135,0,0,EpsilonCam,Imaging,55,109.02,0.06,102.48,115.65,-11.39,55.7,0.997,7,717.35,332.35,46.33
500,3,135,0,0,ZetaHub,Accessories,22,49.55,0.057,46.73,40.7,14.81,8.76,0.505,9,420.53,222.53,52.92
500,3,135,0,0,EtaDesk,Furniture,80,200.96,0.056,189.71,224.64,-15.55,79.12,1.35,10,1897.06,1097.06,57.83
500,3,135,0,0,ThetaMat,Accessories,15,33.04,0.209,26.13,39.65,-34.09,43.59,0.715,99,2587.33,1102.33,42.6
501,4,136,0,0,AlphaWatch,Wearables,40,108.21,0.208,85.7,110.43,-22.39,0.6,0.5,2,171.4,91.4,53.33
501,4,136,0,0,BetaBuds,Audio,25,56.99,0.248,42.86,51.89,-17.41,22.66,0.836,22,942.84,392.84,41.67
501,4,136,0,0,GammaBand,Wearables,18,43.77,0.22,34.14,41.81,-18.34,2.17,0.748,25,853.52,403.52,47.28
501,4,136,0,0,DeltaDock,Accessories,30,67.1,0.06,63.07,59.8,5.47,49.24,0.838,2,126.15,66.15,52.44
501,4,136,0,0,EpsilonCam,Imaging,55,116.69,0.177,96.04,131.45,-26.94,5.56,0.5,5,480.18,205.18,42.73
501,4,136,0,0,ZetaHub,Accessories,22,42.69,0.097,38.55,42.57,-9.45,115.3,1.5,100,3854.91,1654.91,42.93
501,4,136,0,0,EtaDesk,Furniture,80,141.77,0.005,141.06,143.19,-1.49,1.54,0.545,1,141.06,61.06,43.29
501,4,136,0,0,ThetaMat,Accessories,15,37.04,0.103,33.22,43.08,-22.88,64.39,0.882,47,1561.57,856.57,54.85
502,5,137,1,0,AlphaWatch,Wearables,40,98.41,0.026,95.85,109.92,-12.8,82.45,1.245,15,1437.77,837.77,58.27
502,5,137,1,0,BetaBuds,Audio,25,55.31,0.05,52.54,58.5,-10.18,9.58,0.5,5,262.72,137.72,52.42
502,5,137,1,0,GammaBand,Wearables,18,34.49,0.202,27.52,35.3,-22.03,11.84,0.5,46,1266.06,438.06,34.6
502,5,137,1,0,DeltaDock,Accessories,30,80.58,0.138,69.46,70.08,-0.88,25.67,1.043,4,277.84,157.84,56.81
502,5,137,1,0,EpsilonCam,Imaging,55,105.09,0.092,95.42,101.1,-5.62,45.11,1.096,6,572.53,242.53,42.36
502,5,137,1,0,ZetaHub,Accessories,22,38.42,0.013,37.92,39.73,-4.55,82.56,1.253,63,2388.99,1002.99,41.98
502,5,137,1,0,EtaDesk,Furniture,80,193.16,0.134,167.28,201.24,-16.88,27.64,1.011,4,669.11,349.11,52.18
502,5,137,1,0,ThetaMat,Accessories,15,41.65,0.017,40.94,46.25,-11.48,5.05,0.541,10,409.42,259.42,63.36
503,6,138,1,0,AlphaWatch,Wearables,40,88.24,0.03,85.59,102.65,-16.62,38.59,0.804,8,684.74,364.74,53.27
503,6,138,1,0,BetaBuds,Audio,25,47.9,0.019,46.99,36.66,28.18,44.22,0.998,12,563.88,263.88,46.8
503,6,138,1,0,GammaBand,Wearables,18,47.76,0.033,46.18,60.7,-23.91,76.35,1.261,60,2771.04,1691.04,61.03
503,6,138,1,0,DeltaDock,Accessories,30,60.96,0.137,52.61,60.71,-13.34,0.28,0.645,1,52.61,22.61,42.97
503,6,138,1,0,EpsilonCam,Imaging,55,134.28,0.05,127.57,153.0,-16.62,43.15,0.883,7,892.96,507.96,56.89
503,6,138,1,0,ZetaHub,Accessories,22,54.73,0.054,51.77,53.6,-3.41,23.14,0.507,20,1035.49,595.49,57.51
503,6,138,1,0,EtaDesk,Furniture,80,155.92,0.006,154.98,165.86,-6.56,24.1,0.587,2,309.97,149.97,48.38
503,6,138,1,0,ThetaMat,Accessories,15,34.62,0.141,29.74,33.95,-12.4,5.62,0.515,16,475.82,235.82,49.56
504,0,139,0,0,AlphaWatch,Wearables,40,101.55,0.144,86.93,112.57,-22.78,15.25,0.676,5,434.63,234.63,53.98
504,0,139,0,0,BetaBuds,Audio,25,57.96,0.062,54.37,52.19,4.17,53.02,0.825,13,706.76,381.76,54.02
504,0,139,0,0,GammaBand,Wearables,18,46.92,0.151,39.84,43.98,-9.42,38.41,0.964,35,1394.23,764.23,54.81
504,0,139,0,0,DeltaDock,Accessories,30,77.79,0.021,76.16,75.47,0.91,34.09,0.91,2,152.31,92.31,60.61
504,0,139,0,0,EpsilonCam,Imaging,55,125.02,0.081,114.89,110.79,3.7,98.98,1.121,8,919.15,479.15,52.13
504,0,139,0,0,ZetaHub,Accessories,22,49.92,0.076,46.13,56.33,-18.11,2.78,0.539,6,276.76,144.76,52.3
504,0,139,0,0,EtaDesk,Furniture,80,153.72,0.018,150.95,153.93,-1.93,31.44,0.753,5,754.77,354.77,47.0
504,0,139,0,0,ThetaMat,Accessories,15,33.25,0.064,31.12,25.09,24.04,69.28,1.106,76,2365.27,1225.27,51.8
505,1,140,0,0,AlphaWatch,Wearables,40,81.95,0.093,74.33,86.69,-14.26,65.12,0.903,10,743.29,343.29,46.18
505,1,140,0,0,BetaBuds,Audio,25,53.41,0.051,50.69,66.67,-23.97,36.09,0.876,17,861.66,436.66,50.68
505,1,140,0,0,GammaBand,Wearables,18,40.3,0.121,35.42,37.1,-4.52,44.02,0.856,22,779.32,383.32,49.19
505,1,140,0,0,DeltaDock,Accessories,30,72.92,0.113,64.68,63.16,2.41,39.23,0.785,2,129.36,69.36,53.62
505,1,140,0,0,EpsilonCam,Imaging,55,112.11,0.11,99.78,103.56,-3.65,92.81,1.086,14,1396.89,626.89,44.88
505,1,140,0,0,ZetaHub,Accessories,22,60.35,0.025,58.84,63.88,-7.89,52.01,1.319,23,1353.35,847.35,62.61
505,1,140,0,0,EtaDesk,Furniture,80,168.43,0.068,156.98,173.73,-9.64,3.96,0.642,2,313.95,153.95,49.04
505,1,140,0,0,ThetaMat,Accessories,15,31.68,0.118,27.94,29.25,-4.47,2.18,0.753,15,419.13,194.13,46.32
506,2,141,0,0,AlphaWatch,Wearables,40,89.21,0.075,82.52,103.7,-20.43,0.4,0.5,1,82.52,42.52,51.53
506,2,141,0,0,BetaBuds,Audio,25,53.83,0.024,52.54,46.15,13.84,7.86,0.673,3,157.61,82.61,52.42
506,2,141,0,0,GammaBand,Wearables,18,43.06,0.047,41.04,44.52,-7.83,2.51,0.752,9,369.33,207.33,56.14
506,2,141,0,0,DeltaDock,Accessories,30,73.2,0.014,72.18,90.48,-20.23,8.57,0.743,2,144.35,84.35,58.43
506,2,141,0,0,EpsilonCam,Imaging,55,119.25,0.11,106.13,105.43,0.67,12.54,0.65,3,318.4,153.4,48.18
506,2,141,0,0,ZetaHub,Accessories,22,54.17,0.103,48.59,50.27,-3.34,23.09,0.813,12,583.09,319.09,54.72
506,2,141,0,0,EtaDesk,Furniture,80,169.89,0.091,154.43,166.96,-7.5,44.36,0.88,5,772.15,372.15,48.2
506,2,141,0,0,ThetaMat,Accessories,15,37.58,0.062,35.25,48.09,-26.7,40.72,0.815,35,1233.75,708.75,57.45
507,3,142,0,0,AlphaWatch,Wearables,40,86.72,0.129,75.53,90.24,-16.3,12.22,0.72,8,604.26,284.26,47.04
507,3,142,0,0,BetaBuds,Audio,25,68.46,0.11,60.93,59.88,1.75,32.45,0.681,8,487.44,287.44,58.97
507,3,142,0,0,GammaBand,Wearables,18,42.22,0.046,40.28,45.14,-10.77,29.27,0.808,26,1047.22,579.22,55.31
507,3,142,0,0,DeltaDock,Accessories,30,64.99,0.092,59.01,64.2,-8.08,65.61,1.126,5,295.05,145.05,49.16
507,3,142,0,0,EpsilonCam,Imaging,55,98.93,0.131,85.97,101.29,-15.12,36.95,0.849,11,945.67,340.67,36.02
507,3,142,0,0,ZetaHub,Accessories,22,60.46,0.147,51.57,62.62,-17.64,4.29,0.796,9,464.15,266.15,57.34
507,3,142,0,0,EtaDesk,Furniture,80,157.09,0.024,153.32,167.23,-8.32,58.63,0.935,7,1073.24,513.24,47.82
507,3,142,0,0,ThetaMat,Accessories,15,36.48,0.1,32.83,40.88,-19.69,23.4,0.583,30,984.96,534.96,54.31
508,4,143,0,0,AlphaWatch,Wearables,40,104.76,0.004,104.34,111.71,-6.6,22.34,0.743,2,208.68,128.68,61.66
508,4,143,0,0,BetaBuds,Audio,25,64.97,0.082,59.64,69.13,-13.72,45.98,0.838,15,894.64,519.64,58.08
508,4,143,0,0,GammaBand,Wearables,18,33.96,0.113,30.12,34.99,-13.91,45.47,0.814,81,2439.92,981.92,40.24
508,4,143,0,0,DeltaDock,Accessories,30,58.85,0.096,53.2,50.66,5.01,55.63,0.689,4,212.8,92.8,43.61
508,4,143,0,0,EpsilonCam,Imaging,55,138.69,0.154,117.33,155.88,-24.73,23.63,0.675,5,586.66,311.66,53.12
508,4,143,0,0,ZetaHub,Accessories,22,59.05,0.024,57.63,58.0,-0.63,3.45,0.547,2,115.27,71.27,61.83
508,4,143,0,0,EtaDesk,Furniture,80,199.14,0.068,185.6,180.24,2.97,4.13,0.5,1,185.6,105.6,56.9
508,4,143,0,0,ThetaMat,Accessories,15,33.35,0.027,32.45,38.12,-14.88,7.34,0.5,11,356.95,191.95,53.77
509,5,144,1,0,AlphaWatch,Wearables,40,92.62,0.101,83.27,110.5,-24.65,78.88,1.372,13,1082.45,562.45,51.96
509,5,144,1,0,BetaBuds,Audio,25,63.07,0.013,62.25,60.77,2.44,106.86,1.368,11,684.75,409.75,59.84
509,5,144,1,0,GammaBand,Wearables,18,40.37,0.025,39.36,52.23,-24.64,41.29,0.837,44,1731.87,939.87,54.27
509,5,144,1,0,DeltaDock,Accessories,30,83.08,0.066,77.6,84.89,-8.59,4.44,0.635,2,155.19,95.19,61.34
509,5,144,1,0,EpsilonCam,Imaging,55,135.71,0.117,119.83,154.51,-22.44,35.17,0.779,12,1437.98,777.98,54.1
509,5,144,1,0,ZetaHub,Accessories,22,46.89,0.118,41.36,53.57,-22.8,236.77,1.5,72,2977.7,1393.7,46.8
509,5,144,1,0,EtaDesk,Furniture,80,203.46,0.056,192.07,211.91,-9.36,9.21,0.588,3,576.2,336.2,58.35
509,5,144,1,0,ThetaMat,Accessories,15,28.14,0.167,23.44,23.08,1.56,4.47,0.5,39,914.18,329.18,36.01
510,6,145,1,0,AlphaWatch,Wearables,40,89.84,0.164,75.11,89.01,-15.62,57.15,1.108,22,1652.34,772.34,46.74
510,6,145,1,0,BetaBuds,Audio,25,60.97,0.015,60.06,70.23,-14.49,41.84,0.844,11,660.61,385.61,58.37
510,6,145,1,0,GammaBand,Wearables,18,31.55,0.017,31.01,34.88,-11.08,58.19,1.039,45,1395.61,585.61,41.96
510,6,145,1,0,DeltaDock,Accessories,30,79.31,0.203,63.21,79.9,-20.89,8.03,0.591,2,126.42,66.42,52.54
510,6,145,1,0,EpsilonCam,Imaging,55,100.44,0.138,86.58,102.63,-15.64,54.69,0.932,9,779.21,284.21,36.47
510,6,145,1,0,ZetaHub,Accessories,22,55.6,0.083,50.99,62.66,-18.63,81.35,1.079,19,968.72,550.72,56.85
510,6,145,1,0,EtaDesk,Furniture,80,173.39,0.11,154.32,165.36,-6.68,11.81,0.78,4,617.27,297.27,48.16
510,6,145,1,0,ThetaMat,Accessories,15,26.88,0.053,25.46,24.98,1.9,119.09,1.5,237,6032.92,2477.92,41.07
511,0,146,0,0,AlphaWatch,Wearables,40,74.8,0.052,70.91,60.61,16.99,13.89,0.691,6,425.46,185.46,43.59
511,0,146,0,0,BetaBuds,Audio,25,47.76,0.031,46.28,43.66,6.0,25.96,0.596,7,323.96,148.96,45.98
511,0,146,0,0,GammaBand,Wearables,18,43.29,0.041,41.52,43.12,-3.72,2.44,0.5,7,290.61,164.61,56.64
511,0,146,0,0,DeltaDock,Accessories,30,67.98,0.048,64.72,60.68,6.65,19.84,0.761,3,194.15,104.15,53.64
511,0,146,0,0,EpsilonCam,Imaging,55,127.72,0.074,118.27,119.07,-0.67,49.2,1.049,4,473.07,253.07,53.5
511,0,146,0,0,ZetaHub,Accessories,22,48.93,0.125,42.81,50.39,-15.04,20.65,0.612,17,727.83,353.83,48.61
511,0,146,0,0,EtaDesk,Furniture,80,186.46,0.053,176.58,217.32,-18.75,67.0,1.286,10,1765.78,965.78,54.69
511,0,146,0,0,ThetaMat,Accessories,15,39.17,0.071,36.39,44.6,-18.41,20.39,0.718,24,873.33,513.33,58.78
512,1,147,0,0,AlphaWatch,Wearables,40,116.56,0.06,109.57,129.1,-15.13,12.43,0.7,2,219.13,139.13,63.49
512,1,147,0,0,BetaBuds,Audio,25,67.51,0.169,56.1,67.13,-16.43,23.68,0.54,11,617.11,342.11,55.44
512,1,147,0,0,GammaBand,Wearables,18,39.38,0.014,38.83,43.07,-9.85,29.45,0.738,30,1164.86,624.86,53.64
512,1,147,0,0,DeltaDock,Accessories,30,57.76,0.257,42.92,57.35,-25.17,54.9,0.903,7,300.41,90.41,30.1
512,1,147,0,0,EpsilonCam,Imaging,55,141.29,0.097,127.58,166.64,-23.44,10.46,0.5,3,382.75,217.75,56.89
512,1,147,0,0,ZetaHub,Accessories,22,53.16,0.079,48.96,49.68,-1.45,1.46,0.5,8,391.68,215.68,55.07
512,1,147,0,0,EtaDesk,Furniture,80,144.96,0.083,132.93,149.02,-10.8,85.21,1.079,12,1595.14,635.14,39.82
512,1,147,0,0,ThetaMat,Accessories,15,28.93,0.064,27.08,24.5,10.52,2.55,0.775,13,352.02,157.02,44.61
513,2,148,0,0,AlphaWatch,Wearables,40,78.29,0.176,64.51,78.43,-17.75,4.07,0.5,4,258.04,98.04,38.0
513,2,148,0,0,BetaBuds,Audio,25,61.84,0.008,61.35,60.35,1.65,31.01,0.626,5,306.73,181.73,59.25
513,2,148,0,0,GammaBand,Wearables,18,39.53,0.11,35.18,44.48,-20.9,34.86,0.973,30,1055.45,515.45,48.84
513,2,148,0,0,DeltaDock,Accessories,30,60.14,0.058,56.65,62.07,-8.73,0.35,0.5,1,56.65,26.65,47.05
513,2,148,0,0,EpsilonCam,Imaging,55,143.95,0.043,137.76,161.73,-14.82,11.54,0.504,1,137.76,82.76,60.08
513,2,148,0,0,ZetaHub,Accessories,22,52.37,0.098,47.24,58.44,-19.17,18.22,0.5,13,614.09,328.09,53.43
513,2,148,0,0,EtaDesk,Furniture,80,208.74,0.082,191.62,244.69,-21.69,3.76,0.705,1,191.62,111.62,58.25
513,2,148,0,0,ThetaMat,Accessories,15,42.74,0.064,40.0,38.0,5.28,9.69,0.5,9,360.04,225.04,62.5
514,3,149,0,0,AlphaWatch,Wearables,40,83.02,0.041,79.62,91.21,-12.71,0.1,0.5,1,79.62,39.62,49.76
514,3,149,0,0,BetaBuds,Audio,25,63.94,0.06,60.1,58.21,3.25,74.16,1.164,11,661.14,386.14,58.41
514,3,149,0,0,GammaBand,Wearables,18,46.23,0.142,39.67,51.95,-23.65,13.51,0.725,23,912.3,498.3,54.62
514,3,149,0,0,DeltaDock,Accessories,30,75.57,0.015,74.44,72.65,2.46,54.74,0.88,2,148.87,88.87,59.7
514,3,149,0,0,EpsilonCam,Imaging,55,134.81,0.087,123.08,139.09,-11.51,36.48,0.968,5,615.41,340.41,55.31
514,3,149,0,0,ZetaHub,Accessories,22,44.44,0.044,42.48,36.08,17.75,11.12,0.5,15,637.27,307.27,48.22
514,3,149,0,0,EtaDesk,Furniture,80,210.81,0.155,178.13,236.75,-24.76,5.06,0.5,3,534.4,294.4,55.09
514,3,149,0,0,ThetaMat,Accessories,15,29.01,0.027,28.23,35.99,-21.57,15.85,0.5,31,875.03,410.03,46.86
515,4,150,0,0,AlphaWatch,Wearables,40,98.61,0.212,77.7,84.05,-7.55,9.68,0.606,3,233.11,113.11,48.52
515,4,150,0,0,BetaBuds,Audio,25,50.34,0.045,48.07,54.72,-12.14,32.76,0.744,11,528.82,253.82,48.0
515,4,150,0,0,GammaBand,Wearables,18,45.37,0.022,44.37,55.2,-19.62,25.12,0.887,21,931.81,553.81,59.43
515,4,150,0,0,DeltaDock,Accessories,30,73.83,0.08,67.92,72.6,-6.44,44.28,0.975,3,203.77,113.77,55.83
515,4,150,0,0,EpsilonCam,Imaging,55,150.72,0.112,133.84,164.02,-18.4,12.2,0.678,2,267.68,157.68,58.91
515,4,150,0,0,ZetaHub,Accessories,22,54.73,0.043,52.38,64.13,-18.33,3.33,0.773,5,261.88,151.88,58.0
515,4,150,0,0,EtaDesk,Furniture,80,198.17,0.107,176.97,180.63,-2.03,20.25,0.682,3,530.9,290.9,54.79
515,4,150,0,0,ThetaMat,Accessories,15,42.92,0.09,39.06,48.16,-18.9,3.28,0.5,6,234.34,144.34,61.59
516,5,151,1,0,AlphaWatch,Wearables,40,92.33,0.048,87.9,87.47,0.49,63.2,0.951,11,966.88,526.88,54.49
516,5,151,1,0,BetaBuds,Audio,25,44.36,0.142,38.06,47.91,-20.56,49.46,1.064,56,2131.41,731.41,34.32
516,5,151,1,0,GammaBand,Wearables,18,42.43,0.092,38.53,53.23,-27.62,77.54,1.1,79,3043.59,1621.59,53.28
516,5,151,1,0,DeltaDock,Accessories,30,71.72,0.165,59.89,80.88,-25.96,36.45,0.682,8,479.09,239.09,49.9
516,5,151,1,0,EpsilonCam,Imaging,55,123.54,0.175,101.92,105.29,-3.2,146.54,1.5,24,2446.09,1126.09,46.04
516,5,151,1,0,ZetaHub,Accessories,22,51.15,0.036,49.31,49.73,-0.85,63.54,1.072,24,1183.41,655.41,55.38
516,5,151,1,0,EtaDesk,Furniture,80,198.39,0.099,178.75,222.76,-19.76,5.55,0.5,2,357.5,197.5,55.24
516,5,151,1,0,ThetaMat,Accessories,15,29.88,0.048,28.45,23.74,19.82,107.97,1.362,103,2929.91,1384.91,47.27
517,6,152,1,0,AlphaWatch,Wearables,40,105.22,0.12,92.59,107.51,-13.87,8.24,0.879,4,370.37,210.37,56.8
517,6,152,1,0,BetaBuds,Audio,25,62.8,0.135,54.32,69.26,-21.57,36.88,0.74,14,760.51,410.51,53.98
517,6,152,1,0,GammaBand,Wearables,18,42.64,0.027,41.49,39.8,4.24,46.43,0.778,21,871.26,493.26,56.61
517,6,152,1,0,DeltaDock,Accessories,30,80.88,0.039,77.73,84.49,-8.01,22.05,0.644,3,233.18,143.18,61.4
517,6,152,1,0,EpsilonCam,Imaging,55,126.53,0.047,120.58,144.84,-16.75,1.75,0.5,1,120.58,65.58,54.39
517,6,152,1,0,ZetaHub,Accessories,22,37.67,0.007,37.41,37.82,-1.09,14.22,0.5,23,860.35,354.35,41.19
517,6,152,1,0,EtaDesk,Furniture,80,158.3,0.128,138.04,137.61,0.31,41.91,0.704,13,1794.49,754.49,42.04
517,6,152,1,0,ThetaMat,Accessories,15,30.24,0.109,26.94,32.21,-16.35,37.91,0.878,123,3314.09,1469.09,44.33
518,0,153,0,0,AlphaWatch,Wearables,40,98.52,0.02,96.55,99.24,-2.71,34.12,0.858,4,386.2,226.2,58.57
518,0,153,0,0,BetaBuds,Audio,25,45.38,0.084,41.57,53.04,-21.63,44.27,0.84,19,789.79,314.79,39.86
518,0,153,0,0,GammaBand,Wearables,18,44.83,0.05,42.59,43.63,-2.39,18.65,0.669,15,638.83,368.83,57.74
518,0,153,0,0,DeltaDock,Accessories,30,63.92,0.046,60.98,78.45,-22.27,32.01,0.587,3,182.94,92.94,50.8
518,0,153,0,0,EpsilonCam,Imaging,55,120.42,0.079,110.91,123.81,-10.42,2.17,0.5,1,110.91,55.91,50.41
518,0,153,0,0,ZetaHub,Accessories,22,57.65,0.199,46.18,70.01,-34.04,8.64,0.5,9,415.6,217.6,52.36
518,0,153,0,0,EtaDesk,Furniture,80,215.09,0.05,204.34,215.5,-5.18,47.61,0.701,4,817.34,497.34,60.85
518,0,153,0,0,ThetaMat,Accessories,15,27.51,0.095,24.9,25.2,-1.2,8.14,0.5,52,1294.62,514.62,39.75
519,1,154,0,0,AlphaWatch,Wearables,40,81.04,0.101,72.85,83.54,-12.79,13.67,0.533,4,291.42,131.42,45.1
519,1,154,0,0,BetaBuds,Audio,25,54.04,0.081,49.66,63.02,-21.2,9.91,0.72,11,546.29,271.29,49.66
519,1,154,0,0,GammaBand,Wearables,18,43.92,0.054,41.55,48.99,-15.19,50.4,1.151,36,1495.74,847.74,56.68
519,1,154,0,0,DeltaDock,Accessories,30,66.48,0.153,56.31,69.24,-18.68,46.06,0.652,5,281.54,131.54,46.72
519,1,154,0,0,EpsilonCam,Imaging,55,119.51,0.029,116.04,119.22,-2.66,21.28,0.71,2,232.09,122.09,52.6
519,1,154,0,0,ZetaHub,Accessories,22,58.92,0.092,53.5,61.3,-12.73,12.83,0.57,11,588.49,346.49,58.88
519,1,154,0,0,EtaDesk,Furniture,80,214.46,0.167,178.65,250.83,-28.78,42.7,1.008,5,893.23,493.23,55.22
519,1,154,0,0,ThetaMat,Accessories,15,25.95,0.033,25.09,25.98,-3.41,18.78,0.843,79,1982.4,797.4,40.22
520,2,155,0,0,AlphaWatch,Wearables,40,101.56,0.041,97.4,91.25,6.74,37.65,1.011,8,779.17,459.17,58.93
520,2,155,0,0,BetaBuds,Audio,25,63.93,0.043,61.18,54.7,11.85,19.63,0.636,5,305.91,180.91,59.14
520,2,155,0,0,GammaBand,Wearables,18,40.37,0.116,35.69,37.84,-5.69,1.8,0.54,9,321.18,159.18,49.56
520,2,155,0,0,DeltaDock,Accessories,30,62.9,0.008,62.4,61.39,1.64,42.76,0.949,3,187.19,97.19,51.92
520,2,155,0,0,EpsilonCam,Imaging,55,121.1,0.021,118.56,101.42,16.9,38.01,0.925,5,592.78,317.78,53.61
520,2,155,0,0,ZetaHub,Accessories,22,53.41,0.081,49.08,62.96,-22.04,39.58,0.839,29,1423.43,785.43,55.18
520,2,155,0,0,EtaDesk,Furniture,80,219.02,0.115,193.83,245.02,-20.89,6.05,0.5,1,193.83,113.83,58.73
520,2,155,0,0,ThetaMat,Accessories,15,33.69,0.163,28.2,33.92,-16.87,29.0,0.518,42,1184.34,554.34,46.81
521,3,156,0,0,AlphaWatch,Wearables,40,70.72,0.025,68.95,68.41,0.79,77.9,1.102,12,827.42,347.42,41.99
521,3,156,0,0,BetaBuds,Audio,25,62.45,0.198,50.08,71.91,-30.35,51.93,1.001,17,851.44,426.44,50.08
521,3,156,0,0,GammaBand,Wearables,18,43.54,0.051,41.32,48.65,-15.07,15.19,0.5,21,867.71,489.71,56.44
521,3,156,0,0,DeltaDock,Accessories,30,51.69,0.085,47.3,60.4,-21.69,44.26,0.872,8,378.37,138.37,36.57
521,3,156,0,0,EpsilonCam,Imaging,55,128.3,0.087,117.14,147.2,-20.42,4.98,0.573,3,351.41,186.41,53.05
521,3,156,0,0,ZetaHub,Accessories,22,38.31,0.073,35.51,41.4,-14.22,24.03,0.558,20,710.27,270.27,38.05
521,3,156,0,0,EtaDesk,Furniture,80,172.99,0.159,145.48,184.9,-21.32,26.31,0.933,5,727.42,327.42,45.01
521,3,156,0,0,ThetaMat,Accessories,15,34.27,0.083,31.43,36.06,-12.85,29.19,0.63,42,1319.87,689.87,52.27
522,4,157,0,0,AlphaWatch,Wearables,40,106.98,0.035,103.24,94.62,9.11,13.75,0.5,2,206.47,126.47,61.25
522,4,157,0,0,BetaBuds,Audio,25,66.82,0.099,60.2,63.37,-4.99,40.01,0.909,15,903.07,528.07,58.48
522,4,157,0,0,GammaBand,Wearables,18,42.89,0.035,41.39,50.14,-17.45,49.65,0.912,61,2524.72,1426.72,56.51
522,4,157,0,0,DeltaDock,Accessories,30,80.07,0.026,77.99,71.84,8.56,6.14,0.5,1,77.99,47.99,61.53
522,4,157,0,0,EpsilonCam,Imaging,55,115.4,0.044,110.32,132.86,-16.96,0.47,0.543,1,110.32,55.32,50.15
522,4,157,0,0,ZetaHub,Accessories,22,40.74,0.248,30.64,31.34,-2.24,69.82,1.314,38,1164.19,328.19,28.19
522,4,157,0,0,EtaDesk,Furniture,80,201.04,0.034,194.2,194.62,-0.21,22.57,1.012,3,582.61,342.61,58.81
522,4,157,0,0,ThetaMat,Accessories,15,32.09,0.108,28.62,38.71,-26.05,40.46,0.776,85,2433.06,1158.06,47.6
523,5,158,1,0,AlphaWatch,Wearables,40,93.53,0.075,86.52,85.62,1.05,49.56,0.662,7,605.61,325.61,53.77
523,5,158,1,0,BetaBuds,Audio,25,57.18,0.034,55.24,52.54,5.13,10.48,0.5,5,276.18,151.18,54.74
523,5,158,1,0,GammaBand,Wearables,18,49.33,0.025,48.1,49.92,-3.65,75.17,1.064,21,1010.03,632.03,62.58
523,5,158,1,0,DeltaDock,Accessories,30,67.46,0.207,53.5,58.22,-8.11,12.65,0.5,3,160.49,70.49,43.92
523,5,158,1,0,EpsilonCam,Imaging,55,130.67,0.025,127.4,135.81,-6.19,14.29,0.593,3,382.21,217.21,56.83
523,5,158,1,0,ZetaHub,Accessories,22,48.59,0.041,46.6,47.61,-2.13,108.0,1.349,36,1677.52,885.52,52.79
523,5,158,1,0,EtaDesk,Furniture,80,163.96,0.051,155.6,196.75,-20.92,4.18,0.515,4,622.39,302.39,48.59
523,5,158,1,0,ThetaMat,Accessories,15,40.71,0.037,39.2,36.9,6.24,86.2,1.048,35,1372.13,847.13,61.74
524,6,159,1,0,AlphaWatch,Wearables,40,103.69,0.046,98.92,98.25,0.68,27.42,0.978,8,791.36,471.36,59.56
524,6,159,1,0,BetaBuds,Audio,25,69.0,0.073,63.96,73.11,-12.51,16.1,0.645,8,511.7,311.7,60.91
524,6,159,1,0,GammaBand,Wearables,18,45.1,0.05,42.84,55.6,-22.94,3.93,0.5,9,385.6,223.6,57.99
524,6,159,1,0,DeltaDock,Accessories,30,81.96,0.082,75.24,95.61,-21.31,35.08,0.601,3,225.72,135.72,60.13
524,6,159,1,0,EpsilonCam,Imaging,55,136.55,0.097,123.3,131.85,-6.48,53.25,0.851,7,863.13,478.13,55.4
524,6,159,1,0,ZetaHub,Accessories,22,54.35,0.1,48.92,55.17,-11.34,34.74,0.672,15,733.72,403.72,55.02
524,6,159,1,0,EtaDesk,Furniture,80,171.51,0.108,152.99,170.54,-10.29,80.26,0.826,6,917.92,437.92,47.71
524,6,159,1,0,ThetaMat,Accessories,15,33.32,0.096,30.12,32.76,-8.05,56.97,1.046,66,1988.0,998.0,50.2
525,0,160,0,0,AlphaWatch,Wearables,40,78.97,0.046,75.34,68.71,9.65,41.36,0.787,7,527.36,247.36,46.91
525,0,160,0,0,BetaBuds,Audio,25,57.12,0.073,52.95,45.71,15.84,155.44,1.5,30,1588.51,838.51,52.79
525,0,160,0,0,GammaBand,Wearables,18,41.51,0.112,36.86,47.37,-22.19,15.66,0.879,22,810.94,414.94,51.17
525,0,160,0,0,DeltaDock,Accessories,30,78.63,0.02,77.06,66.76,15.42,12.3,0.576,1,77.06,47.06,61.07
525,0,160,0,0,EpsilonCam,Imaging,55,143.35,0.073,132.89,169.91,-21.79,4.18,0.512,1,132.89,77.89,58.61
525,0,160,0,0,ZetaHub,Accessories,22,58.47,0.01,57.89,54.95,5.34,23.65,0.961,10,578.85,358.85,61.99
525,0,160,0,0,EtaDesk,Furniture,80,157.67,0.208,124.87,183.37,-31.9,10.85,0.802,7,874.12,314.12,35.94
525,0,160,0,0,ThetaMat,Accessories,15,40.72,0.044,38.93,48.13,-19.12,10.48,0.562,9,350.35,215.35,61.47
526,1,161,0,0,AlphaWatch,Wearables,40,88.46,0.161,74.22,87.75,-15.42,83.6,1.236,26,1929.67,889.67,46.1
526,1,161,0,0,BetaBuds,Audio,25,54.55,0.17,45.28,48.4,-6.45,6.56,0.5,5,226.38,101.38,44.78
526,1,161,0,0,GammaBand,Wearables,18,34.16,0.015,33.65,33.74,-0.27,28.07,0.746,34,1144.02,532.02,46.5
526,1,161,0,0,DeltaDock,Accessories,30,58.45,0.069,54.42,59.14,-7.99,17.1,0.551,2,108.83,48.83,44.87
526,1,161,0,0,EpsilonCam,Imaging,55,139.92,0.186,113.89,131.29,-13.25,30.42,0.712,4,455.58,235.58,51.71
526,1,161,0,0,ZetaHub,Accessories,22,60.88,0.012,60.15,63.45,-5.2,9.38,0.5,4,240.6,152.6,63.42
526,1,161,0,0,EtaDesk,Furniture,80,203.58,0.047,194.01,211.96,-8.47,18.5,0.892,4,776.05,456.05,58.77
526,1,161,0,0,ThetaMat,Accessories,15,35.07,0.094,31.77,30.18,5.28,36.18,0.838,44,1398.03,738.03,52.79
527,2,162,0,0,AlphaWatch,Wearables,40,75.57,0.055,71.41,70.4,1.44,11.37,0.625,4,285.65,125.65,43.99
527,2,162,0,0,BetaBuds,Audio,25,44.69,0.01,44.24,41.15,7.52,88.36,1.078,27,1194.56,519.56,43.49
527,2,162,0,0,GammaBand,Wearables,18,46.43,0.201,37.1,44.89,-17.36,16.28,0.5,20,741.95,381.95,51.48
527,2,162,0,0,DeltaDock,Accessories,30,71.64,0.024,69.92,70.82,-1.27,4.92,0.5,1,69.92,39.92,57.09
527,2,162,0,0,EpsilonCam,Imaging,55,113.01,0.095,102.27,130.77,-21.79,18.96,0.801,3,306.82,141.82,46.22
527,2,162,0,0,ZetaHub,Accessories,22,62.55,0.026,60.92,72.75,-16.26,58.11,0.983,24,1462.17,934.17,63.89
527,2,162,0,0,EtaDesk,Furniture,80,234.61,0.088,213.96,200.5,6.72,77.32,1.106,9,1925.68,1205.68,62.61
527,2,162,0,0,ThetaMat,Accessories,15,32.22,0.122,28.29,34.85,-18.83,6.75,0.525,24,678.94,318.94,46.98
528,3,163,0,0,AlphaWatch,Wearables,40,74.68,0.034,72.14,67.94,6.18,57.04,1.081,10,721.41,321.41,44.55
528,3,163,0,0,BetaBuds,Audio,25,45.68,0.082,41.93,39.54,6.06,8.55,0.748,10,419.34,169.34,40.38
528,3,163,0,0,GammaBand,Wearables,18,49.12,0.073,45.53,39.21,16.13,4.32,0.5,7,318.74,192.74,60.47
528,3,163,0,0,DeltaDock,Accessories,30,74.24,0.043,71.05,70.66,0.55,9.88,0.694,1,71.05,41.05,57.77
528,3,163,0,0,EpsilonCam,Imaging,55,100.51,0.036,96.89,89.13,8.71,26.29,0.519,5,484.46,209.46,43.24
528,3,163,0,0,ZetaHub,Accessories,22,47.76,0.027,46.47,44.96,3.36,33.33,0.95,14,650.59,342.59,52.66
528,3,163,0,0,EtaDesk,Furniture,80,215.25,0.028,209.22,231.32,-9.55,3.28,0.529,1,209.22,129.22,61.76
528,3,163,0,0,ThetaMat,Accessories,15,39.77,0.12,35.0,36.98,-5.36,11.06,0.559,11,384.97,219.97,57.14
529,4,164,0,0,AlphaWatch,Wearables,40,92.87,0.175,76.62,98.5,-22.22,47.37,0.893,8,612.94,292.94,47.79
529,4,164,0,0,BetaBuds,Audio,25,49.34,0.086,45.1,58.31,-22.66,113.09,1.161,38,1713.68,763.68,44.56
529,4,164,0,0,GammaBand,Wearables,18,33.24,0.178,27.32,36.5,-25.14,14.57,0.728,49,1338.84,456.84,34.12
529,4,164,0,0,DeltaDock,Accessories,30,63.5,0.106,56.77,65.44,-13.25,77.54,1.021,6,340.61,160.61,47.15
529,4,164,0,0,EpsilonCam,Imaging,55,126.77,0.038,121.95,145.75,-16.33,20.58,0.501,1,121.95,66.95,54.9
529,4,164,0,0,ZetaHub,Accessories,22,43.3,0.055,40.92,51.87,-21.11,71.64,1.012,35,1432.15,662.15,46.23
529,4,164,0,0,EtaDesk,Furniture,80,230.49,0.14,198.22,264.0,-24.92,33.44,0.72,3,594.66,354.66,59.64
529,4,164,0,0,ThetaMat,Accessories,15,33.25,0.162,27.86,38.65,-27.91,49.92,0.823,89,2479.85,1144.85,46.17
530,5,165,1,0,AlphaWatch,Wearables,40,98.11,0.269,71.72,98.05,-26.86,3.34,0.51,3,215.16,95.16,44.23
530,5,165,1,0,BetaBuds,Audio,25,53.15,0.069,49.48,49.48,0.01,3.66,0.624,6,296.9,146.9,49.48
530,5,165,1,0,GammaBand,Wearables,18,34.19,0.196,27.49,37.73,-27.14,66.06,1.011,186,5112.91,1764.91,34.52
530,5,165,1,0,DeltaDock,Accessories,30,74.34,0.068,69.28,74.25,-6.69,12.31,0.607,2,138.57,78.57,56.7
530,5,165,1,0,EpsilonCam,Imaging,55,140.41,0.038,135.07,138.01,-2.13,8.51,0.5,1,135.07,80.07,59.28
530,5,165,1,0,ZetaHub,Accessories,22,42.77,0.094,38.75,49.44,-21.62,6.2,0.635,20,774.99,334.99,43.23
530,5,165,1,0,EtaDesk,Furniture,80,189.89,0.072,176.22,168.36,4.67,40.61,1.208,5,881.09,481.09,54.6
530,5,165,1,0,ThetaMat,Accessories,15,29.69,0.049,28.24,24.12,17.06,31.42,0.745,48,1355.29,635.29,46.87
531,6,166,1,0,AlphaWatch,Wearables,40,83.31,0.021,81.56,76.09,7.19,17.95,0.57,3,244.68,124.68,50.96
531,6,166,1,0,BetaBuds,Audio,25,60.18,0.082,55.25,73.48,-24.82,23.17,0.691,12,662.94,362.94,54.75
531,6,166,1,0,GammaBand,Wearables,18,46.58,0.064,43.6,55.48,-21.42,10.59,0.5,17,741.18,435.18,58.71
531,6,166,1,0,DeltaDock,Accessories,30,69.96,0.047,66.67,66.51,0.24,33.9,0.733,4,266.69,146.69,55.0
531,6,166,1,0,EpsilonCam,Imaging,55,137.27,0.108,122.44,159.5,-23.23,12.83,0.504,2,244.89,134.89,55.08
531,6,166,1,0,ZetaHub,Accessories,22,50.78,0.097,45.85,60.1,-23.7,6.67,0.675,16,733.67,381.67,52.02
531,6,166,1,0,EtaDesk,Furniture,80,201.5,0.004,200.69,233.5,-14.05,1.76,0.5,1,200.69,120.69,60.14
531,6,166,1,0,ThetaMat,Accessories,15,30.91,0.031,29.95,33.89,-11.62,3.21,0.579,20,599.04,299.04,49.92
532,0,167,0,0,AlphaWatch,Wearables,40,96.48,0.055,91.17,85.91,6.13,4.29,0.5,1,91.17,51.17,56.13
532,0,167,0,0,BetaBuds,Audio,25,58.18,0.208,46.08,63.87,-27.86,26.82,0.673,11,506.86,231.86,45.74
532,0,167,0,0,GammaBand,Wearables,18,43.83,0.028,42.6,49.77,-14.4,33.07,0.855,37,1576.3,910.3,57.75
532,0,167,0,0,DeltaDock,Accessories,30,64.13,0.063,60.09,70.26,-14.48,28.82,0.817,3,180.27,90.27,50.07
532,0,167,0,0,EpsilonCam,Imaging,55,90.76,0.059,85.41,112.27,-23.93,12.57,0.7,3,256.22,91.22,35.6
532,0,167,0,0,ZetaHub,Accessories,22,46.92,0.071,43.59,47.21,-7.67,76.68,1.116,40,1743.55,863.55,49.53
532,0,167,0,0,EtaDesk,Furniture,80,182.82,0.164,152.84,177.56,-13.92,78.85,1.073,4,611.35,291.35,47.66
532,0,167,0,0,ThetaMat,Accessories,15,34.46,0.067,32.15,33.76,-4.77,35.41,1.152,43,1382.5,737.5,53.35
533,1,168,0,0,AlphaWatch,Wearables,40,109.44,0.1,98.5,105.59,-6.72,14.0,0.772,4,393.98,233.98,59.39
533,1,168,0,0,BetaBuds,Audio,25,58.96,0.044,56.37,69.85,-19.3,0.91,0.5,4,225.46,125.46,55.65
533,1,168,0,0,GammaBand,Wearables,18,46.01,0.193,37.13,52.06,-28.68,7.23,0.721,23,853.99,439.99,51.52
533,1,168,0,0,DeltaDock,Accessories,30,80.79,0.004,80.47,80.39,0.1,78.94,1.201,4,321.87,201.87,62.72
533,1,168,0,0,EpsilonCam,Imaging,55,154.15,0.096,139.35,153.71,-9.34,14.92,0.714,2,278.7,168.7,60.53
533,1,168,0,0,ZetaHub,Accessories,22,59.28,0.035,57.21,59.83,-4.39,17.41,0.817,15,858.08,528.08,61.54
533,1,168,0,0,EtaDesk,Furniture,80,194.58,0.107,173.76,233.11,-25.46,29.05,0.943,3,521.28,281.28,53.96
533,1,168,0,0,ThetaMat,Accessories,15,36.24,0.101,32.58,36.68,-11.18,49.35,1.008,36,1172.87,632.87,53.96
534,2,169,0,0,AlphaWatch,Wearables,40,79.51,0.015,78.32,70.99,10.32,73.32,0.945,16,1253.08,613.08,48.93
534,2,169,0,0,BetaBuds,Audio,25,62.38,0.126,54.52,74.44,-26.76,10.22,0.5,5,272.6,147.6,54.15
534,2,169,0,0,GammaBand,Wearables,18,38.25,0.158,32.21,36.52,-11.81,0.14,0.5,4,128.83,56.83,44.11
534,2,169,0,0,DeltaDock,Accessories,30,59.43,0.042,56.93,53.48,6.46,48.99,0.802,3,170.8,80.8,47.31
534,2,169,0,0,EpsilonCam,Imaging,55,128.11,0.062,120.17,136.95,-12.25,20.11,0.65,3,360.5,195.5,54.23
534,2,169,0,0,ZetaHub,Accessories,22,49.63,0.023,48.49,46.35,4.61,32.09,0.5,10,484.89,264.89,54.63
534,2,169,0,0,EtaDesk,Furniture,80,150.5,0.047,143.43,149.08,-3.79,29.61,1.009,6,860.56,380.56,44.22
534,2,169,0,0,ThetaMat,Accessories,15,35.14,0.022,34.37,35.29,-2.62,28.17,0.609,24,824.81,464.81,56.35
535,3,170,0,0,AlphaWatch,Wearables,40,106.55,0.07,99.09,119.85,-17.32,15.1,0.5,3,297.27,177.27,59.63
535,3,170,0,0,BetaBuds,Audio,25,48.98,0.099,44.13,42.93,2.8,25.36,0.875,23,1015.01,440.01,43.35
535,3,170,0,0,GammaBand,Wearables,18,46.18,0.043,44.19,46.2,-4.34,53.31,0.919,24,1060.66,628.66,59.27
535,3,170,0,0,DeltaDock,Accessories,30,75.2,0.019,73.77,74.71,-1.26,51.1,1.237,3,221.31,131.31,59.33
535,3,170,0,0,EpsilonCam,Imaging,55,100.91,0.171,83.65,91.15,-8.22,9.12,0.531,4,334.62,114.62,34.25
535,3,170,0,0,ZetaHub,Accessories,22,44.08,0.015,43.42,43.64,-0.51,10.9,0.5,7,303.93,149.93,49.33
535,3,170,0,0,EtaDesk,Furniture,80,135.7,0.069,126.34,118.17,6.91,8.74,0.523,2,252.67,92.67,36.68
535,3,170,0,0,ThetaMat,Accessories,15,35.07,0.053,33.21,45.13,-26.41,52.53,0.95,66,2191.95,1201.95,54.83
536,4,171,0,0,AlphaWatch,Wearables,40,91.98,0.023,89.86,83.28,7.91,27.79,0.923,5,449.32,249.32,55.49
536,4,171,0,0,BetaBuds,Audio,25,63.13,0.068,58.84,60.1,-2.1,24.61,0.811,13,764.88,439.88,57.51
536,4,171,0,0,GammaBand,Wearables,18,43.24,0.091,39.31,43.37,-9.37,58.98,1.119,47,1847.34,1001.34,54.2
536,4,171,0,0,DeltaDock,Accessories,30,83.63,0.263,61.64,84.83,-27.34,22.77,0.743,3,184.91,94.91,51.33
536,4,171,0,0,EpsilonCam,Imaging,55,117.0,0.083,107.29,133.47,-19.62,105.71,1.224,12,1287.47,627.47,48.74
536,4,171,0,0,ZetaHub,Accessories,22,47.5,0.007,47.17,59.4,-20.59,4.96,0.5,5,235.84,125.84,53.36
536,4,171,0,0,EtaDesk,Furniture,80,221.14,0.114,195.93,259.62,-24.53,25.04,0.707,6,1175.58,695.58,59.17
536,4,171,0,0,ThetaMat,Accessories,15,28.0,0.121,24.61,28.83,-14.63,85.83,1.192,98,2411.98,941.98,39.05
537,5,172,1,0,AlphaWatch,Wearables,40,85.88,0.276,62.18,78.09,-20.38,141.98,1.5,26,1616.61,576.61,35.67
537,5,172,1,0,BetaBuds,Audio,25,45.51,0.088,41.51,50.5,-17.81,29.66,0.501,13,539.57,214.57,39.77
537,5,172,1,0,GammaBand,Wearables,18,36.2,0.047,34.5,40.36,-14.52,28.97,0.5,34,1172.95,560.95,47.82
537,5,172,1,0,DeltaDock,Accessories,30,71.94,0.167,59.93,81.88,-26.81,3.11,0.581,1,59.93,29.93,49.94
537,5,172,1,0,EpsilonCam,Imaging,55,147.26,0.105,131.8,164.54,-19.9,27.05,0.532,4,527.19,307.19,58.27
537,5,172,1,0,ZetaHub,Accessories,22,43.46,0.11,38.68,48.54,-20.31,35.0,0.651,28,1083.02,467.02,43.12
537,5,172,1,0,EtaDesk,Furniture,80,206.83,0.083,189.66,204.77,-7.38,43.68,0.906,6,1137.98,657.98,57.82
537,5,172,1,0,ThetaMat,Accessories,15,40.14,0.024,39.18,48.29,-18.87,12.89,0.739,18,705.18,435.18,61.71
538,6,173,1,0,AlphaWatch,Wearables,40,89.04,0.112,79.07,100.24,-21.12,74.86,1.089,13,1027.88,507.88,49.41
538,6,173,1,0,BetaBuds,Audio,25,53.54,0.022,52.36,45.33,15.51,23.0,0.688,5,261.81,136.81,52.26
538,6,173,1,0,GammaBand,Wearables,18,39.36,0.021,38.53,36.15,6.59,16.9,0.5,23,886.27,472.27,53.29
538,6,173,1,0,DeltaDock,Accessories,30,54.33,0.041,52.1,65.22,-20.11,48.2,0.99,6,312.61,132.61,42.42
538,6,173,1,0,EpsilonCam,Imaging,55,152.79,0.044,146.07,143.92,1.49,19.39,0.864,2,292.13,182.13,62.35
538,6,173,1,0,ZetaHub,Accessories,22,47.1,0.067,43.94,56.97,-22.86,41.2,0.874,30,1318.33,658.33,49.94
538,6,173,1,0,EtaDesk,Furniture,80,214.77,0.038,206.61,245.74,-15.92,35.5,0.828,5,1033.04,633.04,61.28
538,6,173,1,0,ThetaMat,Accessories,15,39.13,0.089,35.65,36.88,-3.34,15.28,0.852,18,641.65,371.65,57.92
539,0,174,0,0,AlphaWatch,Wearables,40,107.63,0.193,86.86,93.31,-6.92,99.62,1.228,8,694.86,374.86,53.95
539,0,174,0,0,BetaBuds,Audio,25,66.65,0.191,53.92,74.3,-27.43,11.97,0.724,10,539.2,289.2,53.63
539,0,174,0,0,GammaBand,Wearables,18,43.8,0.116,38.72,47.23,-18.02,5.31,0.697,11,425.91,227.91,53.51
539,0,174,0,0,DeltaDock,Accessories,30,66.54,0.05,63.21,66.12,-4.4,44.62,0.863,3,189.64,99.64,52.54
539,0,174,0,0,EpsilonCam,Imaging,55,146.89,0.176,121.04,148.62,-18.56,89.57,1.173,7,847.26,462.26,54.56
539,0,174,0,0,ZetaHub,Accessories,22,49.61,0.018,48.72,55.65,-12.46,24.05,0.874,16,779.47,427.47,54.84
539,0,174,0,0,EtaDesk,Furniture,80,179.51,0.163,150.25,208.07,-27.79,12.68,0.503,3,450.75,210.75,46.76
539,0,174,0,0,ThetaMat,Accessories,15,27.57,0.15,23.43,22.47,4.29,47.01,0.709,86,2015.37,725.37,35.99
540,1,175,0,0,AlphaWatch,Wearables,40,84.19,0.064,78.8,80.4,-1.99,8.84,0.774,3,236.41,116.41,49.24
540,1,175,0,0,BetaBuds,Audio,25,55.61,0.016,54.72,56.94,-3.9,12.73,0.603,4,218.88,118.88,54.31
540,1,175,0,0,GammaBand,Wearables,18,48.26,0.129,42.03,52.9,-20.54,5.5,0.564,14,588.48,336.48,57.18
540,1,175,0,0,DeltaDock,Accessories,30,51.65,0.078,47.62,53.87,-11.6,30.4,0.726,6,285.73,105.73,37.0
540,1,175,0,0,EpsilonCam,Imaging,55,124.23,0.038,119.51,132.58,-9.86,155.92,1.5,17,2031.66,1096.66,53.98
540,1,175,0,0,ZetaHub,Accessories,22,49.72,0.025,48.48,44.78,8.26,57.2,0.811,21,1018.02,556.02,54.62
540,1,175,0,0,EtaDesk,Furniture,80,194.12,0.146,165.78,196.62,-15.69,13.92,0.615,2,331.56,171.56,51.74
540,1,175,0,0,ThetaMat,Accessories,15,34.86,0.146,29.77,41.3,-27.92,28.26,0.727,38,1131.28,561.28,49.61
541,2,176,0,0,AlphaWatch,Wearables,40,83.64,0.087,76.36,99.57,-23.31,1.04,0.5,3,229.09,109.09,47.62
541,2,176,0,0,BetaBuds,Audio,25,44.38,0.031,43.0,50.29,-14.49,1.75,0.659,7,301.03,126.03,41.87
541,2,176,0,0,GammaBand,Wearables,18,35.01,0.034,33.82,40.65,-16.8,72.75,1.219,108,3652.52,1708.52,46.78
541,2,176,0,0,DeltaDock,Accessories,30,66.78,0.011,66.05,74.84,-11.75,37.14,0.772,4,264.18,144.18,54.58
541,2,176,0,0,EpsilonCam,Imaging,55,131.08,0.042,125.57,120.12,4.54,0.9,0.575,1,125.57,70.57,56.2
541,2,176,0,0,ZetaHub,Accessories,22,46.32,0.079,42.66,48.22,-11.53,20.73,0.5,20,853.21,413.21,48.43
541,2,176,0,0,EtaDesk,Furniture,80,209.64,0.007,208.17,227.23,-8.39,27.66,0.617,3,624.52,384.52,61.57
541,2,176,0,0,ThetaMat,Accessories,15,38.55,0.075,35.66,40.31,-11.54,19.53,0.619,21,748.83,433.83,57.93
542,3,177,0,0,AlphaWatch,Wearables,40,108.04,0.127,94.32,95.03,-0.75,108.37,1.368,14,1320.46,760.46,57.59
542,3,177,0,0,BetaBuds,Audio,25,69.15,0.048,65.83,54.79,20.15,4.55,0.763,3,197.49,122.49,62.02
542,3,177,0,0,GammaBand,Wearables,18,35.02,0.147,29.87,31.58,-5.41,20.93,0.668,22,657.19,261.19,39.74
542,3,177,0,0,DeltaDock,Accessories,30,57.78,0.147,49.29,59.62,-17.33,92.69,1.265,10,492.86,192.86,39.13
542,3,177,0,0,EpsilonCam,Imaging,55,137.24,0.111,122.01,141.32,-13.67,19.53,0.775,6,732.04,402.04,54.92
542,3,177,0,0,ZetaHub,Accessories,22,61.03,0.142,52.36,69.15,-24.28,28.89,1.029,21,1099.64,637.64,57.99
542,3,177,0,0,EtaDesk,Furniture,80,167.99,0.16,141.11,179.96,-21.59,8.05,0.562,3,423.33,183.33,43.31
542,3,177,0,0,ThetaMat,Accessories,15,30.38,0.002,30.32,25.48,18.99,60.27,1.039,48,1455.32,735.32,50.53
543,4,178,0,0,AlphaWatch,Wearables,40,75.21,0.002,75.06,61.78,21.49,65.11,1.025,8,600.48,280.48,46.71
543,4,178,0,0,BetaBuds,Audio,25,56.82,0.059,53.47,62.94,-15.05,42.6,0.716,9,481.21,256.21,53.24
543,4,178,0,0,GammaBand,Wearables,18,34.85,0.049,33.14,39.02,-15.06,13.75,0.587,29,961.13,439.13,45.69
543,4,178,0,0,DeltaDock,Accessories,30,81.01,0.067,75.58,83.74,-9.74,13.74,0.729,2,151.16,91.16,60.31
543,4,178,0,0,EpsilonCam,Imaging,55,147.01,0.012,145.25,142.28,2.08,22.14,0.532,1,145.25,90.25,62.13
543,4,178,0,0,ZetaHub,Accessories,22,42.14,0.009,41.76,41.85,-0.21,41.26,0.991,33,1378.1,652.1,47.32
543,4,178,0,0,EtaDesk,Furniture,80,171.35,0.035,165.35,154.17,7.25,0.96,0.5,1,165.35,85.35,51.62
543,4,178,0,0,ThetaMat,Accessories,15,38.36,0.031,37.17,44.12,-15.75,14.69,0.567,8,297.37,177.37,59.65
544,5,179,1,0,AlphaWatch,Wearables,40,91.32,0.016,89.86,99.2,-9.42,45.34,0.883,14,1258.02,698.02,55.49
544,5,179,1,0,BetaBuds,Audio,25,60.71,0.117,53.61,76.39,-29.82,83.15,0.984,19,1018.53,543.53,53.36
544,5,179,1,0,GammaBand,Wearables,18,47.44,0.035,45.78,54.28,-15.66,25.37,0.562,21,961.37,583.37,60.68
544,5,179,1,0,DeltaDock,Accessories,30,82.88,0.113,73.51,78.2,-5.99,24.22,0.565,2,147.03,87.03,59.19
544,5,179,1,0,EpsilonCam,Imaging,55,144.66,0.024,141.19,134.59,4.9,9.82,0.559,1,141.19,86.19,61.04
544,5,179,1,0,ZetaHub,Accessories,22,50.72,0.064,47.47,45.14,5.17,2.41,0.565,5,237.37,127.37,53.66
544,5,179,1,0,EtaDesk,Furniture,80,149.97,0.044,143.37,136.14,5.31,43.82,0.887,6,860.23,380.23,44.2
544,5,179,1,0,ThetaMat,Accessories,15,34.09,0.12,30.0,28.86,3.95,27.5,0.789,34,1019.97,509.97,50.0
545,6,180,1,0,AlphaWatch,Wearables,40,85.05,0.107,75.95,102.63,-26.0,46.02,1.089,8,607.6,287.6,47.33
545,6,180,1,0,BetaBuds,Audio,25,56.84,0.018,55.82,59.8,-6.66,20.03,0.563,14,781.44,431.44,55.21
545,6,180,1,0,GammaBand,Wearables,18,42.33,0.064,39.62,39.71,-0.22,33.17,0.74,20,792.42,432.42,54.57
545,6,180,1,0,DeltaDock,Accessories,30,74.11,0.07,68.92,90.63,-23.95,6.4,0.612,2,137.84,77.84,56.47
545,6,180,1,0,EpsilonCam,Imaging,55,118.94,0.05,112.99,106.18,6.42,124.04,1.5,6,677.96,347.96,51.32
545,6,180,1,0,ZetaHub,Accessories,22,43.66,0.116,38.6,42.86,-9.95,79.56,1.073,32,1235.05,531.05,43.0
545,6,180,1,0,EtaDesk,Furniture,80,152.7,0.063,143.08,136.6,4.74,34.28,0.805,6,858.48,378.48,44.09
545,6,180,1,0,ThetaMat,Accessories,15,38.96,0.013,38.45,39.44,-2.5,8.41,0.766,14,538.35,328.35,60.99
546,0,181,0,0,AlphaWatch,Wearables,40,76.25,0.085,69.77,74.2,-5.97,22.29,0.728,5,348.84,148.84,42.67
546,0,181,0,0,BetaBuds,Audio,25,51.4,0.141,44.15,56.09,-21.28,114.51,1.407,43,1898.56,823.56,43.38
546,0,181,0,0,GammaBand,Wearables,18,43.76,0.067,40.83,54.72,-25.39,9.19,0.702,26,1061.53,593.53,55.91
546,0,181,0,0,DeltaDock,Accessories,30,69.92,0.055,66.07,82.7,-20.1,0.76,0.5,2,132.15,72.15,54.6
546,0,181,0,0,EpsilonCam,Imaging,55,143.91,0.024,140.46,164.17,-14.44,8.41,0.5,1,140.46,85.46,60.84
546,0,181,0,0,ZetaHub,Accessories,22,51.08,0.077,47.15,56.49,-16.54,40.06,1.143,42,1980.17,1056.17,53.34
546,0,181,0,0,EtaDesk,Furniture,80,155.89,0.178,128.14,158.68,-19.25,23.63,0.936,6,768.85,288.85,37.57
546,0,181,0,0,ThetaMat,Accessories,15,36.81,0.136,31.8,27.73,14.69,57.91,0.718,59,1876.43,991.43,52.84
547,1,182,0,0,AlphaWatch,Wearables,40,98.7,0.123,86.56,95.14,-9.02,21.42,0.797,4,346.24,186.24,53.79
547,1,182,0,0,BetaBuds,Audio,25,53.53,0.028,52.03,56.58,-8.04,4.76,0.73,4,208.12,108.12,51.95
547,1,182,0,0,GammaBand,Wearables,18,35.66,0.016,35.09,34.95,0.4,30.9,0.818,53,1859.74,905.74,48.7
547,1,182,0,0,DeltaDock,Accessories,30,56.56,0.04,54.3,60.13,-9.7,14.85,0.655,2,108.6,48.6,44.75
547,1,182,0,0,EpsilonCam,Imaging,55,124.05,0.039,119.21,128.43,-7.18,0.39,0.5,1,119.21,64.21,53.86
547,1,182,0,0,ZetaHub,Accessories,22,47.13,0.036,45.43,49.01,-7.3,19.02,1.019,20,908.67,468.67,51.58
547,1,182,0,0,EtaDesk,Furniture,80,183.02,0.097,165.27,159.34,3.72,34.17,0.787,3,495.8,255.8,51.59
547,1,182,0,0,ThetaMat,Accessories,15,29.0,0.054,27.43,29.07,-5.63,26.25,0.566,64,1755.78,795.78,45.32
548,2,183,0,0,AlphaWatch,Wearables,40,105.63,0.034,102.04,112.88,-9.6,42.33,0.851,5,510.19,310.19,60.8
548,2,183,0,0,BetaBuds,Audio,25,54.34,0.143,46.57,56.32,-17.31,116.87,1.354,38,1769.64,819.64,46.32
548,2,183,0,0,GammaBand,Wearables,18,47.3,0.063,44.32,53.66,-17.41,66.94,1.086,54,2393.29,1421.29,59.39
548,2,183,0,0,DeltaDock,Accessories,30,57.33,0.013,56.58,56.37,0.38,39.04,0.749,3,169.75,79.75,46.98
548,2,183,0,0,EpsilonCam,Imaging,55,129.09,0.105,115.54,117.5,-1.67,58.13,1.142,7,808.75,423.75,52.4
548,2,183,0,0,ZetaHub,Accessories,22,44.62,0.052,42.3,48.95,-13.59,10.97,0.629,13,549.9,263.9,47.99
548,2,183,0,0,EtaDesk,Furniture,80,175.65,0.043,168.1,169.46,-0.8,16.84,0.712,4,672.39,352.39,52.41
548,2,183,0,0,ThetaMat,Accessories,15,33.53,0.016,32.99,32.05,2.94,102.19,1.259,53,1748.66,953.66,54.54
549,3,184,0,0,AlphaWatch,Wearables,40,103.31,0.049,98.25,103.76,-5.31,16.17,0.5,2,196.5,116.5,59.29
549,3,184,0,0,BetaBuds,Audio,25,53.2,0.127,46.44,57.04,-18.58,8.72,0.603,12,557.32,257.32,46.17
549,3,184,0,0,GammaBand,Wearables,18,40.12,0.046,38.27,32.08,19.31,8.38,0.541,8,306.2,162.2,52.97
549,3,184,0,0,DeltaDock,Accessories,30,72.7,0.078,67.03,77.39,-13.39,74.67,1.084,9,603.26,333.26,55.24
549,3,184,0,0,EpsilonCam,Imaging,55,138.14,0.052,130.96,136.61,-4.14,29.93,0.92,3,392.87,227.87,58.0
549,3,184,0,0,ZetaHub,Accessories,22,50.82,0.068,47.36,40.6,16.66,32.44,0.662,10,473.64,253.64,53.55
549,3,184,0,0,EtaDesk,Furniture,80,199.94,0.167,166.55,192.81,-13.62,22.31,0.86,4,666.2,346.2,51.97
549,3,184,0,0,ThetaMat,Accessories,15,34.88,0.099,31.43,32.71,-3.92,13.96,0.5,15,471.4,246.4,52.27
550,4,185,0,0,AlphaWatch,Wearables,40,92.46,0.215,72.58,115.69,-37.26,25.57,0.891,9,653.23,293.23,44.89
550,4,185,0,0,BetaBuds,Audio,25,42.75,0.173,35.35,36.52,-3.19,2.48,0.5,10,353.54,103.54,29.29
550,4,185,0,0,GammaBand,Wearables,18,47.06,0.089,42.87,49.41,-13.23,29.79,0.694,19,814.56,472.56,58.01
550,4,185,0,0,DeltaDock,Accessories,30,69.72,0.029,67.7,65.1,3.99,74.65,1.017,3,203.09,113.09,55.69
550,4,185,0,0,EpsilonCam,Imaging,55,131.59,0.029,127.77,139.22,-8.22,13.93,0.5,3,383.32,218.32,56.96
550,4,185,0,0,ZetaHub,Accessories,22,47.73,0.038,45.92,46.55,-1.36,1.18,0.5,4,183.67,95.67,52.09
550,4,185,0,0,EtaDesk,Furniture,80,165.63,0.083,151.88,151.46,0.28,99.88,1.308,8,1215.06,575.06,47.33
550,4,185,0,0,ThetaMat,Accessories,15,31.82,0.068,29.66,32.55,-8.89,22.17,0.866,37,1097.28,542.28,49.42
551,5,186,1,0,AlphaWatch,Wearables,40,80.37,0.004,80.05,74.32,7.71,22.09,0.661,6,480.29,240.29,50.03
551,5,186,1,0,BetaBuds,Audio,25,55.62,0.017,54.67,62.87,-13.04,77.35,1.13,26,1421.54,771.54,54.27
551,5,186,1,0,GammaBand,Wearables,18,38.19,0.059,35.94,44.61,-19.44,57.27,1.176,69,2479.64,1237.64,49.91
551,5,186,1,0,DeltaDock,Accessories,30,83.62,0.104,74.92,74.22,0.95,12.06,0.548,1,74.92,44.92,59.96
551,5,186,1,0,EpsilonCam,Imaging,55,137.18,0.089,124.97,154.84,-19.29,17.0,0.718,5,624.85,349.85,55.99
551,5,186,1,0,ZetaHub,Accessories,22,49.22,0.182,40.26,48.81,-17.51,35.83,0.812,37,1489.69,675.69,45.36
551,5,186,1,0,EtaDesk,Furniture,80,213.19,0.013,210.42,224.66,-6.34,1.53,0.5,1,210.42,130.42,61.98
551,5,186,1,0,ThetaMat,Accessories,15,29.96,0.136,25.89,26.88,-3.7,27.65,0.632,39,1009.53,424.53,42.05
552,6,187,1,0,AlphaWatch,Wearables,40,93.71,0.089,85.37,103.9,-17.83,7.87,0.733,6,512.22,272.22,53.15
552,6,187,1,0,BetaBuds,Audio,25,45.73,0.102,41.07,49.79,-17.52,29.98,0.971,33,1355.16,530.16,39.12
552,6,187,1,0,GammaBand,Wearables,18,35.36,0.106,31.61,40.07,-21.11,24.19,0.671,62,1959.93,843.93,43.06
552,6,187,1,0,DeltaDock,Accessories,30,75.5,0.14,64.93,75.56,-14.07,4.48,0.5,1,64.93,34.93,53.8
552,6,187,1,0,EpsilonCam,Imaging,55,145.5,0.05,138.22,161.91,-14.63,166.65,1.5,22,3040.95,1830.95,60.21
552,6,187,1,0,ZetaHub,Accessories,22,52.63,0.028,51.16,51.12,0.07,29.47,0.97,24,1227.75,699.75,56.99
552,6,187,1,0,EtaDesk,Furniture,80,180.05,0.093,163.31,180.95,-9.75,21.59,0.5,3,489.92,249.92,51.01
552,6,187,1,0,ThetaMat,Accessories,15,37.81,0.025,36.86,40.37,-8.68,10.49,0.598,8,294.92,174.92,59.31
553,0,188,0,0,AlphaWatch,Wearables,40,73.29,0.153,62.08,68.25,-9.05,44.03,0.692,9,558.69,198.69,35.56
553,0,188,0,0,BetaBuds,Audio,25,48.13,0.01,47.65,50.11,-4.91,93.09,1.446,27,1286.51,611.51,47.53
553,0,188,0,0,GammaBand,Wearables,18,36.81,0.06,34.6,33.44,3.47,5.74,0.561,19,657.43,315.43,47.98
553,0,188,0,0,DeltaDock,Accessories,30,85.27,0.025,83.14,73.51,13.1,11.92,0.705,1,83.14,53.14,63.92
553,0,188,0,0,EpsilonCam,Imaging,55,130.54,0.02,127.93,138.57,-7.68,5.61,0.652,1,127.93,72.93,57.01
553,0,188,0,0,ZetaHub,Accessories,22,60.01,0.106,53.65,64.41,-16.71,10.64,0.596,7,375.54,221.54,58.99
553,0,188,0,0,EtaDesk,Furniture,80,159.19,0.057,150.12,149.55,0.38,0.75,0.5,1,150.12,70.12,46.71
553,0,188,0,0,ThetaMat,Accessories,15,37.12,0.149,31.59,41.6,-24.06,2.89,0.5,10,315.89,165.89,52.52
554,1,189,0,0,AlphaWatch,Wearables,40,98.38,0.11,87.56,112.18,-21.95,13.09,0.771,7,612.91,332.91,54.32
554,1,189,0,0,BetaBuds,Audio,25,69.39,0.027,67.52,72.12,-6.38,5.7,0.5,3,202.55,127.55,62.97
554,1,189,0,0,GammaBand,Wearables,18,49.53,0.083,45.42,44.46,2.16,1.37,0.545,5,227.1,137.1,60.37
554,1,189,0,0,DeltaDock,Accessories,30,68.52,0.088,62.49,79.74,-21.63,3.76,0.5,1,62.49,32.49,51.99
554,1,189,0,0,EpsilonCam,Imaging,55,109.64,0.165,91.55,95.54,-4.18,19.36,0.643,3,274.65,109.65,39.92
554,1,189,0,0,ZetaHub,Accessories,22,52.19,0.035,50.36,59.43,-15.26,67.13,1.157,17,856.18,482.18,56.32
554,1,189,0,0,EtaDesk,Furniture,80,150.2,0.157,126.62,166.54,-23.97,8.22,0.663,4,506.47,186.47,36.82
554,1,189,0,0,ThetaMat,Accessories,15,28.85,0.068,26.89,26.3,2.24,50.1,0.841,77,2070.39,915.39,44.21
555,2,190,0,0,AlphaWatch,Wearables,40,93.04,0.069,86.62,106.08,-18.34,64.78,1.07,10,866.2,466.2,53.82
555,2,190,0,0,BetaBuds,Audio,25,47.83,0.032,46.3,42.7,8.43,54.77,0.961,27,1250.08,575.08,46.0
555,2,190,0,0,GammaBand,Wearables,18,39.04,0.114,34.59,43.43,-20.36,89.85,1.448,73,2525.03,1211.03,47.96
555,2,190,0,0,DeltaDock,Accessories,30,78.56,0.136,67.88,67.26,0.92,16.55,0.561,1,67.88,37.88,55.8
555,2,190,0,0,EpsilonCam,Imaging,55,133.26,0.046,127.13,130.41,-2.52,0.98,0.5,1,127.13,72.13,56.74
555,2,190,0,0,ZetaHub,Accessories,22,40.43,0.037,38.93,47.11,-17.35,5.17,0.5,18,700.81,304.81,43.49
555,2,190,0,0,EtaDesk,Furniture,80,172.63,0.021,169.0,159.87,5.71,108.79,1.5,9,1521.04,801.04,52.66
555,2,190,0,0,ThetaMat,Accessories,15,31.64,0.067,29.52,29.06,1.58,59.11,0.749,68,2007.37,987.37,49.19
556,3,191,0,0,AlphaWatch,Wearables,40,76.94,0.0,76.94,66.65,15.44,15.66,0.817,4,307.76,147.76,48.01
556,3,191,0,0,BetaBuds,Audio,25,50.59,0.021,49.53,57.07,-13.22,94.18,1.428,26,1287.72,637.72,49.52
556,3,191,0,0,GammaBand,Wearables,18,48.31,0.121,42.46,39.57,7.31,10.57,0.749,13,552.04,318.04,57.61
556,3,191,0,0,DeltaDock,Accessories,30,79.16,0.08,72.83,90.41,-19.45,0.1,0.56,0,0.0,0.0,58.81
556,3,191,0,0,EpsilonCam,Imaging,55,111.51,0.005,110.95,136.4,-18.66,44.06,0.678,3,332.86,167.86,50.43
556,3,191,0,0,ZetaHub,Accessories,22,59.81,0.13,52.03,66.45,-21.69,39.52,0.664,13,676.45,390.45,57.72
556,3,191,0,0,EtaDesk,Furniture,80,144.55,0.055,136.6,172.81,-20.95,1.35,0.742,3,409.8,169.8,41.43
556,3,191,0,0,ThetaMat,Accessories,15,29.57,0.06,27.8,39.44,-29.52,0.96,0.5,11,305.75,140.75,46.04
557,4,192,0,0,AlphaWatch,Wearables,40,94.77,0.213,74.58,110.61,-32.57,99.74,1.043,22,1640.85,760.85,46.37
557,4,192,0,0,BetaBuds,Audio,25,50.97,0.09,46.38,47.96,-3.29,11.7,0.776,8,371.06,171.06,46.1
557,4,192,0,0,GammaBand,Wearables,18,43.53,0.016,42.83,48.78,-12.19,28.49,0.778,14,599.67,347.67,57.98
557,4,192,0,0,DeltaDock,Accessories,30,76.58,0.114,67.85,64.07,5.9,41.11,0.868,2,135.7,75.7,55.78
557,4,192,0,0,EpsilonCam,Imaging,55,98.02,0.011,96.94,110.85,-12.55,15.47,0.732,7,678.59,293.59,43.26
557,4,192,0,0,ZetaHub,Accessories,22,39.87,0.053,37.76,44.89,-15.89,15.88,0.787,13,490.84,204.84,41.73
557,4,192,0,0,EtaDesk,Furniture,80,165.0,0.12,145.2,141.82,2.38,6.74,0.634,2,290.4,130.4,44.9
557,4,192,0,0,ThetaMat,Accessories,15,28.22,0.107,25.2,30.59,-17.62,21.0,0.682,63,1587.63,642.63,40.48
558,5,193,1,0,AlphaWatch,Wearables,40,80.51,0.073,74.63,98.22,-24.01,55.41,0.983,14,1044.86,484.86,46.4
558,5,193,1,0,BetaBuds,Audio,25,61.22,0.058,57.67,76.0,-24.12,33.66,0.7,15,865.04,490.04,56.65
558,5,193,1,0,GammaBand,Wearables,18,41.69,0.076,38.52,48.53,-20.62,4.76,0.5,14,539.3,287.3,53.27
558,5,193,1,0,DeltaDock,Accessories,30,86.23,0.032,83.47,84.67,-1.42,23.56,0.694,1,83.47,53.47,64.06
558,5,193,1,0,EpsilonCam,Imaging,55,106.14,0.078,97.86,112.76,-13.21,69.05,1.204,20,1957.22,857.22,43.8
558,5,193,1,0,ZetaHub,Accessories,22,45.66,0.123,40.04,40.78,-1.81,122.43,1.5,99,3964.34,1786.34,45.06
558,5,193,1,0,EtaDesk,Furniture,80,160.14,0.148,136.44,183.0,-25.44,33.26,0.884,6,818.64,338.64,41.37
558,5,193,1,0,ThetaMat,Accessories,15,30.69,0.076,28.36,29.07,-2.45,47.96,0.728,97,2750.68,1295.68,47.1
559,6,194,1,0,AlphaWatch,Wearables,40,88.16,0.019,86.48,89.75,-3.64,44.8,0.946,5,432.42,232.42,53.75
559,6,194,1,0,BetaBuds,Audio,25,62.73,0.002,62.6,62.29,0.5,7.35,0.73,7,438.23,263.23,60.07
559,6,194,1,0,GammaBand,Wearables,18,48.08,0.133,41.69,56.03,-25.6,18.52,0.679,24,1000.45,568.45,56.82
559,6,194,1,0,DeltaDock,Accessories,30,80.56,0.12,70.89,82.5,-14.07,1.73,0.5,2,141.79,81.79,57.68
559,6,194,1,0,EpsilonCam,Imaging,55,149.79,0.029,145.45,168.17,-13.51,20.39,0.51,2,290.89,180.89,62.19
559,6,194,1,0,ZetaHub,Accessories,22,57.57,0.176,47.44,62.72,-24.37,41.02,0.88,29,1375.69,737.69,53.62
559,6,194,1,0,EtaDesk,Furniture,80,205.43,0.039,197.42,186.56,5.82,17.12,0.736,3,592.25,352.25,59.48
559,6,194,1,0,ThetaMat,Accessories,15,39.29,0.085,35.95,37.32,-3.67,4.75,0.5,16,575.21,335.21,58.28
560,0,195,0,0,AlphaWatch,Wearables,40,86.17,0.156,72.73,86.55,-15.97,57.41,1.332,14,1018.18,458.18,45.0
560,0,195,0,0,BetaBuds,Audio,25,56.11,0.023,54.82,62.41,-12.16,28.9,0.761,8,438.56,238.56,54.4
560,0,195,0,0,GammaBand,Wearables,18,43.59,0.088,39.75,43.77,-9.18,87.55,1.144,75,2981.56,1631.56,54.72
560,0,195,0,0,DeltaDock,Accessories,30,65.71,0.037,63.28,73.33,-13.71,52.01,1.067,3,189.84,99.84,52.59
560,0,195,0,0,EpsilonCam,Imaging,55,105.66,0.042,101.22,99.99,1.23,0.48,0.5,1,101.22,46.22,45.66
560,0,195,0,0,ZetaHub,Accessories,22,41.94,0.028,40.77,45.17,-9.75,16.49,0.774,23,937.61,431.61,46.03
560,0,195,0,0,EtaDesk,Furniture,80,227.01,0.101,204.08,226.02,-9.71,27.34,0.674,3,612.25,372.25,60.8
560,0,195,0,0,ThetaMat,Accessories,15,28.85,0.048,27.47,34.73,-20.92,28.85,0.882,91,2499.33,1134.33,45.39
561,1,196,0,0,AlphaWatch,Wearables,40,78.66,0.016,77.4,94.66,-18.23,53.51,0.922,10,774.01,374.01,48.32
561,1,196,0,0,BetaBuds,Audio,25,70.18,0.054,66.39,69.06,-3.87,10.1,0.585,3,199.17,124.17,62.34
561,1,196,0,0,GammaBand,Wearables,18,35.85,0.072,33.27,38.92,-14.52,43.29,0.803,34,1131.14,519.14,45.9
561,1,196,0,0,DeltaDock,Accessories,30,54.22,0.087,49.5,49.18,0.66,13.28,0.683,3,148.51,58.51,39.4
561,1,196,0,0,EpsilonCam,Imaging,55,133.65,0.126,116.81,116.91,-0.09,16.53,0.558,2,233.62,123.62,52.92
561,1,196,0,0,ZetaHub,Accessories,22,58.55,0.029,56.85,70.23,-19.05,41.87,0.849,27,1535.01,941.01,61.3
561,1,196,0,0,EtaDesk,Furniture,80,176.1,0.143,150.92,196.04,-23.02,46.84,0.666,8,1207.34,567.34,46.99
561,1,196,0,0,ThetaMat,Accessories,15,30.59,0.036,29.49,36.09,-18.29,75.55,1.082,71,2093.7,1028.7,49.13
562,2,197,0,0,AlphaWatch,Wearables,40,97.97,0.137,84.55,105.55,-19.9,7.83,0.714,2,169.1,89.1,52.69
562,2,197,0,0,BetaBuds,Audio,25,46.19,0.085,42.26,46.82,-9.73,1.56,0.5,6,253.58,103.58,40.85
562,2,197,0,0,GammaBand,Wearables,18,34.99,0.084,32.05,40.25,-20.37,20.37,0.731,52,1666.64,730.64,43.84
562,2,197,0,0,DeltaDock,Accessories,30,81.89,0.093,74.27,79.05,-6.04,29.44,0.571,2,148.55,88.55,59.61
562,2,197,0,0,EpsilonCam,Imaging,55,96.35,0.063,90.28,106.81,-15.48,3.05,0.858,2,180.56,70.56,39.08
562,2,197,0,0,ZetaHub,Accessories,22,44.49,0.084,40.75,51.19,-20.39,17.46,0.771,15,611.29,281.29,46.02
562,2,197,0,0,EtaDesk,Furniture,80,198.69,0.058,187.17,193.1,-3.07,8.33,0.824,2,374.33,214.33,57.26
562,2,197,0,0,ThetaMat,Accessories,15,27.27,0.071,25.33,28.49,-11.08,12.79,0.611,44,1114.69,454.69,40.79
563,3,198,0,0,AlphaWatch,Wearables,40,83.16,0.145,71.1,100.45,-29.22,27.36,0.865,9,639.92,279.92,43.74
563,3,198,0,0,BetaBuds,Audio,25,57.02,0.077,52.63,56.67,-7.13,40.99,0.526,10,526.29,276.29,52.5
563,3,198,0,0,GammaBand,Wearables,18,35.63,0.137,30.75,43.14,-28.72,14.66,0.715,50,1537.43,637.43,41.46
563,3,198,0,0,DeltaDock,Accessories,30,69.06,0.029,67.06,65.23,2.8,6.29,0.689,1,67.06,37.06,55.26
563,3,198,0,0,EpsilonCam,Imaging,55,127.08,0.052,120.47,137.99,-12.7,12.6,0.5,3,361.42,196.42,54.35
563,3,198,0,0,ZetaHub,Accessories,22,51.67,0.094,46.81,61.14,-23.43,28.85,0.5,22,1029.89,545.89,53.0
563,3,198,0,0,EtaDesk,Furniture,80,207.6,0.125,181.65,209.48,-13.29,110.83,1.5,6,1089.9,609.9,55.96
563,3,198,0,0,ThetaMat,Accessories,15,41.01,0.054,38.8,39.52,-1.83,1.14,0.5,3,116.39,71.39,61.34
564,4,199,0,0,AlphaWatch,Wearables,40,77.24,0.056,72.91,82.06,-11.14,72.56,1.169,12,874.97,394.97,45.14
564,4,199,0,0,BetaBuds,Audio,25,60.86,0.045,58.12,57.72,0.7,5.17,0.5,3,174.36,99.36,56.99
564,4,199,0,0,GammaBand,Wearables,18,48.21,0.018,47.34,43.73,8.26,35.44,0.766,23,1088.87,674.87,61.98
564,4,199,0,0,DeltaDock,Accessories,30,57.51,0.165,48.02,59.6,-19.43,22.31,0.611,4,192.08,72.08,37.53
564,4,199,0,0,EpsilonCam,Imaging,55,121.83,0.047,116.1,114.55,1.36,19.08,0.627,4,464.42,244.42,52.63
564,4,199,0,0,ZetaHub,Accessories,22,39.64,0.054,37.5,46.55,-19.44,20.86,0.631,24,899.99,371.99,41.33
564,4,199,0,0,EtaDesk,Furniture,80,167.74,0.083,153.82,197.18,-21.99,85.08,1.157,8,1230.54,590.54,47.99
564,4,199,0,0,ThetaMat,Accessories,15,41.28,0.047,39.34,44.6,-11.79,38.16,1.243,22,865.48,535.48,61.87
565,5,200,1,0,AlphaWatch,Wearables,40,82.35,0.144,70.49,95.42,-26.12,45.58,0.675,13,916.39,396.39,43.26
565,5,200,1,0,BetaBuds,Audio,25,50.19,0.128,43.77,55.21,-20.73,16.09,0.74,15,656.49,281.49,42.88
565,5,200,1,0,GammaBand,Wearables,18,38.85,0.051,36.87,43.29,-14.83,10.73,0.526,36,1327.27,679.27,51.18
565,5,200,1,0,DeltaDock,Accessories,30,62.04,0.011,61.36,65.32,-6.07,11.42,0.575,3,184.07,94.07,51.11
565,5,200,1,0,EpsilonCam,Imaging,55,143.93,0.131,125.08,144.9,-13.68,14.73,0.718,4,500.3,280.3,56.03
565,5,200,1,0,ZetaHub,Accessories,22,40.99,0.109,36.52,34.82,4.89,43.75,1.0,41,1497.41,595.41,39.76
565,5,200,1,0,EtaDesk,Furniture,80,190.25,0.051,180.55,178.0,1.43,45.13,0.828,4,722.19,402.19,55.69
565,5,200,1,0,ThetaMat,Accessories,15,38.93,0.044,37.22,40.66,-8.47,1.06,0.771,5,186.09,111.09,59.7
566,6,201,1,0,AlphaWatch,Wearables,40,111.87,0.109,99.68,117.39,-15.09,99.36,1.236,7,697.73,417.73,59.87
566,6,201,1,0,BetaBuds,Audio,25,63.29,0.15,53.8,66.0,-18.49,41.26,0.815,15,806.95,431.95,53.53
566,6,201,1,0,GammaBand,Wearables,18,41.3,0.029,40.1,43.57,-7.96,19.71,0.71,42,1684.3,928.3,55.11
566,6,201,1,0,DeltaDock,Accessories,30,68.47,0.088,62.44,74.79,-16.51,8.2,0.611,2,124.89,64.89,51.96
566,6,201,1,0,EpsilonCam,Imaging,55,127.77,0.095,115.63,120.3,-3.88,49.91,0.917,4,462.53,242.53,52.44
566,6,201,1,0,ZetaHub,Accessories,22,49.97,0.159,42.02,45.26,-7.15,26.18,0.79,25,1050.62,500.62,47.65
566,6,201,1,0,EtaDesk,Furniture,80,136.91,0.065,128.01,153.72,-16.72,97.55,1.296,15,1920.16,720.16,37.51
566,6,201,1,0,ThetaMat,Accessories,15,41.21,0.068,38.41,39.41,-2.54,17.12,0.849,20,768.15,468.15,60.95
567,0,202,0,0,AlphaWatch,Wearables,40,75.94,0.113,67.36,87.87,-23.34,41.51,0.594,6,404.15,164.15,40.62
567,0,202,0,0,BetaBuds,Audio,25,57.06,0.026,55.58,47.18,17.8,58.77,1.154,16,889.22,489.22,55.02
567,0,202,0,0,GammaBand,Wearables,18,40.42,0.025,39.41,37.17,6.03,40.72,0.764,16,630.55,342.55,54.33
567,0,202,0,0,DeltaDock,Accessories,30,69.87,0.046,66.66,79.36,-16.01,54.29,0.894,5,333.28,183.28,54.99
567,0,202,0,0,EpsilonCam,Imaging,55,128.39,0.047,122.36,105.81,15.64,24.81,0.719,3,367.07,202.07,55.05
567,0,202,0,0,ZetaHub,Accessories,22,60.14,0.083,55.15,57.48,-4.06,9.46,0.682,6,330.89,198.89,60.11
567,0,202,0,0,EtaDesk,Furniture,80,151.54,0.095,137.14,144.33,-4.98,103.28,1.127,11,1508.58,628.58,41.67
567,0,202,0,0,ThetaMat,Accessories,15,33.69,0.044,32.21,38.13,-15.53,13.69,0.696,17,547.53,292.53,53.43
568,1,203,0,0,AlphaWatch,Wearables,40,89.41,0.049,85.03,90.03,-5.55,5.91,0.689,3,255.09,135.09,52.96
568,1,203,0,0,BetaBuds,Audio,25,52.52,0.024,51.26,51.23,0.06,4.68,0.5,7,358.82,183.82,51.23
568,1,203,0,0,GammaBand,Wearables,18,36.53,0.064,34.19,37.65,-9.18,13.4,0.694,17,581.27,275.27,47.36
568,1,203,0,0,DeltaDock,Accessories,30,66.37,0.037,63.91,66.2,-3.45,18.69,0.5,3,191.74,101.74,53.06
568,1,203,0,0,EpsilonCam,Imaging,55,135.12,0.113,119.85,152.74,-21.53,50.04,1.194,8,958.81,518.81,54.11
568,1,203,0,0,ZetaHub,Accessories,22,38.95,0.075,36.03,41.8,-13.81,2.62,0.606,9,324.26,126.26,38.94
568,1,203,0,0,EtaDesk,Furniture,80,145.39,0.109,129.54,160.82,-19.45,20.73,0.688,7,906.8,346.8,38.24
568,1,203,0,0,ThetaMat,Accessories,15,30.25,0.028,29.4,35.1,-16.23,32.08,0.85,78,2293.43,1123.43,48.98
569,2,204,0,0,AlphaWatch,Wearables,40,100.81,0.053,95.47,99.82,-4.36,11.38,0.995,4,381.87,221.87,58.1
569,2,204,0,0,BetaBuds,Audio,25,59.13,0.075,54.7,65.08,-15.96,19.63,0.5,8,437.56,237.56,54.29
569,2,204,0,0,GammaBand,Wearables,18,42.1,0.064,39.41,35.75,10.23,30.19,0.558,29,1142.76,620.76,54.32
569,2,204,0,0,DeltaDock,Accessories,30,61.12,0.067,57.02,64.99,-12.26,5.41,0.522,2,114.05,54.05,47.39
569,2,204,0,0,EpsilonCam,Imaging,55,100.45,0.057,94.72,109.33,-13.36,19.86,0.518,4,378.9,158.9,41.94
569,2,204,0,0,ZetaHub,Accessories,22,51.63,0.004,51.42,49.05,4.84,66.86,1.132,40,2056.94,1176.94,57.22
569,2,204,0,0,EtaDesk,Furniture,80,180.69,0.052,171.29,169.26,1.2,14.41,0.625,2,342.59,182.59,53.3
569,2,204,0,0,ThetaMat,Accessories,15,33.99,0.182,27.8,40.62,-31.55,12.16,0.688,38,1056.55,486.55,46.05
570,3,205,0,0,AlphaWatch,Wearables,40,102.18,0.059,96.15,121.71,-21.0,66.24,1.094,11,1057.67,617.67,58.4
570,3,205,0,0,BetaBuds,Audio,25,67.69,0.013,66.81,57.48,16.23,22.23,0.952,7,467.67,292.67,62.58
570,3,205,0,0,GammaBand,Wearables,18,40.66,0.059,38.26,47.45,-19.37,7.72,0.608,11,420.87,222.87,52.95
570,3,205,0,0,DeltaDock,Accessories,30,72.53,0.092,65.86,84.86,-22.39,62.46,1.077,2,131.71,71.71,54.45
570,3,205,0,0,EpsilonCam,Imaging,55,141.69,0.055,133.9,135.83,-1.42,25.93,0.783,2,267.79,157.79,58.92
570,3,205,0,0,ZetaHub,Accessories,22,46.93,0.114,41.58,57.46,-27.64,9.75,0.5,10,415.8,195.8,47.09
570,3,205,0,0,EtaDesk,Furniture,80,193.03,0.239,146.9,190.21,-22.77,0.45,0.63,2,293.79,133.79,45.54
570,3,205,0,0,ThetaMat,Accessories,15,29.68,0.026,28.91,26.28,10.0,62.76,1.062,38,1098.52,528.52,48.11
571,4,206,0,0,AlphaWatch,Wearables,40,73.32,0.119,64.59,55.14,17.15,20.09,0.595,4,258.38,98.38,38.08
571,4,206,0,0,BetaBuds,Audio,25,60.16,0.055,56.85,61.4,-7.41,16.0,0.683,6,341.11,191.11,56.03
571,4,206,0,0,GammaBand,Wearables,18,35.56,0.044,34.0,36.68,-7.32,32.74,0.803,34,1155.84,543.84,47.05
571,4,206,0,0,DeltaDock,Accessories,30,66.21,0.017,65.08,59.87,8.71,33.43,0.698,3,195.25,105.25,53.91
571,4,206,0,0,EpsilonCam,Imaging,55,102.68,0.053,97.24,120.53,-19.32,5.87,0.5,3,291.71,126.71,43.44
571,4,206,0,0,ZetaHub,Accessories,22,46.05,0.008,45.68,40.08,13.98,37.33,0.863,21,959.31,497.31,51.84
571,4,206,0,0,EtaDesk,Furniture,80,216.07,0.076,199.65,229.38,-12.96,0.99,0.5,1,199.65,119.65,59.93
571,4,206,0,0,ThetaMat,Accessories,15,32.62,0.108,29.1,37.62,-22.66,18.98,0.605,40,1163.88,563.88,48.45
572,5,207,1,0,AlphaWatch,Wearables,40,95.6,0.103,85.75,91.42,-6.2,3.56,0.5,2,171.51,91.51,53.35
572,5,207,1,0,BetaBuds,Audio,25,59.38,0.058,55.94,61.49,-9.03,8.96,0.5,5,279.68,154.68,55.31
572,5,207,1,0,GammaBand,Wearables,18,34.85,0.122,30.6,32.63,-6.23,10.33,0.639,34,1040.34,428.34,41.17
572,5,207,1,0,DeltaDock,Accessories,30,81.02,0.011,80.13,79.73,0.5,15.98,0.66,1,80.13,50.13,62.56
572,5,207,1,0,EpsilonCam,Imaging,55,99.52,0.069,92.65,109.73,-15.56,20.83,0.54,10,926.53,376.53,40.64
572,5,207,1,0,ZetaHub,Accessories,22,58.1,0.015,57.23,62.31,-8.16,37.04,0.961,19,1087.34,669.34,61.56
572,5,207,1,0,EtaDesk,Furniture,80,177.57,0.182,145.25,152.15,-4.53,14.62,0.611,4,581.01,261.01,44.92
572,5,207,1,0,ThetaMat,Accessories,15,37.09,0.061,34.83,36.72,-5.15,67.19,1.21,87,3029.99,1724.99,56.93
573,6,208,1,0,AlphaWatch,Wearables,40,80.01,0.055,75.61,86.48,-12.57,83.1,1.396,17,1285.36,605.36,47.1
573,6,208,1,0,BetaBuds,Audio,25,62.52,0.037,60.21,65.53,-8.12,48.76,0.972,11,662.27,387.27,58.48
573,6,208,1,0,GammaBand,Wearables,18,38.46,0.192,31.08,39.4,-21.13,15.51,0.784,43,1336.25,562.25,42.08
573,6,208,1,0,DeltaDock,Accessories,30,63.01,0.067,58.79,57.86,1.6,58.85,0.842,3,176.36,86.36,48.97
573,6,208,1,0,EpsilonCam,Imaging,55,103.59,0.127,90.43,89.07,1.53,75.63,1.303,7,633.04,248.04,39.18
573,6,208,1,0,ZetaHub,Accessories,22,49.26,0.086,45.02,50.59,-11.0,65.97,0.836,36,1620.85,828.85,51.14
573,6,208,1,0,EtaDesk,Furniture,80,218.24,0.043,208.86,233.5,-10.55,1.83,0.555,1,208.86,128.86,61.7
573,6,208,1,0,ThetaMat,Accessories,15,33.88,0.06,31.85,32.48,-1.95,13.71,0.518,13,414.01,219.01,52.9
574,0,209,0,0,AlphaWatch,Wearables,40,83.62,0.044,79.94,71.85,11.26,28.8,0.589,4,319.76,159.76,49.96
574,0,209,0,0,BetaBuds,Audio,25,67.4,0.023,65.85,76.84,-14.3,183.82,1.5,14,921.9,571.9,62.03
574,0,209,0,0,GammaBand,Wearables,18,48.91,0.096,44.21,37.36,18.35,18.09,0.88,13,574.79,340.79,59.29
574,0,209,0,0,DeltaDock,Accessories,30,55.23,0.078,50.92,46.76,8.9,3.7,0.5,2,101.84,41.84,41.09
574,0,209,0,0,EpsilonCam,Imaging,55,133.43,0.054,126.22,117.23,7.67,35.34,0.605,5,631.12,356.12,56.43
574,0,209,0,0,ZetaHub,Accessories,22,44.69,0.074,41.38,56.24,-26.42,61.94,0.606,31,1282.87,600.87,46.84
574,0,209,0,0,EtaDesk,Furniture,80,182.97,0.25,137.23,175.61,-21.86,21.8,0.784,7,960.59,400.59,41.7
574,0,209,0,0,ThetaMat,Accessories,15,30.88,0.109,27.51,29.01,-5.16,6.71,0.687,39,1073.05,488.05,45.48
575,1,210,0,0,AlphaWatch,Wearables,40,100.67,0.027,97.95,102.69,-4.61,0.6,0.577,1,97.95,57.95,59.16
575,1,210,0,0,BetaBuds,Audio,25,67.36,0.022,65.88,75.0,-12.16,67.16,1.088,17,1119.93,694.93,62.05
575,1,210,0,0,GammaBand,Wearables,18,35.53,0.029,34.5,44.72,-22.85,95.14,1.181,57,1966.48,940.48,47.83
575,1,210,0,0,DeltaDock,Accessories,30,73.57,0.194,59.3,65.08,-8.89,15.45,0.5,4,237.19,117.19,49.41
575,1,210,0,0,EpsilonCam,Imaging,55,135.17,0.092,122.73,149.5,-17.9,34.36,0.735,5,613.67,338.67,55.19
575,1,210,0,0,ZetaHub,Accessories,22,54.44,0.014,53.68,49.55,8.33,6.85,0.715,6,322.07,190.07,59.01
575,1,210,0,0,EtaDesk,Furniture,80,175.64,0.112,155.97,166.62,-6.39,0.7,0.868,1,155.97,75.97,48.71
575,1,210,0,0,ThetaMat,Accessories,15,42.42,0.046,40.47,47.59,-14.96,19.95,0.5,17,687.97,432.97,62.93
576,2,211,0,0,AlphaWatch,Wearables,40,102.27,0.078,94.29,100.24,-5.93,82.4,0.992,7,660.05,380.05,57.58
576,2,211,0,0,BetaBuds,Audio,25,57.81,0.08,53.19,53.83,-1.2,3.63,0.72,8,425.48,225.48,52.99
576,2,211,0,0,GammaBand,Wearables,18,47.5,0.104,42.56,44.07,-3.43,5.5,0.648,9,383.04,221.04,57.71
576,2,211,0,0,DeltaDock,Accessories,30,69.39,0.096,62.73,72.93,-13.99,10.81,0.693,3,188.19,98.19,52.17
576,2,211,0,0,EpsilonCam,Imaging,55,123.7,0.115,109.47,131.9,-17.0,47.81,0.901,7,766.32,381.32,49.76
576,2,211,0,0,ZetaHub,Accessories,22,62.26,0.113,55.22,54.44,1.44,4.51,0.5,4,220.9,132.9,60.16
576,2,211,0,0,EtaDesk,Furniture,80,217.72,0.128,189.85,199.94,-5.05,15.25,0.746,1,189.85,109.85,57.86
576,2,211,0,0,ThetaMat,Accessories,15,26.19,0.044,25.04,25.07,-0.13,26.43,0.763,70,1752.63,702.63,40.09
577,3,212,0,0,AlphaWatch,Wearables,40,105.26,0.081,96.73,90.13,7.33,38.42,0.816,3,290.2,170.2,58.65
577,3,212,0,0,BetaBuds,Audio,25,51.4,0.037,49.5,61.5,-19.52,7.34,0.5,6,296.99,146.99,49.49
577,3,212,0,0,GammaBand,Wearables,18,33.46,0.07,31.12,44.14,-29.5,51.63,0.92,75,2333.84,983.83,42.16
577,3,212,0,0,DeltaDock,Accessories,30,66.19,0.115,58.58,55.05,6.41,10.56,0.5,2,117.16,57.16,48.79
577,3,212,0,0,EpsilonCam,Imaging,55,95.71,0.184,78.1,88.4,-11.65,4.63,0.556,5,390.5,115.5,29.58
577,3,212,0,0,ZetaHub,Accessories,22,52.4,0.017,51.51,58.1,-11.34,55.74,0.821,20,1030.18,590.18,57.29
577,3,212,0,0,EtaDesk,Furniture,80,148.38,0.099,133.69,138.95,-3.79,70.74,0.978,14,1871.67,751.67,40.16
577,3,212,0,0,ThetaMat,Accessories,15,36.47,0.049,34.68,31.88,8.79,0.43,0.5,6,208.1,118.1,56.75
578,4,213,0,0,AlphaWatch,Wearables,40,80.9,0.208,64.07,73.95,-13.36,27.54,0.509,6,384.44,144.44,37.57
578,4,213,0,0,BetaBuds,Audio,25,68.16,0.163,57.05,77.44,-26.33,44.09,0.82,12,684.6,384.6,56.18
578,4,213,0,0,GammaBand,Wearables,18,49.5,0.084,45.34,47.24,-4.02,24.28,0.658,13,589.45,355.45,60.3
578,4,213,0,0,DeltaDock,Accessories,30,60.44,0.031,58.57,65.45,-10.52,12.12,0.636,2,117.13,57.13,48.78
578,4,213,0,0,EpsilonCam,Imaging,55,136.36,0.114,120.81,141.1,-14.38,0.4,0.576,1,120.81,65.81,54.48
578,4,213,0,0,ZetaHub,Accessories,22,58.27,0.018,57.22,58.82,-2.72,2.58,0.732,4,228.88,140.88,61.55
578,4,213,0,0,EtaDesk,Furniture,80,207.5,0.049,197.33,181.68,8.62,15.77,0.861,4,789.33,469.33,59.46
578,4,213,0,0,ThetaMat,Accessories,15,33.35,0.05,31.68,29.24,8.35,16.56,0.5,19,601.97,316.97,52.66
579,5,214,1,0,AlphaWatch,Wearables,40,92.81,0.074,85.94,111.8,-23.13,98.69,1.469,17,1461.02,781.02,53.46
579,5,214,1,0,BetaBuds,Audio,25,56.07,0.007,55.68,57.78,-3.64,28.84,0.702,10,556.78,306.78,55.1
579,5,214,1,0,GammaBand,Wearables,18,40.3,0.096,36.43,43.78,-16.79,71.58,1.227,53,1930.85,976.85,50.59
579,5,214,1,0,DeltaDock,Accessories,30,70.24,0.112,62.37,85.97,-27.45,14.06,0.865,2,124.75,64.75,51.9
579,5,214,1,0,EpsilonCam,Imaging,55,123.27,0.022,120.56,111.91,7.73,19.43,0.587,4,482.23,262.23,54.38
579,5,214,1,0,ZetaHub,Accessories,22,43.98,0.061,41.3,46.98,-12.1,0.7,0.5,12,495.57,231.57,46.73
579,5,214,1,0,EtaDesk,Furniture,80,193.64,0.086,176.99,215.98,-18.05,109.2,1.417,12,2123.84,1163.84,54.8
579,5,214,1,0,ThetaMat,Accessories,15,39.86,0.075,36.87,36.67,0.55,54.64,0.733,39,1437.95,852.95,59.32
580,6,215,1,0,AlphaWatch,Wearables,40,87.51,0.081,80.42,85.8,-6.27,91.3,1.213,17,1367.17,687.17,50.26
580,6,215,1,0,BetaBuds,Audio,25,47.21,0.105,42.25,53.31,-20.74,55.35,0.753,39,1647.87,672.87,40.83
580,6,215,1,0,GammaBand,Wearables,18,32.4,0.09,29.48,29.6,-0.39,25.58,0.867,73,2152.33,838.33,38.95
580,6,215,1,0,DeltaDock,Accessories,30,72.08,0.013,71.14,71.21,-0.09,2.99,0.536,1,71.14,41.14,57.83
580,6,215,1,0,EpsilonCam,Imaging,55,107.99,0.047,102.91,104.0,-1.04,28.0,0.628,5,514.57,239.57,46.56
580,6,215,1,0,ZetaHub,Accessories,22,58.35,0.093,52.92,43.63,21.3,70.67,1.369,26,1376.01,804.01,58.43
580,6,215,1,0,EtaDesk,Furniture,80,198.54,0.062,186.23,229.61,-18.89,85.98,1.269,7,1303.61,743.61,57.04
580,6,215,1,0,ThetaMat,Accessories,15,39.35,0.215,30.89,39.58,-21.96,39.5,0.92,67,2069.61,1064.61,51.44
581,0,216,0,0,AlphaWatch,Wearables,40,97.77,0.01,96.79,111.78,-13.41,15.78,0.567,3,290.38,170.38,58.67
581,0,216,0,0,BetaBuds,Audio,25,46.79,0.1,42.11,41.7,0.99,72.32,1.15,18,758.0,308.0,40.63
581,0,216,0,0,GammaBand,Wearables,18,44.01,0.03,42.69,48.21,-11.45,6.39,0.532,10,426.9,246.9,57.84
581,0,216,0,0,DeltaDock,Accessories,30,74.59,0.01,73.84,73.24,0.82,13.72,0.5,2,147.69,87.69,59.37
581,0,216,0,0,EpsilonCam,Imaging,55,139.7,0.01,138.3,147.59,-6.29,2.24,0.703,1,138.3,83.3,60.23
581,0,216,0,0,ZetaHub,Accessories,22,61.0,0.207,48.37,69.07,-29.97,61.41,0.954,38,1838.17,1002.17,54.52
581,0,216,0,0,EtaDesk,Furniture,80,156.6,0.056,147.83,153.39,-3.62,85.4,1.085,13,1921.8,881.8,45.88
581,0,216,0,0,ThetaMat,Accessories,15,30.34,0.057,28.61,26.42,8.29,11.68,0.802,25,715.27,340.27,47.57
582,1,217,0,0,AlphaWatch,Wearables,40,77.32,0.022,75.62,76.62,-1.31,45.35,0.874,12,907.43,427.43,47.1
582,1,217,0,0,BetaBuds,Audio,25,49.35,0.058,46.49,54.38,-14.51,59.36,0.895,23,1069.22,494.22,46.22
582,1,217,0,0,GammaBand,Wearables,18,43.61,0.043,41.73,53.01,-21.27,24.82,0.785,25,1043.37,593.37,56.87
582,1,217,0,0,DeltaDock,Accessories,30,75.43,0.055,71.28,71.88,-0.83,13.42,0.5,2,142.56,82.56,57.91
582,1,217,0,0,EpsilonCam,Imaging,55,148.14,0.149,126.07,169.35,-25.56,27.19,0.556,3,378.2,213.2,56.37
582,1,217,0,0,ZetaHub,Accessories,22,47.56,0.034,45.94,62.19,-26.12,84.67,1.24,42,1929.6,1005.6,52.11
582,1,217,0,0,EtaDesk,Furniture,80,163.46,0.022,159.86,154.01,3.8,9.54,0.741,3,479.59,239.59,49.96
582,1,217,0,0,ThetaMat,Accessories,15,34.03,0.019,33.38,30.56,9.24,33.86,0.621,26,867.97,477.97,55.07
583,2,218,0,0,AlphaWatch,Wearables,40,110.48,0.023,107.94,91.56,17.89,52.32,0.791,6,647.63,407.63,62.94
583,2,218,0,0,BetaBuds,Audio,25,69.59,0.03,67.5,84.09,-19.73,62.61,1.08,31,2092.57,1317.57,62.96
583,2,218,0,0,GammaBand,Wearables,18,33.46,0.058,31.52,42.2,-25.31,89.67,1.118,77,2426.99,1040.99,42.89
583,2,218,0,0,DeltaDock,Accessories,30,73.11,0.009,72.45,67.01,8.12,34.53,1.196,2,144.9,84.9,58.59
583,2,218,0,0,EpsilonCam,Imaging,55,148.47,0.05,141.05,134.68,4.73,57.25,0.956,5,705.23,430.23,61.01
583,2,218,0,0,ZetaHub,Accessories,22,56.01,0.109,49.9,60.15,-17.03,33.75,0.955,29,1447.24,809.24,55.92
583,2,218,0,0,EtaDesk,Furniture,80,212.76,0.005,211.7,230.08,-7.99,76.74,1.5,7,1481.87,921.87,62.21
583,2,218,0,0,ThetaMat,Accessories,15,29.91,0.059,28.15,27.31,3.06,17.43,0.73,25,703.63,328.63,46.71
584,3,219,0,0,AlphaWatch,Wearables,40,94.59,0.12,83.24,103.96,-19.93,6.84,0.5,1,83.24,43.24,51.95
584,3,219,0,0,BetaBuds,Audio,25,65.48,0.119,57.69,69.03,-16.43,81.27,1.136,20,1153.76,653.76,56.66
584,3,219,0,0,GammaBand,Wearables,18,34.82,0.007,34.58,30.42,13.66,33.68,0.96,42,1452.2,696.2,47.94
584,3,219,0,0,DeltaDock,Accessories,30,68.61,0.113,60.86,73.76,-17.49,13.26,0.748,3,182.57,92.57,50.7
584,3,219,0,0,EpsilonCam,Imaging,55,124.35,0.061,116.76,129.34,-9.72,165.09,1.5,12,1401.18,741.18,52.9
584,3,219,0,0,ZetaHub,Accessories,22,49.1,0.083,45.02,52.12,-13.61,2.2,0.529,7,315.17,161.17,51.14
584,3,219,0,0,EtaDesk,Furniture,80,201.58,0.015,198.56,213.49,-7.0,29.59,0.624,4,794.23,474.23,59.71
584,3,219,0,0,ThetaMat,Accessories,15,36.74,0.067,34.28,37.67,-9.0,180.06,1.5,61,2090.98,1175.98,56.24
585,4,220,0,0,AlphaWatch,Wearables,40,109.23,0.014,107.7,102.35,5.23,19.71,0.593,2,215.4,135.4,62.86
585,4,220,0,0,BetaBuds,Audio,25,64.53,0.03,62.59,53.23,17.59,37.94,1.062,8,500.75,300.75,60.06
585,4,220,0,0,GammaBand,Wearables,18,47.73,0.037,45.96,47.96,-4.16,12.02,0.999,18,827.35,503.35,60.84
585,4,220,0,0,DeltaDock,Accessories,30,57.34,0.033,55.45,52.61,5.39,37.91,0.721,3,166.34,76.34,45.9
585,4,220,0,0,EpsilonCam,Imaging,55,115.93,0.105,103.76,111.31,-6.79,13.57,0.576,3,311.27,146.27,46.99
585,4,220,0,0,ZetaHub,Accessories,22,43.32,0.027,42.15,39.49,6.74,14.51,0.774,13,547.95,261.95,47.81
585,4,220,0,0,EtaDesk,Furniture,80,177.57,0.059,167.09,198.19,-15.69,10.74,0.5,3,501.28,261.28,52.12
585,4,220,0,0,ThetaMat,Accessories,15,33.59,0.048,31.98,30.89,3.52,4.43,0.678,11,351.75,186.75,53.09
586,5,221,1,0,AlphaWatch,Wearables,40,79.97,0.017,78.61,82.56,-4.78,27.53,0.822,12,943.33,463.33,49.12
586,5,221,1,0,BetaBuds,Audio,25,48.45,0.029,47.04,47.51,-0.98,30.27,0.985,18,846.81,396.81,46.86
586,5,221,1,0,GammaBand,Wearables,18,41.87,0.045,39.99,47.94,-16.59,16.86,0.707,27,1079.62,593.62,54.98
586,5,221,1,0,DeltaDock,Accessories,30,63.68,0.085,58.27,63.31,-7.97,6.94,0.5,1,58.27,28.27,48.51
586,5,221,1,0,EpsilonCam,Imaging,55,133.06,0.106,118.96,123.29,-3.52,74.37,0.935,14,1665.38,895.38,53.76
586,5,221,1,0,ZetaHub,Accessories,22,56.27,0.086,51.43,65.81,-21.85,15.6,0.5,9,462.88,264.88,57.22
586,5,221,1,0,EtaDesk,Furniture,80,211.05,0.127,184.25,239.59,-23.1,36.63,0.707,4,736.99,416.99,56.58
586,5,221,1,0,ThetaMat,Accessories,15,30.56,0.143,26.19,40.65,-35.57,44.77,0.817,156,4085.63,1745.63,42.73
587,6,222,1,0,AlphaWatch,Wearables,40,114.66,0.049,109.04,134.16,-18.72,27.15,0.653,5,545.21,345.21,63.32
587,6,222,1,0,BetaBuds,Audio,25,52.03,0.027,50.63,55.29,-8.44,30.89,0.567,11,556.88,281.88,50.62
587,6,222,1,0,GammaBand,Wearables,18,47.25,0.06,44.42,45.31,-1.98,96.12,1.317,38,1687.77,1003.77,59.47
587,6,222,1,0,DeltaDock,Accessories,30,60.16,0.054,56.91,66.01,-13.78,62.46,1.028,5,284.56,134.56,47.29
587,6,222,1,0,EpsilonCam,Imaging,55,102.52,0.177,84.37,98.55,-14.38,0.15,0.546,2,168.75,58.75,34.81
587,6,222,1,0,ZetaHub,Accessories,22,59.86,0.06,56.27,67.94,-17.18,112.16,1.442,55,3094.76,1884.76,60.9
587,6,222,1,0,EtaDesk,Furniture,80,196.13,0.188,159.26,218.86,-27.23,73.93,1.054,11,1751.83,871.83,49.77
587,6,222,1,0,ThetaMat,Accessories,15,26.93,0.19,21.81,26.54,-17.81,91.7,1.384,260,5671.46,1771.46,31.23
588,0,223,0,0,AlphaWatch,Wearables,40,102.89,0.125,90.03,129.21,-30.32,1.16,0.5,2,180.06,100.06,55.57
588,0,223,0,0,BetaBuds,Audio,25,67.47,0.035,65.11,71.3,-8.68,9.78,0.537,2,130.22,80.22,61.6
588,0,223,0,0,GammaBand,Wearables,18,46.81,0.035,45.17,46.42,-2.69,5.27,0.5,8,361.37,217.37,60.15
588,0,223,0,0,DeltaDock,Accessories,30,64.86,0.062,60.84,66.43,-8.42,10.47,0.624,1,60.84,30.84,50.69
588,0,223,0,0,EpsilonCam,Imaging,55,118.28,0.082,108.58,123.24,-11.89,19.82,0.547,7,760.07,375.07,49.35
588,0,223,0,0,ZetaHub,Accessories,22,38.1,0.074,35.28,38.96,-9.44,10.43,0.675,14,493.93,185.93,37.64
588,0,223,0,0,EtaDesk,Furniture,80,191.37,0.136,165.34,179.21,-7.74,39.51,0.728,8,1322.75,682.75,51.62
588,0,223,0,0,ThetaMat,Accessories,15,33.52,0.018,32.92,40.14,-18.0,4.1,0.604,12,395.0,215.0,54.43
589,1,224,0,0,AlphaWatch,Wearables,40,108.73,0.04,104.38,119.09,-12.35,23.14,0.997,6,626.28,386.28,61.68
589,1,224,0,0,BetaBuds,Audio,25,47.54,0.176,39.17,50.32,-22.15,11.61,0.5,12,470.08,170.08,36.18
589,1,224,0,0,GammaBand,Wearables,18,34.21,0.088,31.2,30.59,1.99,22.35,0.5,26,811.19,343.19,42.31
589,1,224,0,0,DeltaDock,Accessories,30,55.6,0.051,52.76,57.33,-7.96,9.61,0.5,2,105.53,45.53,43.14
589,1,224,0,0,EpsilonCam,Imaging,55,157.61,0.018,154.77,153.93,0.55,4.96,0.527,1,154.77,99.77,64.46
589,1,224,0,0,ZetaHub,Accessories,22,57.08,0.079,52.57,60.32,-12.85,6.92,0.858,14,735.99,427.99,58.15
589,1,224,0,0,EtaDesk,Furniture,80,173.83,0.079,160.1,170.53,-6.12,42.71,1.061,8,1280.78,640.78,50.03
589,1,224,0,0,ThetaMat,Accessories,15,34.62,0.08,31.85,32.95,-3.34,17.17,0.7,28,891.81,471.81,52.9
590,2,225,0,0,AlphaWatch,Wearables,40,98.69,0.046,94.15,118.21,-20.35,15.75,0.592,3,282.45,162.45,57.51
590,2,225,0,0,BetaBuds,Audio,25,70.21,0.016,69.09,82.71,-16.47,12.7,0.534,3,207.26,132.26,63.81
590,2,225,0,0,GammaBand,Wearables,18,40.52,0.071,37.64,40.7,-7.51,0.89,0.5,5,188.22,98.22,52.18
590,2,225,0,0,DeltaDock,Accessories,30,54.91,0.071,51.01,59.14,-13.74,18.93,0.671,4,204.05,84.05,41.19
590,2,225,0,0,EpsilonCam,Imaging,55,108.0,0.155,91.26,110.13,-17.13,11.78,0.57,5,456.3,181.3,39.73
590,2,225,0,0,ZetaHub,Accessories,22,61.63,0.075,57.01,48.53,17.47,1.02,0.5,2,114.02,70.02,61.41
590,2,225,0,0,EtaDesk,Furniture,80,173.93,0.043,166.45,207.41,-19.75,2.85,0.567,2,332.9,172.9,51.94
590,2,225,0,0,ThetaMat,Accessories,15,30.8,0.034,29.75,28.38,4.84,28.88,0.604,30,892.58,442.58,49.58
591,3,226,0,0,AlphaWatch,Wearables,40,105.25,0.023,102.83,109.4,-6.01,3.36,0.5,2,205.66,125.66,61.1
591,3,226,0,0,BetaBuds,Audio,25,60.18,0.057,56.75,58.57,-3.11,43.13,0.812,12,681.0,381.0,55.95
591,3,226,0,0,GammaBand,Wearables,18,50.14,0.027,48.79,47.63,2.43,2.47,0.5,4,195.14,123.14,63.1
591,3,226,0,0,DeltaDock,Accessories,30,65.67,0.037,63.24,61.19,3.35,31.4,0.73,3,189.72,99.72,52.56
591,3,226,0,0,EpsilonCam,Imaging,55,140.63,0.232,108.0,160.59,-32.75,47.83,0.887,5,540.02,265.02,49.08
591,3,226,0,0,ZetaHub,Accessories,22,47.76,0.16,40.12,45.34,-11.52,54.73,0.716,32,1283.79,579.79,45.16
591,3,226,0,0,EtaDesk,Furniture,80,155.77,0.113,138.17,169.12,-18.3,6.66,0.5,2,276.34,116.34,42.1
591,3,226,0,0,ThetaMat,Accessories,15,38.17,0.045,36.45,44.26,-17.64,8.18,0.5,10,364.52,214.52,58.85
592,4,227,0,0,AlphaWatch,Wearables,40,89.17,0.029,86.58,91.65,-5.53,17.8,0.548,3,259.75,139.75,53.8
592,4,227,0,0,BetaBuds,Audio,25,52.21,0.162,43.75,48.51,-9.81,15.7,0.5,7,306.26,131.26,42.86
592,4,227,0,0,GammaBand,Wearables,18,43.27,0.04,41.54,41.06,1.17,62.49,1.011,17,706.17,400.17,56.67
592,4,227,0,0,DeltaDock,Accessories,30,73.17,0.018,71.85,58.48,22.87,2.65,0.5,0,0.0,0.0,58.25
592,4,227,0,0,EpsilonCam,Imaging,55,114.87,0.073,106.48,103.16,3.22,22.12,0.653,3,319.45,154.45,48.35
592,4,227,0,0,ZetaHub,Accessories,22,44.97,0.029,43.67,46.73,-6.56,7.22,0.5,12,523.99,259.99,49.62
592,4,227,0,0,EtaDesk,Furniture,80,156.54,0.059,147.3,177.27,-16.9,42.02,0.971,6,883.82,403.82,45.69
592,4,227,0,0,ThetaMat,Accessories,15,33.16,0.021,32.46,27.71,17.15,11.62,0.568,13,422.03,227.03,53.79
593,5,228,1,0,AlphaWatch,Wearables,40,84.22,0.027,81.95,80.25,2.11,5.33,0.714,4,327.78,167.78,51.19
593,5,228,1,0,BetaBuds,Audio,25,54.82,0.045,52.35,52.5,-0.28,28.39,0.794,7,366.47,191.47,52.25
593,5,228,1,0,GammaBand,Wearables,18,30.68,0.078,28.29,35.5,-20.32,26.39,0.659,97,2743.84,997.84,36.37
593,5,228,1,0,DeltaDock,Accessories,30,55.73,0.025,54.34,50.05,8.56,15.94,0.689,3,163.01,73.01,44.79
593,5,228,1,0,EpsilonCam,Imaging,55,115.41,0.052,109.41,136.47,-19.83,4.62,0.653,3,328.23,163.23,49.73
593,5,228,1,0,ZetaHub,Accessories,22,43.84,0.273,31.87,47.9,-33.46,115.35,1.251,120,3824.6,1184.6,30.97
593,5,228,1,0,EtaDesk,Furniture,80,211.2,0.126,184.59,238.8,-22.7,20.7,0.624,3,553.77,313.77,56.66
593,5,228,1,0,ThetaMat,Accessories,15,36.76,0.212,28.97,43.99,-34.15,36.78,0.624,73,2114.58,1019.58,48.22
594,6,229,1,0,AlphaWatch,Wearables,40,104.08,0.043,99.6,116.8,-14.72,78.49,1.139,10,996.05,596.05,59.84
594,6,229,1,0,BetaBuds,Audio,25,54.79,0.095,49.58,52.0,-4.64,42.05,0.955,17,842.94,417.94,49.58
594,6,229,1,0,GammaBand,Wearables,18,39.48,0.02,38.69,32.13,20.42,25.49,0.895,25,967.26,517.26,53.48
594,6,229,1,0,DeltaDock,Accessories,30,59.62,0.058,56.16,55.29,1.58,2.43,0.822,2,112.32,52.32,46.58
594,6,229,1,0,EpsilonCam,Imaging,55,105.03,0.135,90.85,93.31,-2.64,47.32,1.253,7,635.96,250.96,39.46
594,6,229,1,0,ZetaHub,Accessories,22,40.9,0.084,37.46,47.2,-20.63,205.89,1.5,92,3446.72,1422.72,41.28
594,6,229,1,0,EtaDesk,Furniture,80,159.32,0.051,151.19,159.45,-5.18,25.54,0.829,4,604.78,284.78,47.09
594,6,229,1,0,ThetaMat,Accessories,15,36.6,0.015,36.05,33.32,8.2,9.42,0.668,10,360.51,210.51,58.39
595,0,230,0,0,AlphaWatch,Wearables,40,71.47,0.003,71.26,70.25,1.43,5.09,0.815,5,356.28,156.28,43.86
595,0,230,0,0,BetaBuds,Audio,25,48.82,0.143,41.84,59.62,-29.82,41.65,1.005,34,1422.52,572.52,40.25
595,0,230,0,0,GammaBand,Wearables,18,35.34,0.132,30.68,32.75,-6.34,16.78,0.589,34,1042.95,430.95,41.32
595,0,230,0,0,DeltaDock,Accessories,30,73.89,0.057,69.68,75.77,-8.04,0.32,0.5,1,69.68,39.68,56.94
595,0,230,0,0,EpsilonCam,Imaging,55,113.85,0.022,111.35,111.86,-0.46,26.54,0.632,3,334.04,169.04,50.6
595,0,230,0,0,ZetaHub,Accessories,22,47.71,0.049,45.37,54.24,-16.35,7.29,0.5,5,226.86,116.86,51.51
595,0,230,0,0,EtaDesk,Furniture,80,203.65,0.131,176.97,231.33,-23.5,14.4,0.571,3,530.92,290.92,54.8
595,0,230,0,0,ThetaMat,Accessories,15,38.64,0.045,36.9,39.43,-6.41,53.96,0.947,46,1697.46,1007.46,59.35
596,1,231,0,0,AlphaWatch,Wearables,40,104.89,0.065,98.07,107.39,-8.68,5.96,0.5,2,196.14,116.14,59.21
596,1,231,0,0,BetaBuds,Audio,25,51.65,0.136,44.63,46.6,-4.24,34.14,0.699,10,446.26,196.26,43.98
596,1,231,0,0,GammaBand,Wearables,18,51.07,0.024,49.84,49.53,0.63,35.68,0.775,13,647.98,413.98,63.89
596,1,231,0,0,DeltaDock,Accessories,30,67.82,0.053,64.23,71.4,-10.05,12.79,0.541,2,128.45,68.45,53.29
596,1,231,0,0,EpsilonCam,Imaging,55,104.41,0.008,103.57,117.47,-11.83,33.25,0.786,4,414.3,194.3,46.9
596,1,231,0,0,ZetaHub,Accessories,22,49.61,0.064,46.43,63.07,-26.38,16.77,0.5,9,417.91,219.91,52.62
596,1,231,0,0,EtaDesk,Furniture,80,196.31,0.051,186.3,170.31,9.39,40.73,0.925,4,745.19,425.19,57.06
596,1,231,0,0,ThetaMat,Accessories,15,37.67,0.029,36.58,33.05,10.67,9.22,0.572,9,329.2,194.2,58.99
597,2,232,0,0,AlphaWatch,Wearables,40,106.93,0.159,89.93,108.99,-17.49,0.81,0.5,2,179.86,99.86,55.52
597,2,232,0,0,BetaBuds,Audio,25,59.64,0.223,46.34,67.98,-31.83,59.64,0.908,31,1436.55,661.55,46.05
597,2,232,0,0,GammaBand,Wearables,18,39.92,0.026,38.88,45.22,-14.02,29.59,0.716,29,1127.58,605.58,53.71
597,2,232,0,0,DeltaDock,Accessories,30,74.86,0.1,67.37,92.34,-27.04,4.52,0.679,1,67.37,37.37,55.47
597,2,232,0,0,EpsilonCam,Imaging,55,130.29,0.103,116.87,152.4,-23.31,69.69,1.207,8,934.96,494.96,52.94
597,2,232,0,0,ZetaHub,Accessories,22,63.29,0.061,59.43,69.35,-14.31,39.12,0.519,9,534.86,336.86,62.98
597,2,232,0,0,EtaDesk,Furniture,80,214.35,0.151,181.98,194.24,-6.31,16.74,0.5,1,181.98,101.98,56.04
597,2,232,0,0,ThetaMat,Accessories,15,31.12,0.119,27.42,28.33,-3.22,11.58,0.5,15,411.25,186.25,45.29
598,3,233,0,0,AlphaWatch,Wearables,40,86.47,0.14,74.36,103.13,-27.89,36.02,0.565,7,520.55,240.55,46.21
598,3,233,0,0,BetaBuds,Audio,25,58.78,0.097,53.08,51.5,3.06,5.65,0.771,6,318.47,168.47,52.9
598,3,233,0,0,GammaBand,Wearables,18,42.17,0.003,42.04,48.46,-13.24,1.48,0.7,10,420.43,240.43,57.19
598,3,233,0,0,DeltaDock,Accessories,30,58.93,0.08,54.22,59.43,-8.77,15.9,0.5,3,162.65,72.65,44.67
598,3,233,0,0,EpsilonCam,Imaging,55,143.26,0.093,129.94,150.61,-13.73,9.83,0.519,1,129.94,74.94,57.67
598,3,233,0,0,ZetaHub,Accessories,22,51.85,0.164,43.35,44.44,-2.46,12.09,0.635,17,736.89,362.89,49.25
598,3,233,0,0,EtaDesk,Furniture,80,164.36,0.104,147.27,156.09,-5.65,22.08,0.606,3,441.8,201.8,45.68
598,3,233,0,0,ThetaMat,Accessories,15,31.96,0.084,29.28,28.73,1.9,102.01,1.5,96,2810.43,1370.43,48.76
599,4,234,0,0,AlphaWatch,Wearables,40,78.11,0.112,69.36,78.89,-12.08,22.02,0.553,11,762.98,322.98,42.33
599,4,234,0,0,BetaBuds,Audio,25,56.15,0.129,48.91,63.86,-23.42,0.84,0.5,6,293.44,143.44,48.88
599,4,234,0,0,GammaBand,Wearables,18,48.71,0.136,42.09,53.1,-20.74,3.16,0.5,7,294.6,168.6,57.23
599,4,234,0,0,DeltaDock,Accessories,30,81.47,0.026,79.35,78.29,1.36,0.58,0.623,0,0.0,0.0,62.19
599,4,234,0,0,EpsilonCam,Imaging,55,116.02,0.125,101.52,125.98,-19.42,4.42,0.5,2,203.04,93.04,45.82
599,4,234,0,0,ZetaHub,Accessories,22,60.48,0.066,56.49,65.52,-13.78,25.88,0.698,9,508.39,310.39,61.05
599,4,234,0,0,EtaDesk,Furniture,80,211.03,0.039,202.8,238.2,-14.86,115.3,1.473,10,2028.0,1228.0,60.55
599,4,234,0,0,ThetaMat,Accessories,15,33.87,0.05,32.18,34.7,-7.27,72.98,0.869,72,2316.71,1236.71,53.38
600,5,235,1,0,AlphaWatch,Wearables,40,77.09,0.038,74.16,81.59,-9.11,100.55,1.427,25,1854.01,854.01,46.06
600,5,235,1,0,BetaBuds,Audio,25,66.11,0.02,64.79,55.46,16.82,18.13,0.77,5,323.94,198.94,61.41
600,5,235,1,0,GammaBand,Wearables,18,39.15,0.019,38.41,43.77,-12.25,18.59,0.802,17,652.9,346.9,53.13
600,5,235,1,0,DeltaDock,Accessories,30,75.79,0.185,61.77,87.74,-29.6,20.86,0.842,5,308.84,158.84,51.43
600,5,235,1,0,EpsilonCam,Imaging,55,107.89,0.016,106.16,115.21,-7.85,14.92,0.597,5,530.82,255.82,48.19
600,5,235,1,0,ZetaHub,Accessories,22,58.79,0.04,56.44,58.29,-3.18,70.74,0.787,20,1128.77,688.77,61.02
600,5,235,1,0,EtaDesk,Furniture,80,226.02,0.11,201.16,218.64,-8.0,63.04,1.054,6,1206.95,726.95,60.23
600,5,235,1,0,ThetaMat,Accessories,15,41.44,0.148,35.31,45.3,-22.06,51.15,0.851,48,1694.73,974.73,57.52
601,6,236,1,0,AlphaWatch,Wearables,40,91.84,0.074,85.04,101.18,-15.95,27.84,0.855,4,340.18,180.18,52.97
601,6,236,1,0,BetaBuds,Audio,25,67.35,0.013,66.47,66.25,0.34,7.4,0.5,2,132.95,82.95,62.39
601,6,236,1,0,GammaBand,Wearables,18,39.63,0.123,34.76,35.99,-3.43,0.1,0.5,6,208.53,100.53,48.21
601,6,236,1,0,DeltaDock,Accessories,30,75.49,0.013,74.51,84.06,-11.36,66.41,0.898,4,298.03,178.03,59.74
601,6,236,1,0,EpsilonCam,Imaging,55,130.1,0.106,116.31,110.85,4.93,3.49,0.524,1,116.31,61.31,52.71
601,6,236,1,0,ZetaHub,Accessories,22,47.12,0.043,45.09,41.41,8.9,18.65,0.673,18,811.69,415.69,51.21
601,6,236,1,0,EtaDesk,Furniture,80,168.31,0.026,163.93,163.72,0.13,114.05,1.478,16,2622.94,1342.94,51.2
601,6,236,1,0,ThetaMat,Accessories,15,30.93,0.103,27.74,33.05,-16.05,14.01,0.512,40,1109.77,509.77,45.93
602,0,237,0,0,AlphaWatch,Wearables,40,94.43,0.023,92.26,93.46,-1.29,14.12,0.78,4,369.03,209.03,56.64
602,0,237,0,0,BetaBuds,Audio,25,54.89,0.028,53.35,48.49,10.03,6.45,0.5,3,160.06,85.06,53.14
602,0,237,0,0,GammaBand,Wearables,18,48.22,0.015,47.5,43.8,8.44,83.58,1.256,37,1757.38,1091.38,62.1
602,0,237,0,0,DeltaDock,Accessories,30,78.6,0.079,72.39,76.55,-5.43,2.42,0.624,1,72.39,42.39,58.56
602,0,237,0,0,EpsilonCam,Imaging,55,126.83,0.023,123.91,121.0,2.41,10.06,0.5,2,247.83,137.83,55.61
602,0,237,0,0,ZetaHub,Accessories,22,42.16,0.119,37.14,51.39,-27.72,99.62,1.353,71,2637.15,1075.15,40.77
602,0,237,0,0,EtaDesk,Furniture,80,194.12,0.017,190.82,236.56,-19.34,67.94,1.09,8,1526.56,886.56,58.08
602,0,237,0,0,ThetaMat,Accessories,15,29.36,0.031,28.45,23.68,20.14,54.83,0.808,36,1024.19,484.19,47.28
603,1,238,0,0,AlphaWatch,Wearables,40,101.04,0.044,96.59,107.85,-10.44,30.69,0.763,5,482.97,282.97,58.59
603,1,238,0,0,BetaBuds,Audio,25,48.14,0.064,45.06,47.68,-5.5,1.85,0.694,5,225.3,100.3,44.52
603,1,238,0,0,GammaBand,Wearables,18,34.91,0.056,32.96,34.86,-5.46,15.4,0.502,20,659.1,299.1,45.38
603,1,238,0,0,DeltaDock,Accessories,30,83.65,0.059,78.71,72.01,9.31,22.39,0.833,2,157.43,97.43,61.89
603,1,238,0,0,EpsilonCam,Imaging,55,145.59,0.175,120.11,154.84,-22.43,36.81,1.057,7,840.78,455.78,54.21
603,1,238,0,0,ZetaHub,Accessories,22,49.44,0.033,47.81,53.69,-10.95,69.99,1.164,34,1625.49,877.49,53.98
603,1,238,0,0,EtaDesk,Furniture,80,168.97,0.002,168.63,146.26,15.3,38.25,1.232,4,674.53,354.53,52.56
603,1,238,0,0,ThetaMat,Accessories,15,35.23,0.077,32.52,39.7,-18.09,26.53,0.682,27,877.97,472.97,53.87
604,2,239,0,0,AlphaWatch,Wearables,40,107.28,0.183,87.65,130.21,-32.69,5.56,0.5,3,262.94,142.94,54.36
604,2,239,0,0,BetaBuds,Audio,25,59.75,0.165,49.89,65.37,-23.68,39.41,0.731,19,947.93,472.93,49.89
604,2,239,0,0,GammaBand,Wearables,18,40.6,0.054,38.41,34.11,12.6,46.32,0.86,41,1574.71,836.71,53.13
604,2,239,0,0,DeltaDock,Accessories,30,61.26,0.018,60.16,65.85,-8.64,4.0,0.5,1,60.16,30.16,50.13
604,2,239,0,0,EpsilonCam,Imaging,55,128.58,0.04,123.44,130.36,-5.31,9.66,0.5,2,246.87,136.87,55.44
604,2,239,0,0,ZetaHub,Accessories,22,39.57,0.162,33.16,43.63,-24.0,104.89,1.383,116,3846.52,1294.52,33.65
604,2,239,0,0,EtaDesk,Furniture,80,216.11,0.165,180.45,196.68,-8.25,34.56,0.675,3,541.36,301.36,55.67
604,2,239,0,0,ThetaMat,Accessories,15,31.21,0.064,29.21,29.88,-2.23,69.73,0.594,59,1723.54,838.54,48.65
605,3,240,0,0,AlphaWatch,Wearables,40,96.91,0.158,81.6,86.88,-6.08,22.07,0.673,6,489.59,249.59,50.98
605,3,240,0,0,BetaBuds,Audio,25,45.46,0.083,41.69,50.49,-17.44,12.99,0.697,11,458.56,183.56,40.03
605,3,240,0,0,GammaBand,Wearables,18,42.32,0.026,41.22,52.61,-21.65,7.2,0.5,13,535.86,301.86,56.33
605,3,240,0,0,DeltaDock,Accessories,30,80.62,0.103,72.32,82.18,-12.0,23.08,0.751,2,144.63,84.63,58.52
605,3,240,0,0,EpsilonCam,Imaging,55,103.22,0.014,101.77,99.35,2.44,9.92,0.625,3,305.32,140.32,45.96
605,3,240,0,0,ZetaHub,Accessories,22,56.47,0.092,51.27,47.74,7.4,103.75,1.107,20,1025.5,585.5,57.09
605,3,240,0,0,EtaDesk,Furniture,80,185.67,0.028,180.47,157.31,14.72,32.57,0.703,3,541.41,301.41,55.67
605,3,240,0,0,ThetaMat,Accessories,15,30.77,0.086,28.12,24.69,13.91,4.45,0.5,19,534.35,249.35,46.66
606,4,241,0,0,AlphaWatch,Wearables,40,71.64,0.072,66.48,82.83,-19.74,22.63,0.674,6,398.89,158.89,39.83
606,4,241,0,0,BetaBuds,Audio,25,65.08,0.014,64.17,63.23,1.48,37.22,0.833,4,256.68,156.68,61.04
606,4,241,0,0,GammaBand,Wearables,18,50.35,0.052,47.73,57.21,-16.57,8.61,0.721,7,334.12,208.12,62.29
606,4,241,0,0,DeltaDock,Accessories,30,57.35,0.161,48.12,61.17,-21.34,23.53,0.76,5,240.58,90.58,37.65
606,4,241,0,0,EpsilonCam,Imaging,55,97.61,0.044,93.32,89.95,3.74,3.0,0.509,1,93.32,38.32,41.06
606,4,241,0,0,ZetaHub,Accessories,22,38.52,0.182,31.51,38.73,-18.64,4.1,0.5,9,283.58,85.58,30.18
606,4,241,0,0,EtaDesk,Furniture,80,203.84,0.035,196.71,185.88,5.82,16.4,0.782,2,393.41,233.41,59.33
606,4,241,0,0,ThetaMat,Accessories,15,36.12,0.069,33.63,36.77,-8.55,28.52,0.748,19,638.93,353.93,55.39
607,5,242,1,0,AlphaWatch,Wearables,40,105.26,0.019,103.26,93.99,9.86,39.85,0.622,3,309.78,189.78,61.26
607,5,242,1,0,BetaBuds,Audio,25,42.26,0.104,37.86,38.37,-1.32,68.47,0.814,22,833.03,283.03,33.98
607,5,242,1,0,GammaBand,Wearables,18,38.73,0.061,36.37,40.12,-9.35,8.83,0.717,15,545.51,275.51,50.51
607,5,242,1,0,DeltaDock,Accessories,30,68.59,0.016,67.49,79.07,-14.64,35.28,0.731,4,269.97,149.97,55.55
607,5,242,1,0,EpsilonCam,Imaging,55,121.46,0.237,92.67,118.77,-21.97,5.23,0.526,2,185.35,75.35,40.65
607,5,242,1,0,ZetaHub,Accessories,22,40.62,0.112,36.07,39.85,-9.48,0.72,0.522,9,324.64,126.64,39.01
607,5,242,1,0,EtaDesk,Furniture,80,190.94,0.082,175.28,180.8,-3.05,92.16,1.246,7,1226.98,666.98,54.36
607,5,242,1,0,ThetaMat,Accessories,15,40.89,0.133,35.45,39.71,-10.72,31.14,0.665,16,567.23,327.23,57.69
608,6,243,1,0,AlphaWatch,Wearables,40,93.59,0.033,90.5,98.83,-8.43,7.86,0.559,4,362.01,202.01,55.8
608,6,243,1,0,BetaBuds,Audio,25,65.14,0.046,62.14,54.78,13.44,14.9,0.5,4,248.57,148.57,59.77
608,6,243,1,0,GammaBand,Wearables,18,33.28,0.159,27.99,38.22,-26.77,124.64,1.5,128,3582.53,1278.53,35.69
608,6,243,1,0,DeltaDock,Accessories,30,74.25,0.056,70.09,74.92,-6.44,23.01,0.659,3,210.28,120.28,57.2
608,6,243,1,0,EpsilonCam,Imaging,55,123.28,0.012,121.8,121.87,-0.06,28.17,0.5,2,243.6,133.6,54.84
608,6,243,1,0,ZetaHub,Accessories,22,57.16,0.218,44.7,53.14,-15.88,11.02,0.615,17,759.89,385.89,50.78
608,6,243,1,0,EtaDesk,Furniture,80,168.77,0.033,163.2,189.04,-13.67,46.5,0.883,5,816.0,416.0,50.98
608,6,243,1,0,ThetaMat,Accessories,15,27.91,0.096,25.23,25.93,-2.7,12.19,0.697,53,1337.22,542.22,40.55
609,0,244,0,0,AlphaWatch,Wearables,40,112.46,0.147,95.93,130.36,-26.41,36.42,0.669,6,575.57,335.57,58.3
609,0,244,0,0,BetaBuds,Audio,25,64.92,0.018,63.75,74.8,-14.77,2.94,0.5,2,127.5,77.5,60.79
609,0,244,0,0,GammaBand,Wearables,18,38.08,0.086,34.81,38.11,-8.67,93.8,1.284,66,2297.14,1109.14,48.28
609,0,244,0,0,DeltaDock,Accessories,30,82.75,0.087,75.55,75.91,-0.47,133.24,1.5,9,679.96,409.96,60.29
609,0,244,0,0,EpsilonCam,Imaging,55,134.9,0.104,120.87,139.62,-13.43,58.94,1.075,8,966.96,526.96,54.5
609,0,244,0,0,ZetaHub,Accessories,22,40.92,0.081,37.61,36.65,2.61,0.29,0.5,3,112.82,46.82,41.5
609,0,244,0,0,EtaDesk,Furniture,80,205.81,0.046,196.34,230.9,-14.97,4.39,0.5,1,196.34,116.34,59.25
609,0,244,0,0,ThetaMat,Accessories,15,31.18,0.034,30.12,41.05,-26.63,61.09,0.905,71,2138.51,1073.51,50.2
610,1,245,0,0,AlphaWatch,Wearables,40,89.32,0.12,78.6,92.33,-14.87,6.09,0.819,6,471.61,231.61,49.11
610,1,245,0,0,BetaBuds,Audio,25,68.31,0.034,65.99,83.8,-21.26,201.24,1.5,20,1319.75,819.75,62.11
610,1,245,0,0,GammaBand,Wearables,18,38.26,0.261,28.27,37.44,-24.48,31.4,0.858,95,2686.04,976.04,36.34
610,1,245,0,0,DeltaDock,Accessories,30,58.59,0.005,58.3,59.71,-2.37,38.27,0.84,4,233.19,113.19,48.54
610,1,245,0,0,EpsilonCam,Imaging,55,148.66,0.047,141.67,126.75,11.77,5.39,0.566,1,141.67,86.67,61.18
610,1,245,0,0,ZetaHub,Accessories,22,47.01,0.027,45.74,42.25,8.26,38.25,0.981,24,1097.78,569.78,51.9
610,1,245,0,0,EtaDesk,Furniture,80,194.64,0.185,158.63,205.46,-22.79,97.05,1.449,8,1269.05,629.05,49.57
610,1,245,0,0,ThetaMat,Accessories,15,29.19,0.095,26.42,29.58,-10.69,49.88,0.9,45,1188.76,513.76,43.22
611,2,246,0,0,AlphaWatch,Wearables,40,76.19,0.056,71.92,70.12,2.57,33.01,0.717,6,431.54,191.54,44.39
611,2,246,0,0,BetaBuds,Audio,25,53.02,0.204,42.2,48.15,-12.35,24.43,0.57,14,590.85,240.85,40.76
611,2,246,0,0,GammaBand,Wearables,18,44.13,0.028,42.89,54.17,-20.82,88.04,1.077,75,3217.08,1867.08,58.04
611,2,246,0,0,DeltaDock,Accessories,30,57.1,0.06,53.67,49.51,8.41,1.66,0.906,3,161.02,71.02,44.11
611,2,246,0,0,EpsilonCam,Imaging,55,101.25,0.024,98.82,106.08,-6.84,31.24,0.976,3,296.46,131.46,44.34
611,2,246,0,0,ZetaHub,Accessories,22,50.53,0.03,49.01,58.0,-15.49,10.04,0.525,7,343.1,189.1,55.11
611,2,246,0,0,EtaDesk,Furniture,80,172.55,0.072,160.13,185.34,-13.6,0.61,0.537,2,320.25,160.25,50.04
611,2,246,0,0,ThetaMat,Accessories,15,40.75,0.041,39.08,46.22,-15.45,41.56,0.787,14,547.11,337.11,61.62
612,3,247,0,0,AlphaWatch,Wearables,40,110.02,0.016,108.26,126.41,-14.36,17.42,0.563,3,324.78,204.78,63.05
612,3,247,0,0,BetaBuds,Audio,25,46.0,0.093,41.72,52.7,-20.83,32.38,0.723,25,1043.05,418.05,40.08
612,3,247,0,0,GammaBand,Wearables,18,36.56,0.041,35.06,31.06,12.88,6.02,0.5,6,210.37,102.37,48.66
612,3,247,0,0,DeltaDock,Accessories,30,52.47,0.041,50.32,55.91,-10.0,47.47,0.909,5,251.59,101.59,40.38
612,3,247,0,0,EpsilonCam,Imaging,55,113.1,0.076,104.5,125.1,-16.46,79.76,1.179,6,627.03,297.03,47.37
612,3,247,0,0,ZetaHub,Accessories,22,57.27,0.095,51.83,50.46,2.71,25.45,0.5,5,259.15,149.15,57.55
612,3,247,0,0,EtaDesk,Furniture,80,168.96,0.083,154.94,192.73,-19.61,31.45,0.85,3,464.81,224.81,48.37
612,3,247,0,0,ThetaMat,Accessories,15,27.41,0.033,26.51,25.59,3.58,52.44,0.912,71,1881.89,816.89,43.41
613,4,248,0,0,AlphaWatch,Wearables,40,86.52,0.092,78.56,94.31,-16.7,2.33,0.629,3,235.68,115.68,49.08
613,4,248,0,0,BetaBuds,Audio,25,70.14,0.027,68.25,65.35,4.43,75.4,1.282,10,682.46,432.46,63.37
613,4,248,0,0,GammaBand,Wearables,18,44.34,0.086,40.53,47.11,-13.97,30.09,0.646,13,526.85,292.85,55.58
613,4,248,0,0,DeltaDock,Accessories,30,62.75,0.034,60.62,59.62,1.67,3.12,0.5,1,60.62,30.62,50.51
613,4,248,0,0,EpsilonCam,Imaging,55,134.03,0.14,115.27,125.92,-8.46,28.59,0.733,5,576.33,301.33,52.28
613,4,248,0,0,ZetaHub,Accessories,22,48.34,0.056,45.63,39.61,15.21,60.52,0.971,26,1186.46,614.46,51.79
613,4,248,0,0,EtaDesk,Furniture,80,175.53,0.061,164.82,168.93,-2.43,14.61,0.771,4,659.29,339.29,51.46
613,4,248,0,0,ThetaMat,Accessories,15,37.45,0.067,34.94,39.64,-11.85,1.92,0.5,11,384.35,219.35,57.07
614,5,249,1,0,AlphaWatch,Wearables,40,103.64,0.021,101.46,110.34,-8.04,12.52,0.606,4,405.85,245.85,60.58
614,5,249,1,0,BetaBuds,Audio,25,62.34,0.148,53.11,63.3,-16.09,36.0,0.524,9,478.02,253.02,52.93
614,5,249,1,0,GammaBand,Wearables,18,41.55,0.158,34.99,41.62,-15.94,10.42,0.5,16,559.76,271.76,48.55
614,5,249,1,0,DeltaDock,Accessories,30,65.41,0.046,62.4,59.36,5.12,8.66,0.5,1,62.4,32.4,51.92
614,5,249,1,0,EpsilonCam,Imaging,55,110.91,0.153,93.94,129.35,-27.37,29.14,0.962,8,751.53,311.53,41.45
614,5,249,1,0,ZetaHub,Accessories,22,40.3,0.163,33.73,41.03,-17.79,12.5,0.804,22,742.08,258.08,34.78
614,5,249,1,0,EtaDesk,Furniture,80,195.68,0.052,185.5,164.67,12.65,0.68,0.599,1,185.5,105.5,56.87
614,5,249,1,0,ThetaMat,Accessories,15,37.18,0.161,31.19,38.96,-19.93,3.76,0.831,18,561.49,291.49,51.91
615,6,250,1,0,AlphaWatch,Wearables,40,75.29,0.101,67.69,82.82,-18.27,18.17,0.5,6,406.11,166.11,40.9
615,6,250,1,0,BetaBuds,Audio,25,46.98,0.121,41.3,51.87,-20.39,45.46,0.763,21,867.2,342.2,39.46
615,6,250,1,0,GammaBand,Wearables,18,41.55,0.024,40.55,46.14,-12.11,1.5,0.5,6,243.32,135.32,55.61
615,6,250,1,0,DeltaDock,Accessories,30,74.93,0.09,68.19,79.23,-13.94,36.64,0.823,2,136.37,76.37,56.0
615,6,250,1,0,EpsilonCam,Imaging,55,134.54,0.041,129.02,142.72,-9.6,13.44,0.639,2,258.05,148.05,57.37
615,6,250,1,0,ZetaHub,Accessories,22,44.38,0.166,37.01,39.53,-6.37,5.52,0.64,17,629.22,255.22,40.56
615,6,250,1,0,EtaDesk,Furniture,80,165.59,0.15,140.75,176.96,-20.46,2.83,0.623,2,281.5,121.5,43.16
615,6,250,1,0,ThetaMat,Accessories,15,41.44,0.143,35.51,35.65,-0.38,249.18,1.5,60,2130.84,1230.84,57.76
616,0,251,0,0,AlphaWatch,Wearables,40,104.01,0.083,95.38,122.41,-22.08,0.1,0.699,1,95.38,55.38,58.06
616,0,251,0,0,BetaBuds,Audio,25,57.47,0.006,57.13,58.83,-2.9,34.48,0.611,8,457.0,257.0,56.24
616,0,251,0,0,GammaBand,Wearables,18,37.43,0.003,37.32,42.2,-11.57,26.63,0.972,33,1231.48,637.48,51.77
616,0,251,0,0,DeltaDock,Accessories,30,78.86,0.05,74.92,77.87,-3.79,10.83,0.646,1,74.92,44.92,59.96
616,0,251,0,0,EpsilonCam,Imaging,55,104.9,0.034,101.33,127.11,-20.28,28.09,0.882,9,912.0,417.0,45.72
616,0,251,0,0,ZetaHub,Accessories,22,41.47,0.037,39.94,51.4,-22.3,2.36,0.592,7,279.55,125.55,44.91
616,0,251,0,0,EtaDesk,Furniture,80,155.12,0.07,144.26,153.61,-6.09,1.56,0.547,1,144.26,64.26,44.55
616,0,251,0,0,ThetaMat,Accessories,15,29.47,0.061,27.67,35.75,-22.59,7.68,0.5,36,996.2,456.2,45.79
617,1,252,0,0,AlphaWatch,Wearables,40,100.51,0.078,92.67,118.49,-21.79,5.08,0.558,2,185.34,105.34,56.84
617,1,252,0,0,BetaBuds,Audio,25,49.26,0.077,45.47,65.81,-30.91,29.01,0.82,15,682.0,307.0,45.02
617,1,252,0,0,GammaBand,Wearables,18,49.32,0.056,46.56,55.04,-15.41,56.87,0.965,31,1443.3,885.3,61.34
617,1,252,0,0,DeltaDock,Accessories,30,67.31,0.046,64.21,68.33,-6.02,4.42,0.587,2,128.43,68.43,53.28
617,1,252,0,0,EpsilonCam,Imaging,55,112.16,0.184,91.52,120.9,-24.3,128.78,1.461,25,2288.06,913.06,39.91
617,1,252,0,0,ZetaHub,Accessories,22,51.82,0.094,46.95,52.36,-10.33,8.04,0.627,10,469.49,249.49,53.14
617,1,252,0,0,EtaDesk,Furniture,80,204.04,0.109,181.8,223.63,-18.71,51.3,0.972,7,1272.6,712.6,56.0
617,1,252,0,0,ThetaMat,Accessories,15,31.38,0.03,30.44,27.28,11.58,83.81,1.117,62,1887.19,957.19,50.72
618,2,253,0,0,AlphaWatch,Wearables,40,102.63,0.036,98.94,113.72,-13.0,8.48,0.654,3,296.81,176.81,59.57
618,2,253,0,0,BetaBuds,Audio,25,52.85,0.032,51.16,45.01,13.66,29.88,0.588,6,306.95,156.95,51.13
618,2,253,0,0,GammaBand,Wearables,18,34.96,0.029,33.95,35.39,-4.08,32.41,0.941,25,848.65,398.65,46.97
618,2,253,0,0,DeltaDock,Accessories,30,66.69,0.055,63.02,66.81,-5.67,35.91,0.924,5,315.11,165.11,52.4
618,2,253,0,0,EpsilonCam,Imaging,55,109.05,0.143,93.46,125.36,-25.45,3.33,0.563,3,280.37,115.37,41.15
618,2,253,0,0,ZetaHub,Accessories,22,49.14,0.133,42.6,48.56,-12.26,20.41,0.639,22,937.3,453.3,48.36
618,2,253,0,0,EtaDesk,Furniture,80,160.09,0.127,139.76,138.35,1.02,49.62,1.016,8,1118.07,478.07,42.76
618,2,253,0,0,ThetaMat,Accessories,15,30.23,0.016,29.75,37.61,-20.91,37.84,0.915,59,1755.03,870.03,49.57
619,3,254,0,0,AlphaWatch,Wearables,40,76.17,0.101,68.48,86.87,-21.17,64.09,1.044,15,1027.15,427.15,41.59
619,3,254,0,0,BetaBuds,Audio,25,46.83,0.093,42.47,41.94,1.28,3.1,0.571,7,297.32,122.32,41.14
619,3,254,0,0,GammaBand,Wearables,18,44.87,0.068,41.82,49.4,-15.35,9.03,0.982,22,920.01,524.01,56.96
619,3,254,0,0,DeltaDock,Accessories,30,65.51,0.107,58.5,70.93,-17.52,1.24,0.5,1,58.5,28.5,48.72
619,3,254,0,0,EpsilonCam,Imaging,55,119.22,0.062,111.83,134.18,-16.66,94.26,1.5,8,894.63,454.63,50.82
619,3,254,0,0,ZetaHub,Accessories,22,55.9,0.064,52.32,52.2,0.23,11.85,0.583,13,680.19,394.19,57.95
619,3,254,0,0,EtaDesk,Furniture,80,211.49,0.15,179.77,186.89,-3.81,14.31,0.654,2,359.53,199.53,55.5
619,3,254,0,0,ThetaMat,Accessories,15,34.67,0.059,32.62,38.04,-14.24,27.56,0.564,27,880.86,475.86,54.02
620,4,255,0,0,AlphaWatch,Wearables,40,106.76,0.083,97.9,103.96,-5.83,46.07,0.635,6,587.39,347.39,59.14
620,4,255,0,0,BetaBuds,Audio,25,59.12,0.047,56.34,58.68,-3.99,85.51,1.222,22,1239.51,689.51,55.63
620,4,255,0,0,GammaBand,Wearables,18,44.37,0.14,38.16,43.72,-12.72,14.86,0.517,16,610.53,322.53,52.83
620,4,255,0,0,DeltaDock,Accessories,30,68.08,0.154,57.6,60.5,-4.8,24.77,0.5,3,172.79,82.79,47.91
620,4,255,0,0,EpsilonCam,Imaging,55,98.97,0.066,92.44,103.53,-10.71,106.15,1.5,12,1109.26,449.26,40.5
620,4,255,0,0,ZetaHub,Accessories,22,59.31,0.091,53.91,65.25,-17.38,27.57,1.177,27,1455.65,861.65,59.19
620,4,255,0,0,EtaDesk,Furniture,80,162.91,0.041,156.23,188.83,-17.26,32.26,0.887,3,468.69,228.69,48.79
620,4,255,0,0,ThetaMat,Accessories,15,33.39,0.014,32.92,35.29,-6.71,1.5,0.612,9,296.3,161.3,54.44
621,5,256,1,0,AlphaWatch,Wearables,40,89.74,0.029,87.14,75.34,15.66,16.2,0.513,3,261.41,141.41,54.1
621,5,256,1,0,BetaBuds,Audio,25,53.87,0.027,52.42,52.79,-0.71,16.71,0.798,7,366.91,191.91,52.3
621,5,256,1,0,GammaBand,Wearables,18,35.84,0.023,35.02,39.97,-12.4,90.51,1.133,120,4201.88,2041.88,48.59
621,5,256,1,0,DeltaDock,Accessories,30,80.29,0.051,76.2,82.39,-7.52,51.14,0.889,3,228.59,138.59,60.63
621,5,256,1,0,EpsilonCam,Imaging,55,151.02,0.093,136.98,169.33,-19.11,20.06,0.747,4,547.9,327.9,59.85
621,5,256,1,0,ZetaHub,Accessories,22,41.57,0.033,40.2,40.21,-0.03,120.66,1.434,53,2130.5,964.5,45.27
621,5,256,1,0,EtaDesk,Furniture,80,226.94,0.084,207.88,243.87,-14.76,38.99,0.773,2,415.75,255.75,61.52
621,5,256,1,0,ThetaMat,Accessories,15,31.66,0.069,29.48,31.22,-5.59,21.73,1.029,33,972.69,477.69,49.11
622,6,257,1,0,AlphaWatch,Wearables,40,90.19,0.041,86.49,104.01,-16.84,15.82,0.538,3,259.48,139.48,53.75
622,6,257,1,0,BetaBuds,Audio,25,48.18,0.046,45.96,53.49,-14.07,119.34,1.282,39,1792.59,817.59,45.61
622,6,257,1,0,GammaBand,Wearables,18,38.53,0.153,32.63,39.17,-16.68,34.24,1.031,52,1697.02,761.02,44.84
622,6,257,1,0,DeltaDock,Accessories,30,62.6,0.038,60.22,58.17,3.53,8.43,0.853,2,120.44,60.44,50.18
622,6,257,1,0,EpsilonCam,Imaging,55,137.06,0.116,121.16,129.28,-6.28,54.96,1.07,9,1090.45,595.45,54.61
622,6,257,1,0,ZetaHub,Accessories,22,54.93,0.164,45.92,55.98,-17.97,61.1,1.029,39,1790.94,932.94,52.09
622,6,257,1,0,EtaDesk,Furniture,80,183.6,0.054,173.69,203.79,-14.77,151.37,1.5,11,1910.54,1030.54,53.94
622,6,257,1,0,ThetaMat,Accessories,15,36.4,0.038,35.02,28.98,20.83,24.99,0.615,17,595.29,340.29,57.16
623,0,258,0,0,AlphaWatch,Wearables,40,94.3,0.083,86.47,111.6,-22.52,6.34,0.751,6,518.84,278.84,53.74
623,0,258,0,0,BetaBuds,Audio,25,64.4,0.003,64.21,63.14,1.69,53.48,1.069,12,770.48,470.48,61.06
623,0,258,0,0,GammaBand,Wearables,18,31.82,0.094,28.83,34.43,-16.27,11.19,0.5,60,1729.74,649.74,37.56
623,0,258,0,0,DeltaDock,Accessories,30,57.0,0.089,51.93,64.19,-19.1,67.05,1.045,6,311.56,131.56,42.23
623,0,258,0,0,EpsilonCam,Imaging,55,140.56,0.006,139.72,155.19,-9.97,8.91,0.5,1,139.72,84.72,60.63
623,0,258,0,0,ZetaHub,Accessories,22,40.19,0.137,34.68,35.24,-1.58,16.58,0.781,26,901.78,329.78,36.57
623,0,258,0,0,EtaDesk,Furniture,80,164.49,0.017,161.69,139.81,15.65,0.6,0.5,1,161.69,81.69,50.52
623,0,258,0,0,ThetaMat,Accessories,15,30.77,0.028,29.91,21.95,36.26,53.68,0.869,26,777.62,387.62,49.85
624,1,259,0,0,AlphaWatch,Wearables,40,98.83,0.18,81.04,100.59,-19.43,11.95,0.636,3,243.12,123.12,50.64
624,1,259,0,0,BetaBuds,Audio,25,50.86,0.125,44.5,47.32,-5.95,18.05,0.645,11,489.53,214.53,43.82
624,1,259,0,0,GammaBand,Wearables,18,33.17,0.084,30.38,24.57,23.66,76.59,1.096,70,2126.86,866.86,40.76
624,1,259,0,0,DeltaDock,Accessories,30,80.4,0.003,80.16,80.25,-0.11,16.12,0.5,1,80.16,50.16,62.57
624,1,259,0,0,EpsilonCam,Imaging,55,99.42,0.038,95.64,118.15,-19.05,12.69,0.553,5,478.21,203.21,42.49
624,1,259,0,0,ZetaHub,Accessories,22,56.35,0.077,52.01,45.85,13.44,21.54,0.914,9,468.1,270.1,57.7
624,1,259,0,0,EtaDesk,Furniture,80,222.96,0.125,195.09,234.92,-16.95,0.46,0.609,0,0.0,0.0,58.99
624,1,259,0,0,ThetaMat,Accessories,15,27.89,0.06,26.22,24.85,5.5,25.99,0.841,54,1415.7,605.7,42.78
625,2,260,0,0,AlphaWatch,Wearables,40,79.23,0.015,78.04,87.7,-11.01,17.79,0.627,4,312.17,152.17,48.75
625,2,260,0,0,BetaBuds,Audio,25,44.99,0.055,42.52,51.19,-16.95,23.0,0.717,15,637.73,262.73,41.2
625,2,260,0,0,GammaBand,Wearables,18,35.77,0.023,34.95,27.71,26.12,17.26,0.722,16,559.16,271.16,48.49
625,2,260,0,0,DeltaDock,Accessories,30,79.89,0.19,64.71,82.6,-21.66,0.28,0.5,1,64.71,34.71,53.64
625,2,260,0,0,EpsilonCam,Imaging,55,100.45,0.1,90.4,88.51,2.14,3.93,0.635,2,180.81,70.81,39.16
625,2,260,0,0,ZetaHub,Accessories,22,59.9,0.141,51.45,57.31,-10.22,45.6,0.633,19,977.63,559.63,57.24
625,2,260,0,0,EtaDesk,Furniture,80,163.65,0.031,158.58,157.5,0.68,55.94,0.633,4,634.31,314.31,49.55
625,2,260,0,0,ThetaMat,Accessories,15,38.73,0.087,35.36,36.6,-3.39,34.38,0.656,29,1025.45,590.45,57.58
626,3,261,0,0,AlphaWatch,Wearables,40,78.17,0.067,72.93,84.83,-14.02,9.42,0.692,4,291.73,131.73,45.15
626,3,261,0,0,BetaBuds,Audio,25,40.47,0.003,40.35,43.82,-7.92,22.4,0.5,10,403.49,153.49,38.04
626,3,261,0,0,GammaBand,Wearables,18,41.71,0.041,40.0,35.02,14.22,8.33,0.5,11,440.0,242.0,55.0
626,3,261,0,0,DeltaDock,Accessories,30,74.84,0.045,71.47,85.08,-15.99,3.71,0.5,1,71.47,41.47,58.03
626,3,261,0,0,EpsilonCam,Imaging,55,86.18,0.088,78.6,85.71,-8.3,129.21,1.5,18,1414.73,424.73,30.02
626,3,261,0,0,ZetaHub,Accessories,22,56.8,0.027,55.27,65.93,-16.17,15.79,0.527,13,718.46,432.46,60.19
626,3,261,0,0,EtaDesk,Furniture,80,217.42,0.126,190.03,249.03,-23.69,17.92,0.564,3,570.08,330.08,57.9
626,3,261,0,0,ThetaMat,Accessories,15,41.61,0.055,39.32,35.14,11.9,7.66,0.635,6,235.93,145.93,61.85
627,4,262,0,0,AlphaWatch,Wearables,40,73.12,0.157,61.64,69.71,-11.58,53.99,0.898,12,739.68,259.68,35.11
627,4,262,0,0,BetaBuds,Audio,25,68.3,0.087,62.36,63.25,-1.41,11.63,0.674,7,436.51,261.51,59.91
627,4,262,0,0,GammaBand,Wearables,18,49.43,0.088,45.08,47.25,-4.59,12.13,0.61,11,495.88,297.88,60.07
627,4,262,0,0,DeltaDock,Accessories,30,71.96,0.061,67.57,84.97,-20.48,19.57,0.689,3,202.71,112.71,55.6
627,4,262,0,0,EpsilonCam,Imaging,55,125.66,0.051,119.25,130.06,-8.31,19.42,0.649,3,357.75,192.75,53.88
627,4,262,0,0,ZetaHub,Accessories,22,54.63,0.098,49.28,60.29,-18.27,41.1,0.994,31,1527.56,845.56,55.35
627,4,262,0,0,EtaDesk,Furniture,80,162.4,0.057,153.14,132.74,15.37,50.11,0.623,3,459.43,219.43,47.76
627,4,262,0,0,ThetaMat,Accessories,15,29.74,0.08,27.36,28.89,-5.29,17.27,0.5,27,738.74,333.74,45.18
628,5,263,1,0,AlphaWatch,Wearables,40,73.65,0.08,67.76,69.47,-2.46,14.45,0.51,3,203.27,83.27,40.97
628,5,263,1,0,BetaBuds,Audio,25,49.9,0.023,48.75,48.14,1.27,30.56,0.662,12,585.03,285.03,48.72
628,5,263,1,0,GammaBand,Wearables,18,38.77,0.079,35.71,34.78,2.67,3.44,0.5,9,321.36,159.36,49.59
628,5,263,1,0,DeltaDock,Accessories,30,62.22,0.068,57.99,52.55,10.35,82.05,1.114,5,289.95,139.95,48.27
628,5,263,1,0,EpsilonCam,Imaging,55,152.55,0.125,133.48,168.68,-20.87,0.61,0.5,1,133.48,78.48,58.8
628,5,263,1,0,ZetaHub,Accessories,22,53.16,0.017,52.26,60.55,-13.7,25.42,0.595,11,574.82,332.82,57.9
628,5,263,1,0,EtaDesk,Furniture,80,158.91,0.029,154.3,162.51,-5.05,28.72,0.852,4,617.21,297.21,48.15
628,5,263,1,0,ThetaMat,Accessories,15,37.23,0.147,31.76,33.13,-4.14,4.87,0.806,21,666.9,351.9,52.77
629,6,264,1,0,AlphaWatch,Wearables,40,102.39,0.137,88.36,111.85,-21.0,11.88,0.589,3,265.09,145.09,54.73
629,6,264,1,0,BetaBuds,Audio,25,68.65,0.114,60.82,63.57,-4.32,68.7,1.131,19,1155.65,680.65,58.9
629,6,264,1,0,GammaBand,Wearables,18,41.3,0.032,39.98,45.83,-12.77,19.68,0.501,25,999.46,549.46,54.98
629,6,264,1,0,DeltaDock,Accessories,30,70.27,0.022,68.72,69.76,-1.49,35.16,0.777,5,343.62,193.62,56.35
629,6,264,1,0,EpsilonCam,Imaging,55,140.55,0.04,134.93,156.14,-13.59,7.33,0.697,1,134.93,79.93,59.24
629,6,264,1,0,ZetaHub,Accessories,22,41.04,0.036,39.56,41.81,-5.38,22.49,0.865,30,1186.88,526.88,44.39
629,6,264,1,0,EtaDesk,Furniture,80,171.71,0.191,138.91,175.03,-20.63,9.66,0.628,4,555.65,235.65,42.41
629,6,264,1,0,ThetaMat,Accessories,15,32.99,0.156,27.84,26.32,5.79,11.47,0.783,52,1447.87,667.87,46.13
630,0,265,0,0,AlphaWatch,Wearables,40,111.91,0.076,103.4,124.51,-16.95,2.1,0.5,2,206.81,126.81,61.32
630,0,265,0,0,BetaBuds,Audio,25,49.36,0.006,49.06,47.22,3.9,8.48,0.53,9,441.57,216.57,49.05
630,0,265,0,0,GammaBand,Wearables,18,40.3,0.093,36.55,50.56,-27.71,1.66,0.5,6,219.31,111.31,50.76
630,0,265,0,0,DeltaDock,Accessories,30,58.29,0.056,55.03,71.17,-22.68,21.74,0.786,2,110.05,50.05,45.48
630,0,265,0,0,EpsilonCam,Imaging,55,136.82,0.067,127.65,143.14,-10.82,21.94,0.544,4,510.61,290.61,56.91
630,0,265,0,0,ZetaHub,Accessories,22,47.22,0.077,43.58,49.58,-12.09,19.66,0.901,24,1046.02,518.02,49.52
630,0,265,0,0,EtaDesk,Furniture,80,215.66,0.011,213.29,248.77,-14.26,5.73,0.674,1,213.29,133.29,62.49
630,0,265,0,0,ThetaMat,Accessories,15,38.12,0.092,34.61,43.36,-20.17,11.46,0.5,12,415.36,235.36,56.66
631,1,266,0,0,AlphaWatch,Wearables,40,101.0,0.017,99.28,104.38,-4.88,40.32,0.764,5,496.42,296.42,59.71
631,1,266,0,0,BetaBuds,Audio,25,49.06,0.056,46.31,57.59,-19.58,10.56,0.528,7,324.19,149.19,46.02
631,1,266,0,0,GammaBand,Wearables,18,36.89,0.107,32.94,35.06,-6.04,31.22,0.753,47,1548.31,702.31,45.36
631,1,266,0,0,DeltaDock,Accessories,30,67.23,0.148,57.28,79.67,-28.1,21.23,0.517,2,114.56,54.56,47.63
631,1,266,0,0,EpsilonCam,Imaging,55,126.27,0.029,122.61,124.57,-1.57,32.85,0.701,4,490.43,270.43,55.14
631,1,266,0,0,ZetaHub,Accessories,22,60.82,0.152,51.58,64.77,-20.37,4.46,0.5,6,309.45,177.45,57.34
631,1,266,0,0,EtaDesk,Furniture,80,170.81,0.041,163.81,163.09,0.44,83.52,1.382,9,1474.26,754.26,51.16
631,1,266,0,0,ThetaMat,Accessories,15,26.89,0.037,25.9,32.01,-19.1,23.3,0.833,57,1476.02,621.02,42.07
632,2,267,0,0,AlphaWatch,Wearables,40,78.56,0.054,74.32,71.53,3.9,11.91,0.653,4,297.27,137.27,46.18
632,2,267,0,0,BetaBuds,Audio,25,59.98,0.109,53.44,56.72,-5.78,17.06,0.734,12,641.31,341.31,53.22
632,2,267,0,0,GammaBand,Wearables,18,50.33,0.137,43.43,53.39,-18.65,16.69,0.604,19,825.26,483.26,58.56
632,2,267,0,0,DeltaDock,Accessories,30,84.97,0.196,68.32,82.17,-16.86,1.92,0.539,1,68.32,38.32,56.09
632,2,267,0,0,EpsilonCam,Imaging,55,105.66,0.132,91.71,120.88,-24.13,36.12,0.797,10,917.13,367.13,40.03
632,2,267,0,0,ZetaHub,Accessories,22,45.75,0.014,45.11,52.58,-14.21,50.7,0.84,25,1127.74,577.74,51.23
632,2,267,0,0,EtaDesk,Furniture,80,210.49,0.002,210.07,205.14,2.4,19.12,0.607,2,420.14,260.14,61.92
632,2,267,0,0,ThetaMat,Accessories,15,29.71,0.053,28.14,30.72,-8.41,9.8,0.822,27,759.65,354.65,46.69
633,3,268,0,0,AlphaWatch,Wearables,40,91.37,0.007,90.73,103.21,-12.09,5.39,0.56,3,272.19,152.19,55.91
633,3,268,0,0,BetaBuds,Audio,25,66.16,0.087,60.4,72.35,-16.51,5.9,0.5,4,241.62,141.62,58.61
633,3,268,0,0,GammaBand,Wearables,18,36.61,0.013,36.13,33.19,8.87,33.67,0.816,23,831.08,417.08,50.19
633,3,268,0,0,DeltaDock,Accessories,30,57.38,0.04,55.08,49.37,11.58,24.83,0.831,2,110.17,50.17,45.54
633,3,268,0,0,EpsilonCam,Imaging,55,149.58,0.058,140.9,141.58,-0.48,165.35,1.5,9,1268.14,773.14,60.97
633,3,268,0,0,ZetaHub,Accessories,22,57.2,0.107,51.08,59.99,-14.85,60.67,1.205,36,1838.87,1046.87,56.93
633,3,268,0,0,EtaDesk,Furniture,80,162.17,0.051,153.9,184.46,-16.57,1.57,0.524,1,153.9,73.9,48.02
633,3,268,0,0,ThetaMat,Accessories,15,27.37,0.239,20.83,30.85,-32.48,50.96,1.195,165,3436.71,961.71,27.98
634,4,269,0,0,AlphaWatch,Wearables,40,99.29,0.156,83.8,104.67,-19.94,3.02,0.5,3,251.4,131.4,52.27
634,4,269,0,0,BetaBuds,Audio,25,68.22,0.042,65.35,74.34,-12.09,4.97,0.731,5,326.77,201.77,61.75
634,4,269,0,0,GammaBand,Wearables,18,38.96,0.098,35.14,45.0,-21.91,50.99,1.165,41,1440.82,702.82,48.78
634,4,269,0,0,DeltaDock,Accessories,30,82.5,0.09,75.08,87.54,-14.24,16.21,0.521,2,150.15,90.15,60.04
634,4,269,0,0,EpsilonCam,Imaging,55,155.69,0.013,153.67,135.21,13.65,15.35,0.549,1,153.67,98.67,64.21
634,4,269,0,0,ZetaHub,Accessories,22,52.77,0.093,47.86,60.52,-20.91,11.96,0.569,11,526.49,284.49,54.03
634,4,269,0,0,EtaDesk,Furniture,80,161.58,0.035,155.92,192.74,-19.1,49.76,0.976,8,1247.4,607.4,48.69
634,4,269,0,0,ThetaMat,Accessories,15,35.9,0.047,34.21,39.11,-12.52,16.91,0.697,25,855.32,480.32,56.16
635,5,270,1,0,AlphaWatch,Wearables,40,99.49,0.019,97.6,105.42,-7.42,32.76,0.841,4,390.4,230.4,59.02
635,5,270,1,0,BetaBuds,Audio,25,51.91,0.009,51.44,58.23,-11.66,22.57,0.873,9,462.99,237.99,51.4
635,5,270,1,0,GammaBand,Wearables,18,46.53,0.198,37.32,49.51,-24.63,111.57,1.152,87,3246.58,1680.58,51.76
635,5,270,1,0,DeltaDock,Accessories,30,71.36,0.1,64.22,68.45,-6.17,43.09,1.021,3,192.67,102.67,53.29
635,5,270,1,0,EpsilonCam,Imaging,55,103.72,0.038,99.78,101.75,-1.94,24.92,0.617,5,498.89,223.89,44.88
635,5,270,1,0,ZetaHub,Accessories,22,51.53,0.027,50.14,49.26,1.78,119.11,1.5,51,2557.07,1435.07,56.12
635,5,270,1,0,EtaDesk,Furniture,80,180.3,0.138,155.42,189.61,-18.03,51.97,0.683,6,932.51,452.51,48.53
635,5,270,1,0,ThetaMat,Accessories,15,26.21,0.106,23.43,31.66,-25.99,34.79,0.814,67,1569.93,564.93,35.98
636,6,271,1,0,AlphaWatch,Wearables,40,103.69,0.104,92.91,124.21,-25.2,3.67,0.5,2,185.81,105.81,56.95
636,6,271,1,0,BetaBuds,Audio,25,48.55,0.014,47.87,42.56,12.48,73.53,1.177,13,622.31,297.31,47.78
636,6,271,1,0,GammaBand,Wearables,18,42.3,0.156,35.7,46.09,-22.54,38.41,0.765,33,1178.14,584.14,49.58
636,6,271,1,0,DeltaDock,Accessories,30,76.3,0.147,65.08,72.27,-9.94,30.4,0.898,3,195.25,105.25,53.91
636,6,271,1,0,EpsilonCam,Imaging,55,90.39,0.055,85.42,107.03,-20.19,96.1,1.5,16,1366.7,486.7,35.61
636,6,271,1,0,ZetaHub,Accessories,22,56.27,0.046,53.68,53.75,-0.13,31.54,0.972,19,1019.95,601.95,59.02
636,6,271,1,0,EtaDesk,Furniture,80,197.18,0.148,168.0,205.27,-18.16,36.46,0.822,6,1007.98,527.98,52.38
636,6,271,1,0,ThetaMat,Accessories,15,37.26,0.256,27.72,42.91,-35.4,6.75,0.566,46,1275.19,585.19,45.89
637,0,272,0,0,AlphaWatch,Wearables,40,99.75,0.057,94.06,113.25,-16.94,52.59,0.981,8,752.51,432.51,57.48
637,0,272,0,0,BetaBuds,Audio,25,64.6,0.018,63.44,72.78,-12.84,80.57,1.325,13,824.68,499.68,60.59
637,0,272,0,0,GammaBand,Wearables,18,32.21,0.132,27.96,37.24,-24.92,17.36,0.643,55,1537.71,547.71,35.62
637,0,272,0,0,DeltaDock,Accessories,30,70.55,0.095,63.85,61.74,3.41,136.28,1.5,4,255.39,135.39,53.01
637,0,272,0,0,EpsilonCam,Imaging,55,135.13,0.125,118.24,119.89,-1.38,65.55,1.199,8,945.91,505.91,53.48
637,0,272,0,0,ZetaHub,Accessories,22,57.09,0.066,53.32,60.52,-11.89,30.36,0.903,18,959.8,563.8,58.74
637,0,272,0,0,EtaDesk,Furniture,80,214.38,0.104,192.08,241.46,-20.45,80.69,1.141,9,1728.76,1008.76,58.35
637,0,272,0,0,ThetaMat,Accessories,15,30.69,0.095,27.77,28.15,-1.33,10.1,0.645,47,1305.4,600.4,45.99
638,1,273,0,0,AlphaWatch,Wearables,40,87.7,0.114,77.7,92.13,-15.66,55.6,0.977,8,621.62,301.62,48.52
638,1,273,0,0,BetaBuds,Audio,25,49.92,0.075,46.18,48.18,-4.16,13.31,0.588,9,415.58,190.58,45.86
638,1,273,0,0,GammaBand,Wearables,18,47.23,0.163,39.53,63.11,-37.36,1.17,0.814,9,355.78,193.78,54.47
638,1,273,0,0,DeltaDock,Accessories,30,78.19,0.07,72.72,68.54,6.09,52.29,0.978,3,218.15,128.15,58.74
638,1,273,0,0,EpsilonCam,Imaging,55,115.14,0.104,103.17,122.94,-16.08,47.32,0.96,4,412.66,192.66,46.69
638,1,273,0,0,ZetaHub,Accessories,22,56.0,0.055,52.92,53.4,-0.9,60.01,0.873,31,1640.52,958.52,58.43
638,1,273,0,0,EtaDesk,Furniture,80,196.56,0.039,188.89,211.45,-10.67,69.64,0.946,10,1888.94,1088.94,57.65
638,1,273,0,0,ThetaMat,Accessories,15,35.25,0.198,28.27,34.45,-17.94,22.7,0.677,27,763.3,358.3,46.94
639,2,274,0,0,AlphaWatch,Wearables,40,107.61,0.178,88.46,120.43,-26.55,28.14,0.695,6,530.73,290.73,54.78
639,2,274,0,0,BetaBuds,Audio,25,49.1,0.105,43.94,51.16,-14.1,102.94,1.474,41,1801.72,776.72,43.11
639,2,274,0,0,GammaBand,Wearables,18,39.76,0.059,37.41,41.37,-9.56,12.3,0.688,21,785.7,407.7,51.89
639,2,274,0,0,DeltaDock,Accessories,30,62.94,0.011,62.25,59.6,4.44,13.08,0.671,2,124.5,64.5,51.81
639,2,274,0,0,EpsilonCam,Imaging,55,113.07,0.023,110.47,95.2,16.04,1.95,0.5,1,110.47,55.47,50.21
639,2,274,0,0,ZetaHub,Accessories,22,42.35,0.036,40.83,52.03,-21.53,11.24,0.538,14,571.56,263.56,46.11
639,2,274,0,0,EtaDesk,Furniture,80,205.04,0.035,197.86,210.62,-6.06,0.11,0.551,1,197.86,117.86,59.57
639,2,274,0,0,ThetaMat,Accessories,15,41.9,0.093,38.0,46.13,-17.62,42.0,0.967,32,1216.11,736.11,60.53
640,3,275,0,0,AlphaWatch,Wearables,40,74.83,0.181,61.29,76.43,-19.81,15.11,0.585,7,429.0,149.0,34.73
640,3,275,0,0,BetaBuds,Audio,25,65.52,0.1,58.97,68.66,-14.12,13.81,0.559,6,353.81,203.81,57.6
640,3,275,0,0,GammaBand,Wearables,18,42.23,0.12,37.16,38.55,-3.6,11.3,0.565,12,445.95,229.95,51.56
640,3,275,0,0,DeltaDock,Accessories,30,63.65,0.157,53.66,66.71,-19.57,53.5,1.029,5,268.28,118.28,44.09
640,3,275,0,0,EpsilonCam,Imaging,55,141.97,0.105,127.06,166.5,-23.69,26.75,0.722,4,508.25,288.25,56.71
640,3,275,0,0,ZetaHub,Accessories,22,42.9,0.119,37.79,47.23,-19.98,120.18,1.443,104,3930.67,1642.67,41.79
640,3,275,0,0,EtaDesk,Furniture,80,164.23,0.093,148.96,181.07,-17.74,37.13,0.708,8,1191.65,551.65,46.29
640,3,275,0,0,ThetaMat,Accessories,15,27.63,0.069,25.72,16.74,53.67,121.0,1.348,126,3241.16,1351.16,41.69
641,4,276,0,0,AlphaWatch,Wearables,40,74.92,0.047,71.4,92.34,-22.68,7.9,0.5,3,214.2,94.2,43.98
641,4,276,0,0,BetaBuds,Audio,25,59.6,0.002,59.48,59.45,0.05,128.88,1.5,19,1130.14,655.14,57.97
641,4,276,0,0,GammaBand,Wearables,18,48.23,0.228,37.23,52.24,-28.73,14.76,0.613,12,446.8,230.8,51.66
641,4,276,0,0,DeltaDock,Accessories,30,75.17,0.134,65.1,65.12,-0.03,10.96,0.665,2,130.19,70.19,53.92
641,4,276,0,0,EpsilonCam,Imaging,55,137.64,0.056,129.93,147.93,-12.17,52.54,1.068,8,1039.46,599.46,57.67
641,4,276,0,0,ZetaHub,Accessories,22,46.36,0.197,37.23,53.7,-30.68,25.87,0.52,33,1228.49,502.49,40.9
641,4,276,0,0,EtaDesk,Furniture,80,164.61,0.109,146.67,154.54,-5.09,36.47,0.733,4,586.67,266.67,45.45
641,4,276,0,0,ThetaMat,Accessories,15,33.63,0.056,31.75,32.39,-1.99,8.77,0.5,12,380.96,200.96,52.75
642,5,277,1,0,AlphaWatch,Wearables,40,90.41,0.134,78.3,97.45,-19.66,49.82,0.779,10,782.95,382.95,48.91
642,5,277,1,0,BetaBuds,Audio,25,49.76,0.005,49.51,44.48,11.31,25.29,1.072,16,792.18,392.18,49.51
642,5,277,1,0,GammaBand,Wearables,18,43.54,0.013,42.97,36.06,19.17,10.12,0.5,9,386.77,224.77,58.11
642,5,277,1,0,DeltaDock,Accessories,30,70.79,0.071,65.76,61.66,6.66,0.1,0.5,0,0.0,0.0,54.38
642,5,277,1,0,EpsilonCam,Imaging,55,111.14,0.109,99.03,123.14,-19.58,75.18,1.022,7,693.18,308.18,44.46
642,5,277,1,0,ZetaHub,Accessories,22,61.32,0.065,57.33,60.44,-5.14,12.73,0.881,10,573.34,353.34,61.63
642,5,277,1,0,EtaDesk,Furniture,80,167.37,0.142,143.6,159.09,-9.73,122.06,1.5,15,2154.05,954.05,44.29
642,5,277,1,0,ThetaMat,Accessories,15,40.8,0.087,37.25,52.93,-29.62,32.74,0.759,27,1005.76,600.76,59.73
643,6,278,1,0,AlphaWatch,Wearables,40,79.72,0.068,74.3,81.01,-8.28,5.29,0.5,3,222.9,102.9,46.16
643,6,278,1,0,BetaBuds,Audio,25,53.95,0.034,52.12,62.95,-17.21,48.09,0.961,24,1250.78,650.78,52.03
643,6,278,1,0,GammaBand,Wearables,18,42.87,0.093,38.88,50.32,-22.73,108.06,1.367,94,3655.01,1963.01,53.71
643,6,278,1,0,DeltaDock,Accessories,30,69.5,0.076,64.22,72.28,-11.15,55.09,1.236,3,192.65,102.65,53.28
643,6,278,1,0,EpsilonCam,Imaging,55,106.34,0.103,95.39,123.0,-22.45,25.67,0.79,6,572.32,242.32,42.34
643,6,278,1,0,ZetaHub,Accessories,22,46.17,0.046,44.05,51.09,-13.79,12.97,0.774,23,1013.06,507.06,50.05
643,6,278,1,0,EtaDesk,Furniture,80,161.95,0.109,144.3,133.82,7.83,56.98,0.912,5,721.49,321.49,44.56
643,6,278,1,0,ThetaMat,Accessories,15,35.45,0.098,31.98,27.04,18.25,5.43,0.522,12,383.71,203.71,53.09
644,0,279,0,0,AlphaWatch,Wearables,40,81.42,0.034,78.65,80.6,-2.42,2.42,0.538,1,78.65,38.65,49.14
644,0,279,0,0,BetaBuds,Audio,25,58.54,0.034,56.55,51.56,9.68,60.16,1.042,9,508.95,283.95,55.79
644,0,279,0,0,GammaBand,Wearables,18,34.96,0.104,31.32,37.11,-15.59,25.48,0.649,31,971.05,413.05,42.54
644,0,279,0,0,DeltaDock,Accessories,30,85.65,0.016,84.28,75.29,11.94,1.64,0.5,0,0.0,0.0,64.4
644,0,279,0,0,EpsilonCam,Imaging,55,135.13,0.044,129.18,157.18,-17.81,34.24,0.744,3,387.55,222.55,57.43
644,0,279,0,0,ZetaHub,Accessories,22,43.27,0.074,40.07,47.36,-15.4,3.44,0.5,14,560.95,252.95,45.09
644,0,279,0,0,EtaDesk,Furniture,80,199.33,0.051,189.16,203.01,-6.82,17.32,0.654,2,378.33,218.33,57.71
644,0,279,0,0,ThetaMat,Accessories,15,30.76,0.068,28.67,27.74,3.35,24.37,0.5,35,1003.39,478.39,47.68
645,1,280,0,0,AlphaWatch,Wearables,40,104.42,0.106,93.35,119.57,-21.93,27.1,0.622,4,373.41,213.41,57.15
645,1,280,0,0,BetaBuds,Audio,25,55.36,0.017,54.42,58.92,-7.64,200.36,1.5,34,1850.24,1000.24,54.06
645,1,280,0,0,GammaBand,Wearables,18,43.94,0.014,43.32,50.64,-14.45,0.75,0.5,6,259.95,151.95,58.45
645,1,280,0,0,DeltaDock,Accessories,30,85.9,0.041,82.38,78.48,4.97,36.04,0.764,2,164.76,104.76,63.58
645,1,280,0,0,EpsilonCam,Imaging,55,127.43,0.053,120.68,119.28,1.17,1.16,0.651,1,120.68,65.68,54.42
645,1,280,0,0,ZetaHub,Accessories,22,60.44,0.039,58.08,75.47,-23.04,67.67,1.124,26,1510.15,938.15,62.12
645,1,280,0,0,EtaDesk,Furniture,80,193.24,0.0,193.24,182.31,6.0,23.34,0.915,4,772.96,452.96,58.6
645,1,280,0,0,ThetaMat,Accessories,15,35.05,0.157,29.55,32.83,-10.0,5.94,0.578,19,561.4,276.4,49.23
646,2,281,0,0,AlphaWatch,Wearables,40,81.8,0.155,69.12,94.18,-26.61,25.16,0.973,11,760.33,320.33,42.13
646,2,281,0,0,BetaBuds,Audio,25,46.1,0.022,45.09,46.31,-2.64,70.27,1.0,17,766.46,341.46,44.55
646,2,281,0,0,GammaBand,Wearables,18,32.71,0.125,28.62,35.17,-18.62,7.12,0.635,43,1230.71,456.71,37.11
646,2,281,0,0,DeltaDock,Accessories,30,79.02,0.065,73.88,89.97,-17.88,0.69,0.567,1,73.88,43.88,59.4
646,2,281,0,0,EpsilonCam,Imaging,55,115.92,0.139,99.81,119.97,-16.81,4.65,0.835,2,199.61,89.61,44.89
646,2,281,0,0,ZetaHub,Accessories,22,51.8,0.013,51.13,50.87,0.5,2.85,0.519,3,153.38,87.38,56.97
646,2,281,0,0,EtaDesk,Furniture,80,172.17,0.057,162.36,203.59,-20.25,89.02,1.219,9,1461.21,741.21,50.73
646,2,281,0,0,ThetaMat,Accessories,15,30.09,0.051,28.56,34.55,-17.35,25.04,0.54,39,1113.66,528.66,47.47
647,3,282,0,0,AlphaWatch,Wearables,40,105.65,0.173,87.37,103.4,-15.5,20.35,0.552,3,262.12,142.12,54.22
647,3,282,0,0,BetaBuds,Audio,25,49.58,0.164,41.45,41.71,-0.63,112.19,1.347,36,1492.16,592.16,39.68
647,3,282,0,0,GammaBand,Wearables,18,40.02,0.152,33.94,45.57,-25.53,12.32,0.558,25,848.42,398.42,46.96
647,3,282,0,0,DeltaDock,Accessories,30,70.5,0.2,56.4,68.52,-17.69,19.42,0.753,3,169.2,79.2,46.81
647,3,282,0,0,EpsilonCam,Imaging,55,147.71,0.068,137.67,152.97,-10.0,17.33,0.924,3,413.0,248.0,60.05
647,3,282,0,0,ZetaHub,Accessories,22,61.26,0.043,58.63,61.91,-5.3,40.52,0.732,18,1055.26,659.26,62.47
647,3,282,0,0,EtaDesk,Furniture,80,194.33,0.122,170.62,207.55,-17.79,19.76,0.605,3,511.87,271.87,53.11
647,3,282,0,0,ThetaMat,Accessories,15,28.74,0.045,27.45,25.56,7.38,2.03,0.5,15,411.7,186.7,45.35
648,4,283,0,0,AlphaWatch,Wearables,40,100.97,0.219,78.86,99.77,-20.96,89.86,1.464,14,1104.01,544.01,49.28
648,4,283,0,0,BetaBuds,Audio,25,61.48,0.013,60.68,65.11,-6.8,145.75,1.5,18,1092.25,642.25,58.8
648,4,283,0,0,GammaBand,Wearables,18,36.12,0.047,34.42,44.26,-22.23,81.6,1.118,54,1858.81,886.81,47.71
648,4,283,0,0,DeltaDock,Accessories,30,58.21,0.011,57.57,58.51,-1.61,10.08,0.836,3,172.71,82.71,47.89
648,4,283,0,0,EpsilonCam,Imaging,55,131.53,0.038,126.53,153.57,-17.61,1.36,0.5,0,0.0,0.0,56.53
648,4,283,0,0,ZetaHub,Accessories,22,53.51,0.05,50.83,50.47,0.72,104.41,1.258,25,1270.86,720.86,56.72
648,4,283,0,0,EtaDesk,Furniture,80,201.67,0.013,199.05,231.78,-14.12,93.75,1.182,4,796.19,476.19,59.81
648,4,283,0,0,ThetaMat,Accessories,15,28.51,0.038,27.43,28.08,-2.33,35.86,0.79,41,1124.49,509.49,45.31
649,5,284,1,0,AlphaWatch,Wearables,40,81.97,0.108,73.12,75.1,-2.64,98.58,1.487,12,877.41,397.41,45.29
649,5,284,1,0,BetaBuds,Audio,25,44.06,0.1,39.65,39.14,1.31,3.94,0.5,4,158.62,58.62,36.95
649,5,284,1,0,GammaBand,Wearables,18,46.41,0.167,38.66,56.03,-31.0,0.32,1.014,24,927.83,495.83,53.44
649,5,284,1,0,DeltaDock,Accessories,30,61.17,0.078,56.4,59.67,-5.48,25.4,0.515,4,225.59,105.59,46.81
649,5,284,1,0,EpsilonCam,Imaging,55,148.0,0.027,144.0,175.71,-18.04,47.3,0.696,3,432.01,267.01,61.81
649,5,284,1,0,ZetaHub,Accessories,22,57.51,0.099,51.82,61.81,-16.17,4.54,0.5,7,362.72,208.72,57.54
649,5,284,1,0,EtaDesk,Furniture,80,191.09,0.112,169.69,179.06,-5.23,201.81,1.5,9,1527.19,807.19,52.85
649,5,284,1,0,ThetaMat,Accessories,15,33.06,0.115,29.26,41.84,-30.07,46.16,0.802,78,2282.13,1112.13,48.73
650,6,285,1,0,AlphaWatch,Wearables,40,73.32,0.027,71.34,67.99,4.93,51.32,1.199,11,784.74,344.74,43.93
650,6,285,1,0,BetaBuds,Audio,25,50.69,0.201,40.5,41.04,-1.31,26.37,0.867,31,1255.54,480.54,38.27
650,6,285,1,0,GammaBand,Wearables,18,37.46,0.114,33.19,38.26,-13.25,13.14,0.629,26,862.93,394.93,45.77
650,6,285,1,0,DeltaDock,Accessories,30,61.76,0.08,56.82,67.4,-15.7,14.47,0.769,3,170.46,80.46,47.2
650,6,285,1,0,EpsilonCam,Imaging,55,98.56,0.117,87.03,110.69,-21.38,5.81,0.735,7,609.2,224.2,36.8
650,6,285,1,0,ZetaHub,Accessories,22,47.92,0.063,44.9,50.09,-10.36,171.26,1.5,50,2245.05,1145.05,51.0
650,6,285,1,0,EtaDesk,Furniture,80,175.53,0.103,157.45,203.78,-22.74,96.64,1.5,10,1574.5,774.5,49.19
650,6,285,1,0,ThetaMat,Accessories,15,33.81,0.144,28.94,30.84,-6.16,76.98,1.275,80,2315.31,1115.31,48.17
651,0,286,0,0,AlphaWatch,Wearables,40,69.54,0.034,67.18,71.54,-6.1,0.27,0.5,2,134.35,54.35,40.45
651,0,286,0,0,BetaBuds,Audio,25,50.53,0.161,42.39,50.71,-16.4,19.08,0.524,15,635.92,260.92,41.03
651,0,286,0,0,GammaBand,Wearables,18,49.78,0.161,41.77,49.2,-15.11,3.62,0.5,8,334.12,190.12,56.9
651,0,286,0,0,DeltaDock,Accessories,30,56.64,0.215,44.46,49.34,-9.89,22.53,0.754,2,88.92,28.92,32.53
651,0,286,0,0,EpsilonCam,Imaging,55,123.02,0.034,118.84,137.12,-13.33,5.27,0.784,2,237.67,127.67,53.72
651,0,286,0,0,ZetaHub,Accessories,22,50.49,0.051,47.92,55.38,-13.48,11.68,0.559,8,383.32,207.32,54.09
651,0,286,0,0,EtaDesk,Furniture,80,135.53,0.069,126.18,118.97,6.06,9.17,0.578,2,252.36,92.36,36.6
651,0,286,0,0,ThetaMat,Accessories,15,33.4,0.029,32.43,36.43,-10.98,15.54,0.544,27,875.65,470.65,53.75
652,1,287,0,0,AlphaWatch,Wearables,40,82.55,0.199,66.12,93.7,-29.43,47.88,0.868,11,727.35,287.35,39.51
652,1,287,0,0,BetaBuds,Audio,25,56.74,0.014,55.95,57.97,-3.49,7.64,0.693,6,335.67,185.67,55.31
652,1,287,0,0,GammaBand,Wearables,18,40.6,0.158,34.19,39.02,-12.39,5.66,0.52,16,546.96,258.96,47.35
652,1,287,0,0,DeltaDock,Accessories,30,66.39,0.023,64.86,65.92,-1.6,42.58,1.005,2,129.73,69.73,53.75
652,1,287,0,0,EpsilonCam,Imaging,55,133.2,0.003,132.8,139.68,-4.93,29.31,0.86,4,531.2,311.2,58.58
652,1,287,0,0,ZetaHub,Accessories,22,55.51,0.081,51.01,50.46,1.1,5.14,0.5,4,204.05,116.05,56.87
652,1,287,0,0,EtaDesk,Furniture,80,212.01,0.097,191.45,226.69,-15.55,17.67,0.617,2,382.89,222.89,58.21
652,1,287,0,0,ThetaMat,Accessories,15,37.35,0.036,36.01,43.08,-16.42,78.64,0.983,42,1512.23,882.23,58.34
653,2,288,0,0,AlphaWatch,Wearables,40,78.17,0.073,72.46,70.58,2.67,29.35,0.5,4,289.85,129.85,44.8
653,2,288,0,0,BetaBuds,Audio,25,48.21,0.078,44.45,56.57,-21.43,30.5,0.832,24,1066.79,466.79,43.76
653,2,288,0,0,GammaBand,Wearables,18,36.84,0.298,25.86,41.01,-36.94,57.17,1.0,60,1551.7,471.7,30.4
653,2,288,0,0,DeltaDock,Accessories,30,84.05,0.076,77.66,72.03,7.82,13.81,0.57,1,77.66,47.66,61.37
653,2,288,0,0,EpsilonCam,Imaging,55,111.21,0.102,99.87,103.09,-3.13,33.53,0.517,3,299.6,134.6,44.93
653,2,288,0,0,ZetaHub,Accessories,22,53.38,0.119,47.03,53.64,-12.33,48.66,0.872,24,1128.67,600.67,53.22
653,2,288,0,0,EtaDesk,Furniture,80,206.18,0.024,201.23,229.74,-12.41,70.24,1.043,6,1207.39,727.39,60.24
653,2,288,0,0,ThetaMat,Accessories,15,34.89,0.238,26.59,39.99,-33.52,11.22,0.5,34,903.93,393.93,43.58
654,3,289,0,0,AlphaWatch,Wearables,40,77.31,0.031,74.91,68.82,8.85,86.48,1.181,14,1048.79,488.79,46.61
654,3,289,0,0,BetaBuds,Audio,25,64.69,0.078,59.64,71.46,-16.53,1.69,0.5,3,178.93,103.93,58.08
654,3,289,0,0,GammaBand,Wearables,18,40.75,0.015,40.14,34.77,15.44,50.79,1.105,35,1404.86,774.86,55.16
654,3,289,0,0,DeltaDock,Accessories,30,76.37,0.19,61.86,84.56,-26.85,7.51,0.5,1,61.86,31.86,51.5
654,3,289,0,0,EpsilonCam,Imaging,55,131.71,0.051,124.99,153.05,-18.33,25.23,0.625,4,499.97,279.97,56.0
654,3,289,0,0,ZetaHub,Accessories,22,51.11,0.2,40.89,58.68,-30.32,8.21,0.5,14,572.43,264.43,46.19
654,3,289,0,0,EtaDesk,Furniture,80,167.17,0.097,150.95,167.35,-9.8,11.99,0.564,4,603.82,283.82,47.0
654,3,289,0,0,ThetaMat,Accessories,15,35.02,0.135,30.29,42.13,-28.1,56.87,1.144,50,1514.62,764.62,50.48
655,4,290,0,0,AlphaWatch,Wearables,40,81.96,0.075,75.81,79.79,-4.98,56.08,1.079,9,682.32,322.32,47.24
655,4,290,0,0,BetaBuds,Audio,25,58.64,0.053,55.53,53.5,3.8,1.62,0.5,1,55.53,30.53,54.98
655,4,290,0,0,GammaBand,Wearables,18,39.23,0.104,35.15,44.16,-20.4,10.29,0.661,22,773.3,377.3,48.79
655,4,290,0,0,DeltaDock,Accessories,30,60.4,0.048,57.5,54.13,6.23,1.68,0.7,1,57.5,27.5,47.83
655,4,290,0,0,EpsilonCam,Imaging,55,138.83,0.227,107.32,162.04,-33.77,2.22,0.5,1,107.32,52.32,48.75
655,4,290,0,0,ZetaHub,Accessories,22,60.77,0.008,60.28,55.05,9.51,3.34,0.741,8,482.27,306.27,63.51
655,4,290,0,0,EtaDesk,Furniture,80,164.86,0.1,148.37,149.42,-0.7,38.16,0.609,6,890.24,410.24,46.08
655,4,290,0,0,ThetaMat,Accessories,15,42.47,0.07,39.5,43.16,-8.49,6.13,0.5,8,315.98,195.98,62.02
656,5,291,1,0,AlphaWatch,Wearables,40,96.73,0.071,89.86,116.46,-22.84,185.35,1.5,9,808.76,448.76,55.49
656,5,291,1,0,BetaBuds,Audio,25,54.87,0.115,48.56,46.9,3.54,68.45,0.891,15,728.4,353.4,48.52
656,5,291,1,0,GammaBand,Wearables,18,41.19,0.091,37.44,44.12,-15.14,70.08,1.255,75,2808.13,1458.13,51.93
656,5,291,1,0,DeltaDock,Accessories,30,74.72,0.102,67.1,81.6,-17.77,7.76,0.5,1,67.1,37.1,55.29
656,5,291,1,0,EpsilonCam,Imaging,55,102.92,0.095,93.14,93.06,0.09,14.61,0.511,4,372.57,152.57,40.95
656,5,291,1,0,ZetaHub,Accessories,22,46.06,0.043,44.08,54.0,-18.37,6.05,0.661,11,484.87,242.87,50.09
656,5,291,1,0,EtaDesk,Furniture,80,201.39,0.037,193.94,192.85,0.56,45.7,0.617,3,581.82,341.82,58.75
656,5,291,1,0,ThetaMat,Accessories,15,36.02,0.104,32.27,37.94,-14.93,12.74,0.683,16,516.38,276.38,53.52
657,6,292,1,0,AlphaWatch,Wearables,40,92.59,0.012,91.48,102.6,-10.84,63.02,0.892,12,1097.75,617.75,56.27
657,6,292,1,0,BetaBuds,Audio,25,54.23,0.174,44.79,54.41,-17.67,21.54,0.5,11,492.73,217.73,44.19
657,6,292,1,0,GammaBand,Wearables,18,45.0,0.098,40.59,51.47,-21.14,55.64,0.947,30,1217.7,677.7,55.65
657,6,292,1,0,DeltaDock,Accessories,30,79.68,0.07,74.1,85.4,-13.23,158.82,1.5,6,444.61,264.61,59.52
657,6,292,1,0,EpsilonCam,Imaging,55,142.85,0.165,119.28,120.44,-0.96,7.74,0.5,3,357.84,192.84,53.89
657,6,292,1,0,ZetaHub,Accessories,22,52.82,0.095,47.8,60.95,-21.57,56.13,1.084,35,1673.07,903.07,53.98
657,6,292,1,0,EtaDesk,Furniture,80,180.2,0.01,178.4,203.72,-12.43,104.55,1.497,15,2675.97,1475.97,55.16
657,6,292,1,0,ThetaMat,Accessories,15,28.42,0.079,26.17,33.27,-21.33,34.17,0.721,96,2512.78,1072.78,42.69
658,0,293,0,0,AlphaWatch,Wearables,40,85.9,0.019,84.27,94.33,-10.67,77.95,1.337,10,842.68,442.68,52.53
658,0,293,0,0,BetaBuds,Audio,25,59.93,0.062,56.21,67.31,-16.48,18.75,0.589,10,562.14,312.14,55.53
658,0,293,0,0,GammaBand,Wearables,18,40.72,0.03,39.5,38.56,2.43,55.01,1.02,59,2330.41,1268.41,54.43
658,0,293,0,0,DeltaDock,Accessories,30,56.17,0.062,52.69,63.41,-16.91,47.13,0.965,3,158.06,68.06,43.06
658,0,293,0,0,EpsilonCam,Imaging,55,131.7,0.139,113.39,140.67,-19.39,15.2,0.532,2,226.79,116.79,51.5
658,0,293,0,0,ZetaHub,Accessories,22,55.14,0.115,48.8,64.04,-23.8,9.9,0.5,13,634.39,348.39,54.92
658,0,293,0,0,EtaDesk,Furniture,80,182.13,0.295,128.4,156.28,-17.84,3.05,0.672,2,256.8,96.8,37.7
658,0,293,0,0,ThetaMat,Accessories,15,39.74,0.016,39.1,42.94,-8.93,8.11,0.548,6,234.62,144.62,61.64
659,1,294,0,0,AlphaWatch,Wearables,40,102.62,0.044,98.1,89.59,9.5,26.03,0.5,2,196.21,116.21,59.23
659,1,294,0,0,BetaBuds,Audio,25,51.73,0.049,49.2,54.24,-9.3,9.99,0.782,9,442.76,217.76,49.18
659,1,294,0,0,GammaBand,Wearables,18,44.25,0.027,43.06,43.81,-1.72,10.2,0.612,9,387.5,225.5,58.19
659,1,294,0,0,DeltaDock,Accessories,30,54.16,0.011,53.56,52.18,2.65,19.15,0.789,2,107.13,47.13,43.99
659,1,294,0,0,EpsilonCam,Imaging,55,117.22,0.152,99.4,136.01,-26.92,12.07,0.69,3,298.21,133.21,44.67
659,1,294,0,0,ZetaHub,Accessories,22,44.84,0.038,43.14,53.39,-19.21,17.04,0.503,5,215.68,105.68,49.0
659,1,294,0,0,EtaDesk,Furniture,80,192.1,0.027,186.91,194.86,-4.08,12.96,0.669,2,373.83,213.83,57.2
659,1,294,0,0,ThetaMat,Accessories,15,28.96,0.113,25.69,36.1,-28.84,56.03,0.956,97,2491.69,1036.69,41.61
660,2,295,0,0,AlphaWatch,Wearables,40,115.81,0.193,93.46,120.49,-22.43,5.02,0.5,3,280.38,160.38,57.2
660,2,295,0,0,BetaBuds,Audio,25,57.01,0.059,53.65,44.85,19.61,55.88,0.849,10,536.46,286.46,53.4
660,2,295,0,0,GammaBand,Wearables,18,34.26,0.07,31.86,33.14,-3.86,18.36,0.638,31,987.72,429.72,43.51
660,2,295,0,0,DeltaDock,Accessories,30,53.54,0.212,42.19,44.74,-5.7,18.2,0.78,3,126.57,36.57,28.89
660,2,295,0,0,EpsilonCam,Imaging,55,138.3,0.069,128.76,122.16,5.4,129.18,1.5,11,1416.33,811.33,57.28
660,2,295,0,0,ZetaHub,Accessories,22,59.56,0.261,44.01,68.59,-35.83,23.76,0.575,21,924.31,462.31,50.02
660,2,295,0,0,EtaDesk,Furniture,80,204.09,0.129,177.76,180.95,-1.76,154.33,1.5,8,1422.1,782.1,55.0
660,2,295,0,0,ThetaMat,Accessories,15,36.86,0.03,35.75,29.82,19.9,40.41,0.617,10,357.54,207.54,58.05
661,3,296,0,0,AlphaWatch,Wearables,40,96.37,0.061,90.49,83.57,8.28,6.45,0.5,2,180.98,100.98,55.8
661,3,296,0,0,BetaBuds,Audio,25,44.82,0.045,42.8,39.42,8.58,1.24,0.663,8,342.42,142.42,41.59
661,3,296,0,0,GammaBand,Wearables,18,41.69,0.02,40.86,42.88,-4.72,35.19,0.522,22,898.84,502.84,55.94
661,3,296,0,0,DeltaDock,Accessories,30,67.87,0.007,67.39,66.36,1.56,1.22,0.5,1,67.39,37.39,55.49
661,3,296,0,0,EpsilonCam,Imaging,55,120.1,0.137,103.65,135.13,-23.3,19.38,0.791,6,621.88,291.88,46.93
661,3,296,0,0,ZetaHub,Accessories,22,39.01,0.077,36.01,47.42,-24.07,89.58,1.256,51,1836.32,714.32,38.9
661,3,296,0,0,EtaDesk,Furniture,80,176.57,0.096,159.62,180.68,-11.66,23.26,0.742,4,638.48,318.48,49.88
661,3,296,0,0,ThetaMat,Accessories,15,33.72,0.085,30.85,29.05,6.21,9.48,0.757,18,555.37,285.37,51.38
662,4,297,0,0,AlphaWatch,Wearables,40,93.25,0.016,91.76,112.19,-18.21,22.63,0.66,3,275.27,155.27,56.41
662,4,297,0,0,BetaBuds,Audio,25,52.04,0.053,49.28,63.98,-22.97,21.82,0.676,14,689.95,339.95,49.27
662,4,297,0,0,GammaBand,Wearables,18,39.18,0.061,36.79,34.21,7.54,58.69,1.194,50,1839.5,939.5,51.07
662,4,297,0,0,DeltaDock,Accessories,30,77.24,0.076,71.37,81.05,-11.94,15.72,0.806,2,142.74,82.74,57.97
662,4,297,0,0,EpsilonCam,Imaging,55,104.39,0.083,95.73,112.84,-15.17,6.66,0.72,3,287.18,122.18,42.54
662,4,297,0,0,ZetaHub,Accessories,22,54.39,0.06,51.13,45.33,12.79,28.02,0.595,9,460.14,262.14,56.97
662,4,297,0,0,EtaDesk,Furniture,80,171.73,0.086,156.96,211.72,-25.86,11.21,0.607,3,470.88,230.88,49.03
662,4,297,0,0,ThetaMat,Accessories,15,39.23,0.184,32.01,41.51,-22.88,30.15,1.062,26,832.3,442.3,53.14
663,5,298,1,0,AlphaWatch,Wearables,40,101.17,0.02,99.15,94.78,4.61,92.15,1.407,14,1388.05,828.05,59.66
663,5,298,1,0,BetaBuds,Audio,25,64.64,0.146,55.2,60.49,-8.74,32.69,0.937,12,662.43,362.43,54.71
663,5,298,1,0,GammaBand,Wearables,18,46.51,0.171,38.56,44.99,-14.3,4.1,0.5,11,424.12,226.12,53.32
663,5,298,1,0,DeltaDock,Accessories,30,85.97,0.02,84.25,95.21,-11.51,31.9,0.915,5,421.25,271.25,64.39
663,5,298,1,0,EpsilonCam,Imaging,55,132.01,0.006,131.22,145.47,-9.8,100.05,1.125,3,393.65,228.65,58.08
663,5,298,1,0,ZetaHub,Accessories,22,44.78,0.025,43.66,32.2,35.59,46.0,0.901,18,785.89,389.89,49.61
663,5,298,1,0,EtaDesk,Furniture,80,214.77,0.003,214.13,195.55,9.5,10.62,0.751,2,428.25,268.25,62.64
663,5,298,1,0,ThetaMat,Accessories,15,35.81,0.041,34.34,45.25,-24.11,45.87,0.671,26,892.89,502.89,56.32
664,6,299,1,0,AlphaWatch,Wearables,40,85.16,0.087,77.75,88.7,-12.34,79.9,1.128,11,855.26,415.26,48.55
664,6,299,1,0,BetaBuds,Audio,25,48.63,0.108,43.38,42.57,1.9,132.1,1.5,37,1604.98,679.98,42.37
664,6,299,1,0,GammaBand,Wearables,18,35.2,0.066,32.88,30.41,8.11,43.06,0.996,35,1150.69,520.69,45.25
664,6,299,1,0,DeltaDock,Accessories,30,77.59,0.109,69.13,74.09,-6.69,38.57,0.98,3,207.4,117.4,56.61
664,6,299,1,0,EpsilonCam,Imaging,55,137.82,0.038,132.58,133.55,-0.72,33.36,0.64,3,397.75,232.75,58.52
664,6,299,1,0,ZetaHub,Accessories,22,48.54,0.067,45.29,44.14,2.6,0.1,0.5,2,90.58,46.58,51.42
664,6,299,1,0,EtaDesk,Furniture,80,163.46,0.011,161.66,172.31,-6.18,45.6,1.08,12,1939.94,979.94,50.51
664,6,299,1,0,ThetaMat,Accessories,15,39.34,0.132,34.15,40.3,-15.27,23.76,0.638,26,887.83,497.83,56.07
665,0,300,0,0,AlphaWatch,Wearables,40,98.54,0.053,93.32,111.72,-16.47,81.77,1.096,6,559.9,319.9,57.14
665,0,300,0,0,BetaBuds,Audio,25,44.91,0.035,43.34,50.44,-14.08,31.87,0.777,19,823.42,348.42,42.31
665,0,300,0,0,GammaBand,Wearables,18,32.6,0.094,29.54,35.3,-16.33,23.6,0.614,28,827.0,323.0,39.06
665,0,300,0,0,DeltaDock,Accessories,30,68.89,0.179,56.56,59.85,-5.5,25.34,0.739,2,113.12,53.12,46.96
665,0,300,0,0,EpsilonCam,Imaging,55,106.7,0.101,95.92,114.18,-15.99,15.16,0.5,4,383.69,163.69,42.66
665,0,300,0,0,ZetaHub,Accessories,22,55.29,0.061,51.92,51.68,0.46,106.81,1.483,27,1401.77,807.77,57.62
665,0,300,0,0,EtaDesk,Furniture,80,203.03,0.041,194.71,235.05,-17.16,4.84,0.502,1,194.71,114.71,58.91
665,0,300,0,0,ThetaMat,Accessories,15,38.9,0.009,38.55,41.26,-6.57,6.57,0.817,8,308.4,188.4,61.09
666,1,301,0,0,AlphaWatch,Wearables,40,97.33,0.093,88.28,109.59,-19.45,63.66,0.916,7,617.95,337.95,54.69
666,1,301,0,0,BetaBuds,Audio,25,46.85,0.077,43.24,60.54,-28.57,18.4,0.627,14,605.4,255.4,42.19
666,1,301,0,0,GammaBand,Wearables,18,40.38,0.047,38.48,43.25,-11.02,14.76,0.782,17,654.2,348.2,53.23
666,1,301,0,0,DeltaDock,Accessories,30,56.91,0.109,50.71,51.47,-1.48,40.14,0.811,3,152.12,62.12,40.84
666,1,301,0,0,EpsilonCam,Imaging,55,114.32,0.041,109.63,132.63,-17.34,36.77,0.771,3,328.9,163.9,49.83
666,1,301,0,0,ZetaHub,Accessories,22,42.35,0.131,36.8,47.28,-22.16,5.75,0.632,17,625.64,251.64,40.22
666,1,301,0,0,EtaDesk,Furniture,80,201.51,0.015,198.49,193.14,2.77,25.08,0.857,2,396.97,236.97,59.7
666,1,301,0,0,ThetaMat,Accessories,15,38.92,0.02,38.14,34.58,10.3,39.54,0.69,9,343.27,208.27,60.67
667,2,302,0,0,AlphaWatch,Wearables,40,107.3,0.058,101.08,106.37,-4.98,28.55,1.08,3,303.23,183.23,60.43
667,2,302,0,0,BetaBuds,Audio,25,45.74,0.083,41.94,45.28,-7.37,17.91,0.814,22,922.76,372.76,40.4
667,2,302,0,0,GammaBand,Wearables,18,34.36,0.033,33.23,30.24,9.87,2.55,0.792,10,332.26,152.26,45.83
667,2,302,0,0,DeltaDock,Accessories,30,65.64,0.186,53.43,74.05,-27.84,17.91,0.695,2,106.86,46.86,43.85
667,2,302,0,0,EpsilonCam,Imaging,55,128.89,0.124,112.91,130.39,-13.41,27.65,0.621,2,225.82,115.82,51.29
667,2,302,0,0,ZetaHub,Accessories,22,54.03,0.039,51.92,62.07,-16.35,62.83,1.077,30,1557.68,897.68,57.63
667,2,302,0,0,EtaDesk,Furniture,80,191.15,0.036,184.27,219.93,-16.21,42.24,0.651,4,737.07,417.07,56.59
667,2,302,0,0,ThetaMat,Accessories,15,33.77,0.143,28.94,40.44,-28.43,2.3,0.744,18,520.94,250.94,48.17
668,3,303,0,0,AlphaWatch,Wearables,40,99.0,0.122,86.92,113.52,-23.43,9.38,0.789,5,434.61,234.61,53.98
668,3,303,0,0,BetaBuds,Audio,25,52.05,0.032,50.38,56.44,-10.73,35.42,1.008,23,1158.84,583.84,50.38
668,3,303,0,0,GammaBand,Wearables,18,45.8,0.111,40.72,52.83,-22.93,30.82,0.786,39,1587.93,885.93,55.79
668,3,303,0,0,DeltaDock,Accessories,30,58.36,0.1,52.52,56.91,-7.71,26.65,0.673,3,157.57,67.57,42.88
668,3,303,0,0,EpsilonCam,Imaging,55,141.07,0.037,135.85,150.54,-9.76,24.36,0.619,1,135.85,80.85,59.51
668,3,303,0,0,ZetaHub,Accessories,22,39.57,0.022,38.7,43.84,-11.73,17.84,0.5,21,812.69,350.69,43.15
668,3,303,0,0,EtaDesk,Furniture,80,206.34,0.029,200.36,209.63,-4.42,19.53,0.5,2,400.71,240.71,60.07
668,3,303,0,0,ThetaMat,Accessories,15,34.89,0.067,32.55,33.7,-3.41,28.02,0.87,22,716.15,386.15,53.92
669,4,304,0,0,AlphaWatch,Wearables,40,99.18,0.071,92.14,107.01,-13.9,35.34,0.954,7,644.97,364.97,56.59
669,4,304,0,0,BetaBuds,Audio,25,58.2,0.15,49.47,51.21,-3.4,6.2,0.705,7,346.29,171.29,49.46
669,4,304,0,0,GammaBand,Wearables,18,39.9,0.063,37.39,41.27,-9.41,12.41,0.5,16,598.18,310.18,51.85
669,4,304,0,0,DeltaDock,Accessories,30,67.42,0.059,63.44,78.44,-19.12,15.0,0.662,3,190.33,100.33,52.71
669,4,304,0,0,EpsilonCam,Imaging,55,95.17,0.028,92.51,84.72,9.19,6.15,0.504,3,277.52,112.52,40.54
669,4,304,0,0,ZetaHub,Accessories,22,42.81,0.169,35.58,46.99,-24.29,122.85,1.5,89,3166.18,1208.18,38.16
669,4,304,0,0,EtaDesk,Furniture,80,187.09,0.025,182.41,156.99,16.19,7.62,0.613,1,182.41,102.41,56.14
669,4,304,0,0,ThetaMat,Accessories,15,42.59,0.111,37.86,50.62,-25.2,27.62,0.758,23,870.84,525.84,60.38
670,5,305,1,0,AlphaWatch,Wearables,40,89.91,0.106,80.38,107.91,-25.51,4.88,0.655,3,241.14,121.14,50.24
670,5,305,1,0,BetaBuds,Audio,25,66.44,0.045,63.45,57.69,9.98,4.21,0.5,6,380.7,230.7,60.6
670,5,305,1,0,GammaBand,Wearables,18,34.33,0.119,30.24,26.86,12.6,19.91,0.746,29,877.1,355.1,40.49
670,5,305,1,0,DeltaDock,Accessories,30,77.27,0.012,76.34,92.7,-17.65,4.04,0.5,1,76.34,46.34,60.7
670,5,305,1,0,EpsilonCam,Imaging,55,99.92,0.143,85.63,117.37,-27.04,5.82,0.545,6,513.79,183.79,35.77
670,5,305,1,0,ZetaHub,Accessories,22,56.32,0.036,54.29,62.14,-12.63,67.64,1.05,25,1357.31,807.31,59.48
670,5,305,1,0,EtaDesk,Furniture,80,206.27,0.044,197.19,187.38,5.24,42.21,0.743,3,591.58,351.58,59.43
670,5,305,1,0,ThetaMat,Accessories,15,43.38,0.125,37.96,34.21,10.95,114.33,1.123,50,1897.88,1147.88,60.48
671,6,306,1,0,AlphaWatch,Wearables,40,94.64,0.054,89.53,94.2,-4.96,14.79,1.071,7,626.71,346.71,55.32
671,6,306,1,0,BetaBuds,Audio,25,50.91,0.045,48.62,51.49,-5.58,0.23,0.809,3,145.86,70.86,48.58
671,6,306,1,0,GammaBand,Wearables,18,48.49,0.05,46.07,56.09,-17.87,76.11,1.135,29,1335.9,813.9,60.93
671,6,306,1,0,DeltaDock,Accessories,30,70.72,0.239,53.82,81.82,-34.22,28.72,0.777,5,269.09,119.09,44.26
671,6,306,1,0,EpsilonCam,Imaging,55,151.5,0.052,143.62,169.38,-15.21,17.54,0.5,2,287.24,177.24,61.71
671,6,306,1,0,ZetaHub,Accessories,22,60.18,0.03,58.37,73.11,-20.16,3.29,0.5,5,291.87,181.87,62.31
671,6,306,1,0,EtaDesk,Furniture,80,168.69,0.151,143.22,164.2,-12.78,8.04,0.648,2,286.44,126.44,44.14
671,6,306,1,0,ThetaMat,Accessories,15,29.12,0.008,28.89,27.08,6.67,3.1,0.5,14,404.42,194.42,48.07
672,0,307,0,0,AlphaWatch,Wearables,40,83.66,0.034,80.82,77.13,4.78,7.13,0.549,2,161.63,81.63,50.5
672,0,307,0,0,BetaBuds,Audio,25,48.11,0.008,47.73,58.42,-18.31,28.84,0.966,18,859.05,409.05,47.62
672,0,307,0,0,GammaBand,Wearables,18,50.42,0.091,45.83,48.79,-6.06,11.4,0.5,9,412.49,250.49,60.73
672,0,307,0,0,DeltaDock,Accessories,30,64.67,0.153,54.78,60.61,-9.63,4.44,0.5,1,54.78,24.78,45.23
672,0,307,0,0,EpsilonCam,Imaging,55,105.08,0.086,96.04,127.23,-24.51,81.32,1.452,9,864.39,369.39,42.73
672,0,307,0,0,ZetaHub,Accessories,22,47.14,0.124,41.29,41.21,0.21,4.5,0.611,16,660.71,308.71,46.72
672,0,307,0,0,EtaDesk,Furniture,80,212.14,0.045,202.59,208.98,-3.06,3.88,0.593,2,405.19,245.19,60.51
672,0,307,0,0,ThetaMat,Accessories,15,34.91,0.091,31.73,29.09,9.09,92.38,0.879,63,1999.19,1054.19,52.73
673,1,308,0,0,AlphaWatch,Wearables,40,87.26,0.05,82.9,76.59,8.23,24.96,0.66,3,248.69,128.69,51.75
673,1,308,0,0,BetaBuds,Audio,25,67.33,0.004,67.06,61.18,9.61,3.02,0.5,1,67.06,42.06,62.72
673,1,308,0,0,GammaBand,Wearables,18,47.34,0.085,43.32,49.5,-12.49,3.48,0.514,10,433.16,253.16,58.45
673,1,308,0,0,DeltaDock,Accessories,30,60.25,0.204,47.96,62.54,-23.31,10.54,0.639,2,95.92,35.92,37.45
673,1,308,0,0,EpsilonCam,Imaging,55,96.15,0.042,92.11,85.3,7.99,14.7,0.691,3,276.34,111.34,40.29
673,1,308,0,0,ZetaHub,Accessories,22,57.38,0.186,46.71,61.41,-23.94,7.84,0.5,7,326.95,172.95,52.9
673,1,308,0,0,EtaDesk,Furniture,80,144.82,0.044,138.45,168.4,-17.79,3.91,0.794,3,415.34,175.34,42.22
673,1,308,0,0,ThetaMat,Accessories,15,32.6,0.134,28.23,29.17,-3.22,40.68,0.695,33,931.64,436.64,46.87
674,2,309,0,0,AlphaWatch,Wearables,40,85.25,0.034,82.35,70.36,17.04,138.41,1.49,10,823.52,423.52,51.43
674,2,309,0,0,BetaBuds,Audio,25,49.97,0.03,48.47,60.64,-20.07,17.13,0.6,8,387.77,187.77,48.42
674,2,309,0,0,GammaBand,Wearables,18,42.8,0.082,39.29,40.17,-2.19,30.87,0.912,26,1021.55,553.55,54.19
674,2,309,0,0,DeltaDock,Accessories,30,59.72,0.019,58.59,66.36,-11.72,63.39,1.042,5,292.93,142.93,48.79
674,2,309,0,0,EpsilonCam,Imaging,55,140.06,0.056,132.22,121.78,8.57,60.15,0.786,4,528.87,308.87,58.4
674,2,309,0,0,ZetaHub,Accessories,22,60.44,0.148,51.49,71.06,-27.53,6.16,0.69,8,411.96,235.96,57.28
674,2,309,0,0,EtaDesk,Furniture,80,151.87,0.014,149.74,171.0,-12.43,3.24,0.681,4,598.98,278.98,46.58
674,2,309,0,0,ThetaMat,Accessories,15,36.26,0.031,35.14,32.33,8.68,2.18,0.5,7,245.95,140.95,57.31
675,3,310,0,0,AlphaWatch,Wearables,40,112.24,0.186,91.36,132.14,-30.86,10.95,0.5,3,274.09,154.09,56.22
675,3,310,0,0,BetaBuds,Audio,25,64.74,0.175,53.41,50.57,5.62,1.04,0.692,2,106.82,56.82,53.19
675,3,310,0,0,GammaBand,Wearables,18,45.95,0.16,38.6,50.86,-24.11,4.46,0.522,14,540.37,288.37,53.37
675,3,310,0,0,DeltaDock,Accessories,30,65.73,0.184,53.64,67.4,-20.42,85.45,1.08,5,268.18,118.18,44.07
675,3,310,0,0,EpsilonCam,Imaging,55,133.31,0.207,105.71,148.26,-28.7,59.84,1.086,8,845.72,405.72,47.97
675,3,310,0,0,ZetaHub,Accessories,22,40.99,0.001,40.95,49.87,-17.89,18.94,0.884,30,1228.47,568.47,46.27
675,3,310,0,0,EtaDesk,Furniture,80,161.52,0.113,143.27,157.82,-9.22,32.5,0.792,5,716.34,316.34,44.16
675,3,310,0,0,ThetaMat,Accessories,15,33.61,0.096,30.38,38.68,-21.45,4.84,0.638,12,364.6,184.6,50.63
676,4,311,0,0,AlphaWatch,Wearables,40,83.49,0.022,81.65,95.43,-14.44,21.4,0.57,5,408.27,208.27,51.01
676,4,311,0,0,BetaBuds,Audio,25,54.56,0.128,47.58,59.79,-20.43,6.99,0.702,12,570.92,270.92,47.45
676,4,311,0,0,GammaBand,Wearables,18,40.55,0.064,37.95,37.27,1.84,42.39,0.876,34,1290.46,678.46,52.58
676,4,311,0,0,DeltaDock,Accessories,30,72.79,0.086,66.53,70.97,-6.26,4.14,0.5,1,66.53,36.53,54.91
676,4,311,0,0,EpsilonCam,Imaging,55,134.26,0.255,100.02,118.18,-15.36,19.39,0.68,4,400.09,180.09,45.01
676,4,311,0,0,ZetaHub,Accessories,22,51.28,0.02,50.25,56.25,-10.66,22.03,0.834,17,854.32,480.32,56.22
676,4,311,0,0,EtaDesk,Furniture,80,200.12,0.062,187.71,222.52,-15.64,11.5,0.5,2,375.43,215.43,57.38
676,4,311,0,0,ThetaMat,Accessories,15,36.3,0.145,31.04,35.72,-13.11,2.19,0.857,15,465.55,240.55,51.67
677,5,312,1,0,AlphaWatch,Wearables,40,81.79,0.141,70.26,76.45,-8.1,16.15,0.5,7,491.8,211.8,43.07
677,5,312,1,0,BetaBuds,Audio,25,68.58,0.084,62.82,72.22,-13.02,7.26,0.568,4,251.28,151.28,60.2
677,5,312,1,0,GammaBand,Wearables,18,34.46,0.005,34.29,30.4,12.79,0.66,0.5,5,171.44,81.44,47.5
677,5,312,1,0,DeltaDock,Accessories,30,67.29,0.077,62.11,73.81,-15.85,9.97,0.824,1,62.11,32.11,51.7
677,5,312,1,0,EpsilonCam,Imaging,55,107.24,0.037,103.27,101.24,2.01,35.84,1.101,10,1032.72,482.72,46.74
677,5,312,1,0,ZetaHub,Accessories,22,60.24,0.083,55.24,59.73,-7.52,12.31,0.5,9,497.16,299.16,60.17
677,5,312,1,0,EtaDesk,Furniture,80,223.62,0.094,202.6,211.24,-4.09,28.12,0.66,4,810.4,490.4,60.51
677,5,312,1,0,ThetaMat,Accessories,15,31.56,0.096,28.53,28.99,-1.59,1.47,0.5,9,256.77,121.77,47.42
678,6,313,1,0,AlphaWatch,Wearables,40,90.58,0.047,86.32,93.72,-7.89,41.86,1.012,7,604.26,324.26,53.66
678,6,313,1,0,BetaBuds,Audio,25,65.51,0.049,62.3,79.64,-21.77,72.07,1.219,16,996.8,596.8,59.87
678,6,313,1,0,GammaBand,Wearables,18,43.32,0.219,33.83,36.26,-6.69,14.71,0.622,32,1082.65,506.65,46.8
678,6,313,1,0,DeltaDock,Accessories,30,79.82,0.161,66.97,64.88,3.22,30.14,0.83,1,66.97,36.97,55.2
678,6,313,1,0,EpsilonCam,Imaging,55,143.41,0.134,124.19,120.77,2.83,225.49,1.5,11,1366.12,761.12,55.71
678,6,313,1,0,ZetaHub,Accessories,22,50.31,0.015,49.56,49.51,0.09,119.01,1.447,44,2180.44,1212.44,55.61
678,6,313,1,0,EtaDesk,Furniture,80,151.41,0.05,143.84,123.29,16.67,3.7,0.574,2,287.68,127.68,44.38
678,6,313,1,0,ThetaMat,Accessories,15,32.28,0.061,30.31,40.12,-24.45,51.34,0.752,69,2091.45,1056.45,50.51
679,0,314,0,0,AlphaWatch,Wearables,40,92.94,0.048,88.48,83.33,6.18,41.85,0.98,7,619.35,339.35,54.79
679,0,314,0,0,BetaBuds,Audio,25,47.54,0.043,45.5,52.37,-13.13,2.03,0.5,4,181.98,81.98,45.05
679,0,314,0,0,GammaBand,Wearables,18,40.79,0.106,36.47,40.5,-9.96,31.01,1.016,30,1093.99,553.99,50.64
679,0,314,0,0,DeltaDock,Accessories,30,54.26,0.075,50.19,58.53,-14.25,9.9,0.541,2,100.38,40.38,40.23
679,0,314,0,0,EpsilonCam,Imaging,55,146.6,0.17,121.68,152.4,-20.16,26.13,0.592,4,486.71,266.71,54.8
679,0,314,0,0,ZetaHub,Accessories,22,58.39,0.104,52.32,65.63,-20.28,3.98,0.5,5,261.59,151.59,57.95
679,0,314,0,0,EtaDesk,Furniture,80,184.45,0.054,174.49,216.11,-19.26,41.55,0.857,4,697.96,377.96,54.15
679,0,314,0,0,ThetaMat,Accessories,15,37.46,0.055,35.4,44.32,-20.13,4.63,0.5,17,601.79,346.79,57.63
680,1,315,0,0,AlphaWatch,Wearables,40,95.96,0.115,84.92,88.15,-3.66,34.01,0.974,6,509.55,269.55,52.9
680,1,315,0,0,BetaBuds,Audio,25,61.88,0.088,56.43,69.22,-18.47,4.76,0.5,6,338.61,188.61,55.7
680,1,315,0,0,GammaBand,Wearables,18,45.91,0.096,41.5,45.18,-8.14,35.84,0.967,20,830.05,470.05,56.63
680,1,315,0,0,DeltaDock,Accessories,30,74.67,0.069,69.52,60.23,15.42,12.09,0.619,2,139.04,79.04,56.85
680,1,315,0,0,EpsilonCam,Imaging,55,113.41,0.098,102.3,94.31,8.47,10.78,0.858,2,204.59,94.59,46.23
680,1,315,0,0,ZetaHub,Accessories,22,53.64,0.022,52.46,49.26,6.5,9.06,0.5,8,419.68,243.68,58.06
680,1,315,0,0,EtaDesk,Furniture,80,143.03,0.028,139.03,151.93,-8.49,64.47,0.959,6,834.15,354.15,42.46
680,1,315,0,0,ThetaMat,Accessories,15,28.83,0.061,27.07,32.53,-16.78,69.9,1.04,53,1434.78,639.78,44.59
681,2,316,0,0,AlphaWatch,Wearables,40,108.08,0.036,104.19,96.99,7.42,1.3,0.619,1,104.19,64.19,61.61
681,2,316,0,0,BetaBuds,Audio,25,60.31,0.018,59.22,66.67,-11.17,1.36,0.5,2,118.45,68.45,57.79
681,2,316,0,0,GammaBand,Wearables,18,41.37,0.116,36.57,39.16,-6.61,46.99,0.908,31,1133.7,575.7,50.78
681,2,316,0,0,DeltaDock,Accessories,30,69.37,0.115,61.39,71.09,-13.64,25.09,0.718,4,245.57,125.57,51.13
681,2,316,0,0,EpsilonCam,Imaging,55,134.11,0.098,120.97,126.4,-4.3,15.21,1.08,3,362.9,197.9,54.53
681,2,316,0,0,ZetaHub,Accessories,22,50.63,0.038,48.71,52.73,-7.63,165.74,1.5,53,2581.42,1415.42,54.83
681,2,316,0,0,EtaDesk,Furniture,80,155.12,0.137,133.87,183.07,-26.88,6.68,0.5,3,401.61,161.61,40.24
681,2,316,0,0,ThetaMat,Accessories,15,29.82,0.038,28.69,35.46,-19.1,162.21,1.5,127,3643.23,1738.23,47.71
682,3,317,0,0,AlphaWatch,Wearables,40,75.12,0.162,62.95,79.35,-20.67,44.52,1.019,9,566.56,206.56,36.46
682,3,317,0,0,BetaBuds,Audio,25,67.24,0.196,54.06,57.83,-6.52,32.59,0.75,9,486.55,261.55,53.76
682,3,317,0,0,GammaBand,Wearables,18,34.31,0.097,30.98,31.86,-2.76,3.43,0.5,16,495.71,207.71,41.9
682,3,317,0,0,DeltaDock,Accessories,30,66.85,0.04,64.18,66.89,-4.06,29.37,0.822,2,128.35,68.35,53.25
682,3,317,0,0,EpsilonCam,Imaging,55,92.73,0.045,88.56,84.72,4.53,21.98,0.656,4,354.23,134.23,37.89
682,3,317,0,0,ZetaHub,Accessories,22,47.62,0.04,45.72,55.94,-18.28,29.5,0.823,11,502.87,260.87,51.88
682,3,317,0,0,EtaDesk,Furniture,80,156.06,0.185,127.19,159.11,-20.06,7.94,0.771,7,890.32,330.32,37.1
682,3,317,0,0,ThetaMat,Accessories,15,33.24,0.065,31.08,27.85,11.6,19.1,0.834,14,435.11,225.11,51.74
683,4,318,0,0,AlphaWatch,Wearables,40,88.26,0.063,82.7,81.2,1.85,7.12,0.784,3,248.1,128.1,51.63
683,4,318,0,0,BetaBuds,Audio,25,71.33,0.066,66.62,75.14,-11.34,3.24,0.5,2,133.24,83.24,62.47
683,4,318,0,0,GammaBand,Wearables,18,41.04,0.146,35.05,53.94,-35.02,6.17,0.5,10,350.48,170.48,48.64
683,4,318,0,0,DeltaDock,Accessories,30,73.89,0.195,59.48,62.45,-4.75,27.0,0.726,4,237.93,117.93,49.56
683,4,318,0,0,EpsilonCam,Imaging,55,129.12,0.077,119.18,123.43,-3.45,28.67,0.509,3,357.53,192.53,53.85
683,4,318,0,0,ZetaHub,Accessories,22,49.46,0.03,47.98,54.34,-11.71,87.66,1.419,31,1487.26,805.26,54.14
683,4,318,0,0,EtaDesk,Furniture,80,212.43,0.042,203.51,209.12,-2.68,52.98,1.011,5,1017.54,617.54,60.69
683,4,318,0,0,ThetaMat,Accessories,15,41.66,0.103,37.37,37.07,0.81,44.19,0.71,26,971.59,581.59,59.86
684,5,319,1,0,AlphaWatch,Wearables,40,85.93,0.114,76.13,96.35,-20.98,8.17,0.6,8,609.07,289.07,47.46
684,5,319,1,0,BetaBuds,Audio,25,45.56,0.052,43.19,40.54,6.54,56.81,1.172,19,820.63,345.63,42.12
684,5,319,1,0,GammaBand,Wearables,18,49.89,0.008,49.49,56.67,-12.67,20.54,0.5,10,494.91,314.91,63.63
684,5,319,1,0,DeltaDock,Accessories,30,57.9,0.09,52.69,65.9,-20.05,133.76,1.5,11,579.58,249.58,43.06
684,5,319,1,0,EpsilonCam,Imaging,55,123.2,0.051,116.92,140.07,-16.53,85.89,1.484,11,1286.08,681.08,52.96
684,5,319,1,0,ZetaHub,Accessories,22,44.37,0.008,44.02,49.15,-10.45,45.62,1.116,29,1276.44,638.44,50.02
684,5,319,1,0,EtaDesk,Furniture,80,172.03,0.147,146.74,169.25,-13.3,66.59,1.096,14,2054.38,934.38,45.48
684,5,319,1,0,ThetaMat,Accessories,15,34.12,0.033,32.99,40.84,-19.21,9.01,0.716,17,560.9,305.9,54.54
685,6,320,1,0,AlphaWatch,Wearables,40,108.78,0.003,108.45,125.82,-13.8,55.74,0.884,5,542.27,342.27,63.12
685,6,320,1,0,BetaBuds,Audio,25,61.92,0.018,60.81,72.56,-16.2,61.52,1.034,17,1033.69,608.69,58.89
685,6,320,1,0,GammaBand,Wearables,18,33.24,0.035,32.08,36.71,-12.62,7.3,0.5,27,866.07,380.07,43.88
685,6,320,1,0,DeltaDock,Accessories,30,60.75,0.11,54.07,71.41,-24.29,105.19,1.364,13,702.88,312.88,44.51
685,6,320,1,0,EpsilonCam,Imaging,55,109.8,0.057,103.54,106.62,-2.89,18.07,1.098,3,310.62,145.62,46.88
685,6,320,1,0,ZetaHub,Accessories,22,44.31,0.091,40.28,46.87,-14.06,67.52,0.976,48,1933.33,877.33,45.38
685,6,320,1,0,EtaDesk,Furniture,80,158.37,0.136,136.83,139.55,-1.95,156.1,1.5,25,3420.79,1420.79,41.53
685,6,320,1,0,ThetaMat,Accessories,15,40.08,0.019,39.32,37.03,6.18,85.57,1.353,32,1258.19,778.19,61.85
686,0,321,0,0,AlphaWatch,Wearables,40,107.85,0.047,102.78,104.18,-1.34,15.59,0.875,2,205.56,125.56,61.08
686,0,321,0,0,BetaBuds,Audio,25,64.6,0.083,59.24,74.76,-20.76,45.5,0.646,11,651.62,376.62,57.8
686,0,321,0,0,GammaBand,Wearables,18,48.36,0.168,40.24,48.81,-17.57,62.99,1.083,34,1368.01,756.01,55.26
686,0,321,0,0,DeltaDock,Accessories,30,65.43,0.111,58.17,62.77,-7.33,31.88,0.721,2,116.33,56.33,48.42
686,0,321,0,0,EpsilonCam,Imaging,55,111.08,0.075,102.75,96.63,6.33,42.54,1.219,7,719.24,334.24,46.47
686,0,321,0,0,ZetaHub,Accessories,22,62.89,0.051,59.68,60.73,-1.72,13.66,0.775,6,358.1,226.1,63.14
686,0,321,0,0,EtaDesk,Furniture,80,206.09,0.199,165.08,209.07,-21.04,33.67,0.839,6,990.47,510.47,51.54
686,0,321,0,0,ThetaMat,Accessories,15,41.21,0.125,36.06,44.1,-18.23,20.82,0.774,18,649.06,379.06,58.4
687,1,322,0,0,AlphaWatch,Wearables,40,75.57,0.04,72.55,91.42,-20.64,66.47,1.304,9,652.92,292.92,44.86
687,1,322,0,0,BetaBuds,Audio,25,64.94,0.143,55.65,72.7,-23.45,46.87,0.663,6,333.92,183.92,55.08
687,1,322,0,0,GammaBand,Wearables,18,39.11,0.073,36.25,37.18,-2.49,3.89,0.532,7,253.78,127.78,50.35
687,1,322,0,0,DeltaDock,Accessories,30,82.47,0.089,75.13,82.6,-9.04,76.68,1.189,3,225.39,135.39,60.07
687,1,322,0,0,EpsilonCam,Imaging,55,128.47,0.04,123.33,138.93,-11.23,8.67,0.5,2,246.66,136.66,55.4
687,1,322,0,0,ZetaHub,Accessories,22,55.68,0.065,52.06,54.24,-4.02,14.49,0.69,12,624.73,360.73,57.74
687,1,322,0,0,EtaDesk,Furniture,80,184.84,0.085,169.13,171.38,-1.31,22.91,0.736,3,507.39,267.39,52.7
687,1,322,0,0,ThetaMat,Accessories,15,37.48,0.145,32.05,43.56,-26.43,31.91,0.795,20,640.91,340.91,53.19
688,2,323,0,0,AlphaWatch,Wearables,40,103.51,0.072,96.06,92.67,3.66,13.09,0.691,2,192.11,112.11,58.36
688,2,323,0,0,BetaBuds,Audio,25,66.44,0.19,53.82,63.13,-14.75,12.0,0.807,5,269.08,144.08,53.55
688,2,323,0,0,GammaBand,Wearables,18,43.45,0.005,43.23,44.92,-3.76,63.67,0.575,32,1383.45,807.45,58.36
688,2,323,0,0,DeltaDock,Accessories,30,64.96,0.21,51.32,66.77,-23.14,35.56,0.922,5,256.59,106.59,41.54
688,2,323,0,0,EpsilonCam,Imaging,55,128.09,0.137,110.54,111.34,-0.72,23.23,0.739,3,331.63,166.63,50.25
688,2,323,0,0,ZetaHub,Accessories,22,57.83,0.118,51.01,54.45,-6.32,1.68,0.546,6,306.04,174.04,56.87
688,2,323,0,0,EtaDesk,Furniture,80,204.97,0.159,172.38,213.52,-19.27,7.75,0.528,2,344.76,184.76,53.59
688,2,323,0,0,ThetaMat,Accessories,15,34.93,0.044,33.39,42.94,-22.23,122.07,1.5,82,2738.23,1508.23,55.08
689,3,324,0,0,AlphaWatch,Wearables,40,98.07,0.103,87.97,97.28,-9.57,33.42,0.846,5,439.84,239.84,54.53
689,3,324,0,0,BetaBuds,Audio,25,47.63,0.028,46.3,46.28,0.04,47.66,0.83,13,601.85,276.85,46.0
689,3,324,0,0,GammaBand,Wearables,18,33.83,0.159,28.45,36.08,-21.14,24.66,0.901,53,1507.9,553.9,36.73
689,3,324,0,0,DeltaDock,Accessories,30,59.19,0.073,54.87,58.81,-6.7,32.28,0.678,4,219.48,99.48,45.32
689,3,324,0,0,EpsilonCam,Imaging,55,117.05,0.284,83.81,133.93,-37.42,7.18,0.715,5,419.04,144.04,34.37
689,3,324,0,0,ZetaHub,Accessories,22,43.28,0.016,42.59,41.05,3.75,4.08,0.5,7,298.11,144.11,48.34
689,3,324,0,0,EtaDesk,Furniture,80,225.25,0.128,196.42,219.15,-10.37,25.34,0.519,2,392.84,232.84,59.27
689,3,324,0,0,ThetaMat,Accessories,15,33.14,0.062,31.09,36.73,-15.37,65.71,0.826,66,2051.63,1061.63,51.75
690,4,325,0,0,AlphaWatch,Wearables,40,82.97,0.075,76.75,99.03,-22.5,39.57,0.815,6,460.48,220.48,47.88
690,4,325,0,0,BetaBuds,Audio,25,63.18,0.071,58.69,73.32,-19.95,29.7,0.731,8,469.55,269.55,57.41
690,4,325,0,0,GammaBand,Wearables,18,47.97,0.048,45.67,43.2,5.71,5.69,0.552,8,365.34,221.34,60.58
690,4,325,0,0,DeltaDock,Accessories,30,58.0,0.125,50.75,47.93,5.88,2.92,0.708,2,101.5,41.5,40.89
690,4,325,0,0,EpsilonCam,Imaging,55,99.39,0.156,83.89,118.94,-29.47,7.55,0.5,3,251.66,86.66,34.43
690,4,325,0,0,ZetaHub,Accessories,22,50.32,0.02,49.31,43.73,12.77,27.07,0.6,12,591.76,327.76,55.39
690,4,325,0,0,EtaDesk,Furniture,80,187.39,0.23,144.29,180.06,-19.87,20.13,0.726,3,432.87,192.87,44.56
690,4,325,0,0,ThetaMat,Accessories,15,27.86,0.081,25.6,24.51,4.46,26.87,0.615,33,844.91,349.91,41.41
691,5,326,1,0,AlphaWatch,Wearables,40,108.55,0.026,105.73,111.5,-5.18,0.15,0.5,1,105.73,65.73,62.17
691,5,326,1,0,BetaBuds,Audio,25,54.83,0.063,51.38,42.55,20.74,15.84,0.5,4,205.5,105.5,51.34
691,5,326,1,0,GammaBand,Wearables,18,37.16,0.1,33.44,45.77,-26.93,3.73,0.5,8,267.55,123.55,46.18
691,5,326,1,0,DeltaDock,Accessories,30,83.02,0.143,71.15,79.52,-10.53,36.23,0.948,3,213.44,123.44,57.83
691,5,326,1,0,EpsilonCam,Imaging,55,107.78,0.03,104.55,101.78,2.72,31.44,0.749,4,418.19,198.19,47.39
691,5,326,1,0,ZetaHub,Accessories,22,46.06,0.001,46.01,48.87,-5.84,2.24,0.578,5,230.07,120.07,52.19
691,5,326,1,0,EtaDesk,Furniture,80,190.03,0.28,136.82,163.91,-16.53,35.45,0.923,6,820.93,340.93,41.53
691,5,326,1,0,ThetaMat,Accessories,15,31.84,0.127,27.8,33.12,-16.07,21.09,0.704,58,1612.19,742.19,46.04
692,6,327,1,0,AlphaWatch,Wearables,40,95.42,0.024,93.13,85.56,8.85,37.34,1.039,5,465.65,265.65,57.05
692,6,327,1,0,BetaBuds,Audio,25,66.58,0.026,64.85,67.73,-4.25,12.4,0.573,3,194.55,119.55,61.45
692,6,327,1,0,GammaBand,Wearables,18,36.2,0.046,34.53,34.71,-0.5,2.15,0.5,9,310.81,148.81,47.88
692,6,327,1,0,DeltaDock,Accessories,30,72.0,0.184,58.75,68.89,-14.72,21.49,0.5,3,176.26,86.26,48.94
692,6,327,1,0,EpsilonCam,Imaging,55,158.95,0.03,154.18,176.18,-12.49,17.28,0.624,1,154.18,99.18,64.33
692,6,327,1,0,ZetaHub,Accessories,22,53.18,0.111,47.28,50.49,-6.36,65.98,0.908,41,1938.36,1036.36,53.47
692,6,327,1,0,EtaDesk,Furniture,80,158.52,0.108,141.4,163.18,-13.35,64.95,1.037,7,989.8,429.8,43.42
692,6,327,1,0,ThetaMat,Accessories,15,30.89,0.028,30.03,30.28,-0.84,30.92,0.75,44,1321.1,661.1,50.04
693,0,328,0,1,AlphaWatch,Wearables,40,110.23,0.047,105.05,100.5,4.53,2.61,0.5,1,105.05,65.05,61.92
693,0,328,0,1,BetaBuds,Audio,25,54.25,0.048,51.65,59.97,-13.88,64.24,0.708,22,1136.21,586.21,51.59
693,0,328,0,1,GammaBand,Wearables,18,35.09,0.284,25.12,40.54,-38.03,92.67,1.432,299,7512.21,2130.21,28.36
693,0,328,0,1,DeltaDock,Accessories,30,71.76,0.036,69.18,66.09,4.67,61.29,0.71,3,207.53,117.53,56.63
693,0,328,0,1,EpsilonCam,Imaging,55,136.85,0.048,130.28,159.83,-18.49,140.06,1.5,16,2084.5,1204.5,57.78
693,0,328,0,1,ZetaHub,Accessories,22,51.65,0.059,48.6,50.61,-3.97,170.94,1.5,62,3013.36,1649.36,54.73
693,0,328,0,1,EtaDesk,Furniture,80,151.28,0.132,131.31,162.87,-19.38,60.74,0.968,12,1575.73,615.73,39.08
693,0,328,0,1,ThetaMat,Accessories,15,39.38,0.035,38.0,32.75,16.04,27.97,0.794,13,494.02,299.02,60.53
694,1,329,0,1,AlphaWatch,Wearables,40,95.62,0.096,86.44,90.67,-4.66,80.14,1.452,17,1469.49,789.49,53.73
694,1,329,0,1,BetaBuds,Audio,25,56.1,0.053,53.13,45.14,17.69,9.72,0.635,6,318.76,168.76,52.94
694,1,329,0,1,GammaBand,Wearables,18,38.56,0.219,30.12,40.59,-25.81,9.5,0.598,36,1084.15,436.15,40.23
694,1,329,0,1,DeltaDock,Accessories,30,63.94,0.16,53.71,70.24,-23.53,37.49,0.863,4,214.84,94.84,44.14
694,1,329,0,1,EpsilonCam,Imaging,55,119.07,0.032,115.26,107.61,7.11,1.28,0.526,1,115.26,60.26,52.28
694,1,329,0,1,ZetaHub,Accessories,22,59.61,0.035,57.52,62.08,-7.34,183.43,1.5,40,2300.95,1420.95,61.75
694,1,329,0,1,EtaDesk,Furniture,80,166.24,0.086,151.94,197.02,-22.88,67.7,0.976,8,1215.55,575.55,47.35
694,1,329,0,1,ThetaMat,Accessories,15,38.37,0.038,36.91,32.2,14.63,7.0,0.5,6,221.47,131.47,59.36
695,2,330,0,1,AlphaWatch,Wearables,40,83.6,0.023,81.68,88.12,-7.31,39.77,0.916,17,1388.51,708.51,51.03
695,2,330,0,1,BetaBuds,Audio,25,45.67,0.116,40.37,51.7,-21.91,52.06,0.831,28,1130.42,430.42,38.08
695,2,330,0,1,GammaBand,Wearables,18,38.04,0.04,36.52,33.42,9.27,61.7,1.077,45,1643.33,833.33,50.71
695,2,330,0,1,DeltaDock,Accessories,30,68.02,0.086,62.17,58.55,6.18,35.29,1.001,4,248.68,128.68,51.75
695,2,330,0,1,EpsilonCam,Imaging,55,129.59,0.013,127.91,116.57,9.72,37.63,0.773,6,767.43,437.43,57.0
695,2,330,0,1,ZetaHub,Accessories,22,45.56,0.035,43.97,43.47,1.14,14.98,0.565,22,967.24,483.24,49.96
695,2,330,0,1,EtaDesk,Furniture,80,187.78,0.09,170.88,184.42,-7.34,0.9,0.588,1,170.88,90.88,53.18
695,2,330,0,1,ThetaMat,Accessories,15,37.8,0.018,37.12,46.1,-19.48,5.02,0.578,15,556.79,331.79,59.59
696,3,331,0,1,AlphaWatch,Wearables,40,79.93,0.092,72.58,69.55,4.35,31.85,0.627,5,362.88,162.88,44.89
696,3,331,0,1,BetaBuds,Audio,25,46.53,0.122,40.85,47.85,-14.62,53.96,0.687,18,735.36,285.36,38.81
696,3,331,0,1,GammaBand,Wearables,18,46.0,0.043,44.02,53.14,-17.16,0.8,0.5,5,220.11,130.11,59.11
696,3,331,0,1,DeltaDock,Accessories,30,59.72,0.125,52.26,55.9,-6.52,28.3,0.745,5,261.27,111.27,42.59
696,3,331,0,1,EpsilonCam,Imaging,55,130.27,0.035,125.71,141.86,-11.38,30.65,0.899,4,502.84,282.84,56.25
696,3,331,0,1,ZetaHub,Accessories,22,57.77,0.051,54.82,59.4,-7.7,28.04,0.881,17,932.0,558.0,59.87
696,3,331,0,1,EtaDesk,Furniture,80,210.54,0.143,180.43,228.9,-21.17,33.48,0.925,5,902.16,502.16,55.66
696,3,331,0,1,ThetaMat,Accessories,15,41.93,0.076,38.74,42.44,-8.71,10.12,0.606,11,426.18,261.18,61.28
697,4,332,0,1,AlphaWatch,Wearables,40,108.55,0.133,94.11,97.46,-3.43,8.6,0.595,4,376.45,216.45,57.5
697,4,332,0,1,BetaBuds,Audio,25,50.39,0.077,46.51,56.76,-18.06,3.62,0.508,7,325.57,150.57,46.25
697,4,332,0,1,GammaBand,Wearables,18,41.71,0.03,40.46,43.81,-7.65,25.68,1.03,32,1294.68,718.68,55.51
697,4,332,0,1,DeltaDock,Accessories,30,72.3,0.071,67.17,86.6,-22.44,83.78,1.426,12,806.0,446.0,55.34
697,4,332,0,1,EpsilonCam,Imaging,55,142.81,0.057,134.67,155.76,-13.54,32.26,0.883,5,673.35,398.35,59.16
697,4,332,0,1,ZetaHub,Accessories,22,60.79,0.007,60.36,65.05,-7.2,58.63,1.05,18,1086.56,690.56,63.55
697,4,332,0,1,EtaDesk,Furniture,80,166.68,0.113,147.85,171.47,-13.78,65.78,0.986,8,1182.76,542.76,45.89
697,4,332,0,1,ThetaMat,Accessories,15,39.79,0.163,33.3,45.63,-27.01,53.5,0.851,60,1998.25,1098.25,54.96
698,5,333,1,1,AlphaWatch,Wearables,40,107.8,0.01,106.72,125.6,-15.03,91.05,1.294,14,1494.11,934.11,62.52
698,5,333,1,1,BetaBuds,Audio,25,68.4,0.129,59.58,70.05,-14.95,3.26,0.627,4,238.31,138.31,58.04
698,5,333,1,1,GammaBand,Wearables,18,37.93,0.014,37.4,35.06,6.67,14.35,0.595,11,411.39,213.39,51.87
698,5,333,1,1,DeltaDock,Accessories,30,57.84,0.135,50.03,54.94,-8.93,32.74,0.92,3,150.09,60.09,40.04
698,5,333,1,1,EpsilonCam,Imaging,55,105.01,0.146,89.68,125.13,-28.33,23.31,0.5,8,717.43,277.43,38.67
698,5,333,1,1,ZetaHub,Accessories,22,60.64,0.146,51.79,62.6,-17.27,19.08,0.727,22,1139.3,655.3,57.52
698,5,333,1,1,EtaDesk,Furniture,80,163.43,0.052,154.93,158.92,-2.51,87.17,1.248,14,2169.04,1049.04,48.36
698,5,333,1,1,ThetaMat,Accessories,15,40.08,0.051,38.04,46.33,-17.9,88.18,1.241,41,1559.47,944.47,60.56
699,6,334,1,1,AlphaWatch,Wearables,40,104.46,0.09,95.06,113.89,-16.53,20.59,0.936,6,570.35,330.35,57.92
699,6,334,1,1,BetaBuds,Audio,25,44.14,0.169,36.68,38.65,-5.1,44.3,1.005,52,1907.38,607.38,31.84
699,6,334,1,1,GammaBand,Wearables,18,49.25,0.074,45.61,39.31,16.02,86.25,0.918,39,1778.61,1076.61,60.53
699,6,334,1,1,DeltaDock,Accessories,30,68.11,0.028,66.2,78.8,-15.99,25.38,0.761,2,132.41,72.41,54.68
699,6,334,1,1,EpsilonCam,Imaging,55,115.29,0.04,110.68,108.65,1.87,33.04,0.803,8,885.43,445.43,50.31
699,6,334,1,1,ZetaHub,Accessories,22,47.43,0.027,46.15,40.79,13.14,26.76,0.897,17,784.54,410.54,52.33
699,6,334,1,1,EtaDesk,Furniture,80,202.77,0.106,181.28,221.08,-18.0,14.51,0.5,3,543.83,303.83,55.87
699,6,334,1,1,ThetaMat,Accessories,15,33.73,0.145,28.84,31.98,-9.82,44.39,0.882,91,2624.36,1259.36,47.99
700,0,335,0,0,AlphaWatch,Wearables,40,98.2,0.012,97.02,113.0,-14.14,54.19,0.841,8,776.17,456.17,58.77
700,0,335,0,0,BetaBuds,Audio,25,55.38,0.035,53.44,57.22,-6.6,20.08,0.903,11,587.86,312.86,53.22
700,0,335,0,0,GammaBand,Wearables,18,45.29,0.023,44.25,42.83,3.31,22.93,0.5,8,353.99,209.99,59.32
700,0,335,0,0,DeltaDock,Accessories,30,72.45,0.158,61.0,73.8,-17.34,18.38,0.598,2,122.01,62.01,50.82
700,0,335,0,0,EpsilonCam,Imaging,55,131.15,0.046,125.12,119.7,4.53,26.87,0.762,3,375.35,210.35,56.04
700,0,335,0,0,ZetaHub,Accessories,22,52.76,0.002,52.65,47.12,11.75,2.69,0.62,5,263.27,153.27,58.22
700,0,335,0,0,EtaDesk,Furniture,80,219.38,0.084,200.95,186.48,7.76,30.17,0.649,2,401.9,241.9,60.19
700,0,335,0,0,ThetaMat,Accessories,15,28.45,0.057,26.83,29.72,-9.73,5.92,0.538,18,482.91,212.91,44.09
701,1,336,0,0,AlphaWatch,Wearables,40,89.6,0.037,86.28,77.48,11.36,2.37,0.574,1,86.28,46.28,53.64
701,1,336,0,0,BetaBuds,Audio,25,61.86,0.064,57.9,65.02,-10.95,14.71,0.633,5,289.5,164.5,56.82
701,1,336,0,0,GammaBand,Wearables,18,50.47,0.168,41.99,52.97,-20.73,48.14,0.832,25,1049.78,599.78,57.13
701,1,336,0,0,DeltaDock,Accessories,30,72.8,0.158,61.3,82.64,-25.83,12.15,0.561,2,122.6,62.6,51.06
701,1,336,0,0,EpsilonCam,Imaging,55,120.23,0.058,113.26,132.36,-14.43,5.4,0.5,2,226.51,116.51,51.44
701,1,336,0,0,ZetaHub,Accessories,22,51.22,0.118,45.18,55.9,-19.18,38.25,0.858,14,632.46,324.46,51.3
701,1,336,0,0,EtaDesk,Furniture,80,210.4,0.079,193.78,232.47,-16.64,57.07,0.989,6,1162.67,682.67,58.72
701,1,336,0,0,ThetaMat,Accessories,15,32.94,0.016,32.41,34.89,-7.1,23.6,0.74,14,453.78,243.78,53.72
702,2,337,0,0,AlphaWatch,Wearables,40,107.88,0.03,104.64,102.34,2.25,2.25,0.619,1,104.64,64.64,61.78
702,2,337,0,0,BetaBuds,Audio,25,52.02,0.209,41.15,51.25,-19.71,76.62,1.015,26,1069.84,419.84,39.24
702,2,337,0,0,GammaBand,Wearables,18,52.21,0.177,42.97,41.61,3.27,65.13,1.058,19,816.41,474.41,58.11
702,2,337,0,0,DeltaDock,Accessories,30,60.49,0.047,57.65,60.02,-3.95,10.57,0.668,1,57.65,27.65,47.96
702,2,337,0,0,EpsilonCam,Imaging,55,141.58,0.055,133.79,148.4,-9.84,40.32,0.853,2,267.59,157.59,58.89
702,2,337,0,0,ZetaHub,Accessories,22,44.8,0.054,42.38,58.12,-27.08,6.85,0.666,8,339.05,163.05,48.09
702,2,337,0,0,EtaDesk,Furniture,80,181.96,0.245,137.38,203.75,-32.57,71.02,0.863,11,1511.18,631.18,41.77
702,2,337,0,0,ThetaMat,Accessories,15,41.89,0.014,41.3,50.37,-18.0,8.28,0.767,7,289.12,184.12,63.68
703,3,338,0,0,AlphaWatch,Wearables,40,84.63,0.036,81.58,83.52,-2.32,11.87,0.5,3,244.75,124.75,50.97
703,3,338,0,0,BetaBuds,Audio,25,59.29,0.072,55.02,68.89,-20.13,0.64,0.5,3,165.06,90.06,54.56
703,3,338,0,0,GammaBand,Wearables,18,43.12,0.038,41.48,42.21,-1.73,46.41,1.003,26,1078.52,610.52,56.61
703,3,338,0,0,DeltaDock,Accessories,30,67.53,0.068,62.94,70.24,-10.4,9.66,0.69,1,62.94,32.94,52.33
703,3,338,0,0,EpsilonCam,Imaging,55,140.1,0.125,122.59,132.6,-7.55,16.28,0.5,3,367.76,202.76,55.13
703,3,338,0,0,ZetaHub,Accessories,22,47.51,0.096,42.95,51.55,-16.68,1.82,0.596,5,214.75,104.75,48.78
703,3,338,0,0,EtaDesk,Furniture,80,173.64,0.052,164.61,149.43,10.16,10.85,0.588,4,658.44,338.44,51.4
703,3,338,0,0,ThetaMat,Accessories,15,29.38,0.095,26.59,29.28,-9.19,136.31,1.459,162,4307.4,1877.4,43.59
704,4,339,0,0,AlphaWatch,Wearables,40,68.79,0.019,67.48,63.21,6.76,79.47,1.341,15,1012.24,412.24,40.73
704,4,339,0,0,BetaBuds,Audio,25,51.38,0.09,46.76,57.17,-18.22,28.32,0.5,11,514.31,239.31,46.53
704,4,339,0,0,GammaBand,Wearables,18,38.42,0.051,36.46,41.58,-12.31,1.28,0.5,5,182.3,92.3,50.63
704,4,339,0,0,DeltaDock,Accessories,30,78.67,0.142,67.5,69.9,-3.44,13.41,0.813,1,67.5,37.5,55.55
704,4,339,0,0,EpsilonCam,Imaging,55,144.46,0.173,119.47,124.1,-3.73,49.35,0.689,4,477.87,257.87,53.96
704,4,339,0,0,ZetaHub,Accessories,22,50.3,0.043,48.14,55.56,-13.36,19.02,0.861,17,818.33,444.33,54.3
704,4,339,0,0,EtaDesk,Furniture,80,171.81,0.016,169.06,188.87,-10.49,2.65,0.5,1,169.06,89.06,52.68
704,4,339,0,0,ThetaMat,Accessories,15,34.07,0.031,33.01,36.12,-8.6,11.06,0.811,24,792.33,432.33,54.56
705,5,340,1,0,AlphaWatch,Wearables,40,103.3,0.074,95.66,114.42,-16.4,130.47,1.5,7,669.59,389.59,58.18
705,5,340,1,0,BetaBuds,Audio,25,56.06,0.029,54.43,63.49,-14.26,7.27,0.649,11,598.78,323.78,54.07
705,5,340,1,0,GammaBand,Wearables,18,36.61,0.029,35.55,38.63,-7.98,12.67,0.5,20,710.97,350.97,49.36
705,5,340,1,0,DeltaDock,Accessories,30,51.96,0.042,49.78,66.42,-25.06,26.88,0.843,3,149.33,59.33,39.73
705,5,340,1,0,EpsilonCam,Imaging,55,151.99,0.071,141.2,180.71,-21.86,20.66,0.508,2,282.4,172.4,61.05
705,5,340,1,0,ZetaHub,Accessories,22,47.53,0.026,46.29,56.95,-18.71,73.4,1.102,44,2036.95,1068.95,52.48
705,5,340,1,0,EtaDesk,Furniture,80,160.88,0.039,154.61,145.18,6.49,54.65,0.878,7,1082.24,522.24,48.26
705,5,340,1,0,ThetaMat,Accessories,15,38.4,0.141,32.99,32.42,1.74,5.64,0.666,11,362.84,197.84,54.53
706,6,341,1,0,AlphaWatch,Wearables,40,91.65,0.123,80.38,93.96,-14.46,203.12,1.5,25,2009.43,1009.43,50.23
706,6,341,1,0,BetaBuds,Audio,25,46.17,0.036,44.51,43.23,2.96,78.8,1.131,31,1379.74,604.74,43.83
706,6,341,1,0,GammaBand,Wearables,18,34.57,0.012,34.16,31.3,9.12,142.93,1.5,65,2220.09,1050.09,47.3
706,6,341,1,0,DeltaDock,Accessories,30,72.67,0.048,69.18,87.96,-21.35,43.56,0.714,4,276.73,156.73,56.64
706,6,341,1,0,EpsilonCam,Imaging,55,134.34,0.064,125.74,132.15,-4.85,5.51,0.575,1,125.74,70.74,56.26
706,6,341,1,0,ZetaHub,Accessories,22,54.48,0.1,49.03,52.57,-6.73,24.13,0.694,18,882.58,486.58,55.13
706,6,341,1,0,EtaDesk,Furniture,80,161.64,0.161,135.62,177.25,-23.49,26.08,0.583,6,813.7,333.7,41.01
706,6,341,1,0,ThetaMat,Accessories,15,27.55,0.058,25.95,27.72,-6.38,95.6,1.159,67,1738.79,733.79,42.2
707,0,342,0,0,AlphaWatch,Wearables,40,99.64,0.089,90.77,92.67,-2.05,17.68,0.557,2,181.54,101.54,55.93
707,0,342,0,0,BetaBuds,Audio,25,62.22,0.042,59.61,70.08,-14.94,11.61,0.632,5,298.03,173.03,58.06
707,0,342,0,0,GammaBand,Wearables,18,44.01,0.117,38.86,43.2,-10.04,15.39,0.5,13,505.19,271.19,53.68
707,0,342,0,0,DeltaDock,Accessories,30,65.13,0.046,62.13,56.22,10.52,96.74,1.5,3,186.4,96.4,51.72
707,0,342,0,0,EpsilonCam,Imaging,55,119.88,0.0,119.88,124.63,-3.81,20.22,0.868,4,479.52,259.52,54.12
707,0,342,0,0,ZetaHub,Accessories,22,44.28,0.03,42.95,42.77,0.42,6.88,0.876,9,386.56,188.56,48.78
707,0,342,0,0,EtaDesk,Furniture,80,191.6,0.041,183.74,218.75,-16.0,3.33,0.5,1,183.74,103.74,56.46
707,0,342,0,0,ThetaMat,Accessories,15,31.5,0.02,30.87,32.34,-4.55,0.86,0.5,4,123.48,63.48,51.41
708,1,343,0,0,AlphaWatch,Wearables,40,103.2,0.098,93.09,99.7,-6.63,5.73,0.535,1,93.09,53.09,57.03
708,1,343,0,0,BetaBuds,Audio,25,64.16,0.091,58.32,71.35,-18.26,17.1,0.56,5,291.61,166.61,57.13
708,1,343,0,0,GammaBand,Wearables,18,51.66,0.07,48.04,69.12,-30.49,20.7,0.626,12,576.53,360.53,62.53
708,1,343,0,0,DeltaDock,Accessories,30,63.35,0.051,60.12,69.68,-13.72,15.88,0.767,1,60.12,30.12,50.1
708,1,343,0,0,EpsilonCam,Imaging,55,110.58,0.2,88.46,116.5,-24.07,34.68,0.675,3,265.39,100.39,37.83
708,1,343,0,0,ZetaHub,Accessories,22,50.33,0.117,44.44,47.3,-6.04,9.83,0.589,12,533.3,269.3,50.5
708,1,343,0,0,EtaDesk,Furniture,80,152.08,0.085,139.15,162.18,-14.2,4.55,0.5,1,139.15,59.15,42.51
708,1,343,0,0,ThetaMat,Accessories,15,40.28,0.084,36.9,42.31,-12.79,28.91,0.877,27,996.2,591.2,59.35
709,2,344,0,0,AlphaWatch,Wearables,40,87.46,0.09,79.59,105.43,-24.51,8.83,0.689,5,397.94,197.94,49.74
709,2,344,0,0,BetaBuds,Audio,25,67.72,0.036,65.28,75.22,-13.21,11.56,0.5,4,261.13,161.13,61.7
709,2,344,0,0,GammaBand,Wearables,18,49.29,0.027,47.96,44.78,7.1,26.63,0.602,5,239.8,149.8,62.47
709,2,344,0,0,DeltaDock,Accessories,30,56.95,0.172,47.15,43.95,7.29,34.92,0.5,2,94.31,34.31,36.38
709,2,344,0,0,EpsilonCam,Imaging,55,121.74,0.027,118.45,106.59,11.13,0.7,0.5,1,118.45,63.45,53.57
709,2,344,0,0,ZetaHub,Accessories,22,52.64,0.029,51.11,51.78,-1.29,11.18,0.752,9,460.02,262.02,56.96
709,2,344,0,0,EtaDesk,Furniture,80,159.95,0.044,152.91,167.86,-8.9,53.51,0.888,7,1070.39,510.39,47.68
709,2,344,0,0,ThetaMat,Accessories,15,37.8,0.018,37.12,44.07,-15.77,37.67,0.798,27,1002.23,597.23,59.59
710,3,345,0,0,AlphaWatch,Wearables,40,93.19,0.2,74.55,97.31,-23.39,2.72,0.541,2,149.1,69.1,46.35
710,3,345,0,0,BetaBuds,Audio,25,58.31,0.176,48.05,63.87,-24.77,25.75,0.591,8,384.38,184.38,47.97
710,3,345,0,0,GammaBand,Wearables,18,32.66,0.058,30.77,27.87,10.39,21.44,0.878,50,1538.29,638.29,41.49
710,3,345,0,0,DeltaDock,Accessories,30,78.45,0.014,77.35,88.89,-12.98,14.07,0.5,1,77.35,47.35,61.22
710,3,345,0,0,EpsilonCam,Imaging,55,107.57,0.022,105.2,96.39,9.14,9.02,0.5,2,210.41,100.41,47.72
710,3,345,0,0,ZetaHub,Accessories,22,49.91,0.046,47.61,56.63,-15.92,47.97,0.736,11,523.76,281.76,53.8
710,3,345,0,0,EtaDesk,Furniture,80,168.11,0.08,154.66,151.16,2.32,51.95,0.82,5,773.31,373.31,48.27
710,3,345,0,0,ThetaMat,Accessories,15,33.39,0.045,31.89,31.01,2.83,6.59,0.652,12,382.65,202.65,52.96
711,4,346,0,0,AlphaWatch,Wearables,40,109.57,0.069,102.01,115.21,-11.46,33.3,0.5,5,510.05,310.05,60.79
711,4,346,0,0,BetaBuds,Audio,25,56.88,0.02,55.74,52.93,5.31,42.06,0.793,7,390.2,215.2,55.15
711,4,346,0,0,GammaBand,Wearables,18,46.17,0.008,45.8,39.46,16.07,10.11,0.843,6,274.8,166.8,60.7
711,4,346,0,0,DeltaDock,Accessories,30,78.08,0.08,71.83,87.44,-17.85,2.35,0.741,1,71.83,41.83,58.24
711,4,346,0,0,EpsilonCam,Imaging,55,131.47,0.047,125.29,123.02,1.85,18.61,0.892,2,250.58,140.58,56.1
711,4,346,0,0,ZetaHub,Accessories,22,50.07,0.039,48.12,46.72,2.99,108.61,1.411,25,1202.93,652.93,54.28
711,4,346,0,0,EtaDesk,Furniture,80,162.27,0.163,135.82,150.71,-9.88,56.93,1.216,12,1629.84,669.84,41.1
711,4,346,0,0,ThetaMat,Accessories,15,39.82,0.066,37.19,33.9,9.71,41.33,0.77,25,929.8,554.8,59.67
712,5,347,1,0,AlphaWatch,Wearables,40,106.79,0.02,104.65,90.21,16.01,48.2,0.632,3,313.96,193.96,61.78
712,5,347,1,0,BetaBuds,Audio,25,69.96,0.117,61.77,61.78,-0.01,72.99,0.941,20,1235.49,735.49,59.53
712,5,347,1,0,GammaBand,Wearables,18,40.82,0.148,34.78,47.09,-26.14,41.51,1.064,48,1669.37,805.37,48.24
712,5,347,1,0,DeltaDock,Accessories,30,78.4,0.093,71.11,96.39,-26.23,13.09,0.519,1,71.11,41.11,57.81
712,5,347,1,0,EpsilonCam,Imaging,55,106.77,0.054,101.0,115.29,-12.39,20.0,0.5,6,606.03,276.03,45.55
712,5,347,1,0,ZetaHub,Accessories,22,42.61,0.05,40.48,44.06,-8.13,34.99,0.803,40,1619.18,739.18,45.65
712,5,347,1,0,EtaDesk,Furniture,80,205.28,0.067,191.53,232.36,-17.57,6.19,0.5,2,383.05,223.05,58.23
712,5,347,1,0,ThetaMat,Accessories,15,29.31,0.022,28.67,27.25,5.19,7.05,0.5,17,487.31,232.31,47.67
713,6,348,1,0,AlphaWatch,Wearables,40,92.29,0.227,71.34,80.63,-11.52,16.15,0.5,3,214.02,94.02,43.93
713,6,348,1,0,BetaBuds,Audio,25,54.17,0.025,52.82,56.82,-7.05,49.59,0.875,10,528.16,278.16,52.67
713,6,348,1,0,GammaBand,Wearables,18,43.81,0.055,41.4,47.61,-13.04,29.98,0.984,23,952.21,538.21,56.52
713,6,348,1,0,DeltaDock,Accessories,30,74.21,0.15,63.08,79.15,-20.31,13.58,0.654,2,126.16,66.16,52.44
713,6,348,1,0,EpsilonCam,Imaging,55,99.57,0.144,85.23,84.75,0.57,53.89,1.034,15,1278.48,453.48,35.47
713,6,348,1,0,ZetaHub,Accessories,22,54.55,0.043,52.2,51.19,1.98,56.27,0.953,19,991.88,573.88,57.86
713,6,348,1,0,EtaDesk,Furniture,80,177.92,0.106,159.06,169.2,-5.99,120.86,1.275,11,1749.67,869.67,49.7
713,6,348,1,0,ThetaMat,Accessories,15,33.82,0.018,33.21,31.29,6.14,11.54,0.5,26,863.49,473.49,54.83
714,0,349,0,0,AlphaWatch,Wearables,40,76.97,0.074,71.27,83.11,-14.24,35.71,0.724,5,356.37,156.37,43.88
714,0,349,0,0,BetaBuds,Audio,25,59.38,0.057,56.0,54.62,2.52,27.46,0.865,8,447.96,247.96,55.35
714,0,349,0,0,GammaBand,Wearables,18,52.63,0.088,48.0,53.98,-11.08,19.55,0.586,7,335.99,209.99,62.5
714,0,349,0,0,DeltaDock,Accessories,30,76.8,0.141,65.97,68.98,-4.36,21.75,0.86,3,197.91,107.91,54.53
714,0,349,0,0,EpsilonCam,Imaging,55,137.62,0.08,126.61,123.89,2.2,35.75,0.941,4,506.44,286.44,56.56
714,0,349,0,0,ZetaHub,Accessories,22,39.19,0.01,38.8,37.94,2.26,0.1,0.5,4,155.19,67.19,43.3
714,0,349,0,0,EtaDesk,Furniture,80,206.25,0.034,199.24,222.46,-10.44,42.34,1.005,5,996.19,596.19,59.85
714,0,349,0,0,ThetaMat,Accessories,15,28.88,0.026,28.13,30.5,-7.77,0.66,0.5,9,253.16,118.16,46.67
715,1,350,0,1,AlphaWatch,Wearables,40,106.69,0.061,100.18,121.04,-17.23,107.06,1.5,12,1202.18,722.18,60.07
715,1,350,0,1,BetaBuds,Audio,25,55.91,0.032,54.12,62.49,-13.39,68.23,0.925,12,649.45,349.45,53.81
715,1,350,0,1,GammaBand,Wearables,18,36.32,0.058,34.21,34.7,-1.4,70.56,1.14,72,2463.37,1167.37,47.39
715,1,350,0,1,DeltaDock,Accessories,30,67.45,0.077,62.26,76.33,-18.44,47.09,0.977,5,311.28,161.28,51.81
715,1,350,0,1,EpsilonCam,Imaging,55,139.92,0.172,115.85,144.99,-20.1,27.59,0.613,6,695.12,365.12,52.53
715,1,350,0,1,ZetaHub,Accessories,22,53.56,0.057,50.51,61.59,-17.99,23.92,0.753,13,656.59,370.59,56.44
715,1,350,0,1,EtaDesk,Furniture,80,170.46,0.019,167.22,180.52,-7.37,24.37,0.805,5,836.11,436.11,52.16
715,1,350,0,1,ThetaMat,Accessories,15,31.91,0.015,31.43,25.04,25.52,53.83,0.858,30,942.94,492.94,52.28
716,2,351,0,1,AlphaWatch,Wearables,40,82.15,0.176,67.69,89.7,-24.54,37.79,0.691,11,744.61,304.61,40.91
716,2,351,0,1,BetaBuds,Audio,25,54.81,0.013,54.1,61.77,-12.42,17.85,0.64,10,540.97,290.97,53.79
716,2,351,0,1,GammaBand,Wearables,18,33.16,0.029,32.2,37.08,-13.17,15.81,0.5,24,772.76,340.76,44.1
716,2,351,0,1,DeltaDock,Accessories,30,73.11,0.051,69.38,67.7,2.48,9.69,0.592,1,69.38,39.38,56.76
716,2,351,0,1,EpsilonCam,Imaging,55,146.82,0.136,126.85,137.82,-7.96,6.22,0.516,1,126.85,71.85,56.64
716,2,351,0,1,ZetaHub,Accessories,22,42.26,0.119,37.23,46.72,-20.31,50.76,0.623,30,1116.93,456.93,40.91
716,2,351,0,1,EtaDesk,Furniture,80,155.98,0.083,143.03,138.45,3.31,88.77,1.265,5,715.17,315.17,44.07
716,2,351,0,1,ThetaMat,Accessories,15,32.85,0.01,32.52,33.42,-2.69,25.04,0.982,40,1300.86,700.86,53.88
717,3,352,0,1,AlphaWatch,Wearables,40,102.64,0.05,97.51,113.75,-14.28,23.88,0.96,5,487.54,287.54,58.98
717,3,352,0,1,BetaBuds,Audio,25,60.46,0.065,56.53,61.66,-8.32,41.88,0.929,12,678.36,378.36,55.78
717,3,352,0,1,GammaBand,Wearables,18,48.38,0.276,35.03,52.97,-33.87,62.25,0.617,55,1926.49,936.49,48.61
717,3,352,0,1,DeltaDock,Accessories,30,60.64,0.106,54.21,53.76,0.84,50.97,0.815,4,216.85,96.85,44.66
717,3,352,0,1,EpsilonCam,Imaging,55,153.4,0.015,151.1,162.72,-7.14,65.4,1.11,4,604.4,384.4,63.6
717,3,352,0,1,ZetaHub,Accessories,22,39.88,0.084,36.53,40.98,-10.86,36.58,0.991,36,1315.08,523.08,39.78
717,3,352,0,1,EtaDesk,Furniture,80,200.4,0.071,186.17,217.92,-14.57,61.57,1.112,10,1861.72,1061.72,57.03
717,3,352,0,1,ThetaMat,Accessories,15,41.24,0.174,34.06,53.09,-35.84,62.67,1.437,67,2282.3,1277.3,55.97
718,4,353,0,1,AlphaWatch,Wearables,40,84.13,0.009,83.37,94.91,-12.16,7.57,0.6,5,416.86,216.86,52.02
718,4,353,0,1,BetaBuds,Audio,25,47.05,0.068,43.85,47.11,-6.92,4.19,0.786,11,482.36,207.36,42.99
718,4,353,0,1,GammaBand,Wearables,18,39.91,0.139,34.36,33.16,3.63,18.27,0.625,22,755.98,359.98,47.62
718,4,353,0,1,DeltaDock,Accessories,30,81.65,0.072,75.77,101.9,-25.64,48.55,0.916,4,303.08,183.08,60.41
718,4,353,0,1,EpsilonCam,Imaging,55,141.72,0.045,135.34,120.68,12.15,15.82,0.79,1,135.34,80.34,59.36
718,4,353,0,1,ZetaHub,Accessories,22,56.35,0.018,55.34,51.27,7.93,8.97,0.518,4,221.34,133.34,60.24
718,4,353,0,1,EtaDesk,Furniture,80,148.89,0.08,136.98,152.19,-9.99,57.7,1.114,12,1643.75,683.75,41.6
718,4,353,0,1,ThetaMat,Accessories,15,32.66,0.075,30.21,31.2,-3.17,52.1,0.832,51,1540.74,775.74,50.35
719,5,354,1,1,AlphaWatch,Wearables,40,99.94,0.146,85.35,89.09,-4.2,11.88,0.658,3,256.05,136.05,53.13
719,5,354,1,1,BetaBuds,Audio,25,56.33,0.127,49.18,59.85,-17.83,1.03,0.664,4,196.7,96.7,49.16
719,5,354,1,1,GammaBand,Wearables,18,38.2,0.039,36.71,44.18,-16.91,52.23,1.104,66,2422.87,1234.87,50.97
719,5,354,1,1,DeltaDock,Accessories,30,69.26,0.172,57.35,70.35,-18.48,1.6,0.573,1,57.35,27.35,47.69
719,5,354,1,1,EpsilonCam,Imaging,55,107.72,0.078,99.32,123.84,-19.8,6.99,0.588,5,496.59,221.59,44.62
719,5,354,1,1,ZetaHub,Accessories,22,60.31,0.123,52.89,58.06,-8.9,34.02,1.038,26,1375.19,803.19,58.41
719,5,354,1,1,EtaDesk,Furniture,80,192.15,0.033,185.81,212.98,-12.76,18.13,0.5,4,743.24,423.24,56.95
719,5,354,1,1,ThetaMat,Accessories,15,39.01,0.028,37.92,50.66,-25.15,18.05,0.805,19,720.44,435.44,60.44
720,6,355,1,1,AlphaWatch,Wearables,40,97.44,0.081,89.55,111.93,-20.0,7.76,0.734,4,358.19,198.19,55.33
720,6,355,1,1,BetaBuds,Audio,25,51.54,0.027,50.15,54.14,-7.37,30.55,0.592,13,651.93,326.93,50.15
720,6,355,1,1,GammaBand,Wearables,18,32.9,0.057,31.02,26.12,18.78,1.95,0.63,12,372.3,156.3,41.98
720,6,355,1,1,DeltaDock,Accessories,30,60.7,0.183,49.59,67.72,-26.77,13.99,0.5,4,198.37,78.37,39.51
720,6,355,1,1,EpsilonCam,Imaging,55,120.93,0.064,113.19,116.32,-2.69,17.28,0.5,3,339.57,174.57,51.41
720,6,355,1,1,ZetaHub,Accessories,22,54.23,0.07,50.43,64.27,-21.53,3.22,0.616,8,403.47,227.47,56.38
720,6,355,1,1,EtaDesk,Furniture,80,171.48,0.137,147.99,166.01,-10.86,99.57,1.077,9,1331.89,611.89,45.94
720,6,355,1,1,ThetaMat,Accessories,15,38.08,0.143,32.63,46.18,-29.33,24.59,0.5,21,685.33,370.33,54.04
721,0,356,0,1,AlphaWatch,Wearables,40,96.91,0.05,92.06,113.86,-19.14,1.5,0.785,3,276.19,156.19,56.55
721,0,356,0,1,BetaBuds,Audio,25,48.97,0.038,47.11,52.5,-10.27,48.66,0.823,18,847.96,397.96,46.93
721,0,356,0,1,GammaBand,Wearables,18,38.77,0.01,38.38,39.41,-2.61,9.87,0.825,15,575.73,305.73,53.1
721,0,356,0,1,DeltaDock,Accessories,30,82.35,0.074,76.26,73.93,3.15,8.03,0.566,1,76.26,46.26,60.66
721,0,356,0,1,EpsilonCam,Imaging,55,104.14,0.054,98.52,126.31,-22.0,17.4,0.59,5,492.58,217.58,44.17
721,0,356,0,1,ZetaHub,Accessories,22,55.94,0.015,55.1,65.87,-16.35,33.93,0.889,39,2148.94,1290.94,60.07
721,0,356,0,1,EtaDesk,Furniture,80,170.86,0.056,161.29,205.34,-21.45,55.85,1.022,11,1774.21,894.21,50.4
721,0,356,0,1,ThetaMat,Accessories,15,40.09,0.072,37.2,39.23,-5.17,16.29,0.692,13,483.65,288.65,59.68
722,1,357,0,1,AlphaWatch,Wearables,40,108.51,0.156,91.58,102.51,-10.66,49.31,1.024,8,732.66,412.66,56.32
722,1,357,0,1,BetaBuds,Audio,25,54.64,0.032,52.89,60.71,-12.88,13.01,0.632,6,317.35,167.35,52.73
722,1,357,0,1,GammaBand,Wearables,18,48.18,0.121,42.35,47.03,-9.95,24.14,0.738,26,1101.11,633.11,57.5
722,1,357,0,1,DeltaDock,Accessories,30,60.47,0.034,58.41,70.66,-17.33,52.58,0.715,3,175.24,85.24,48.64
722,1,357,0,1,EpsilonCam,Imaging,55,146.63,0.046,139.89,150.84,-7.26,22.5,0.82,4,559.54,339.54,60.68
722,1,357,0,1,ZetaHub,Accessories,22,50.17,0.06,47.16,49.3,-4.34,13.94,0.707,18,848.88,452.88,53.35
722,1,357,0,1,EtaDesk,Furniture,80,211.6,0.071,196.58,192.54,2.1,10.12,0.576,1,196.58,116.58,59.3
722,1,357,0,1,ThetaMat,Accessories,15,29.62,0.077,27.34,29.65,-7.79,62.07,1.036,101,2761.27,1246.27,45.13
723,2,358,0,1,AlphaWatch,Wearables,40,87.2,0.03,84.58,77.64,8.94,1.09,0.5,1,84.58,44.58,52.71
723,2,358,0,1,BetaBuds,Audio,25,51.24,0.088,46.73,57.44,-18.64,28.2,0.881,42,1962.7,912.7,46.5
723,2,358,0,1,GammaBand,Wearables,18,33.12,0.018,32.52,34.77,-6.46,13.81,0.57,30,975.72,435.72,44.66
723,2,358,0,1,DeltaDock,Accessories,30,67.89,0.14,58.39,68.1,-14.27,87.57,1.212,6,350.31,170.31,48.62
723,2,358,0,1,EpsilonCam,Imaging,55,110.78,0.115,98.04,120.56,-18.68,0.32,0.835,2,196.08,86.08,43.9
723,2,358,0,1,ZetaHub,Accessories,22,35.04,0.087,31.99,33.2,-3.64,88.47,1.287,55,1759.53,549.53,31.23
723,2,358,0,1,EtaDesk,Furniture,80,159.0,0.126,138.97,161.54,-13.97,28.72,0.728,7,972.76,412.76,42.43
723,2,358,0,1,ThetaMat,Accessories,15,31.83,0.023,31.1,39.75,-21.77,19.11,0.553,27,839.64,434.64,51.77
724,3,359,0,1,AlphaWatch,Wearables,40,100.13,0.038,96.33,113.6,-15.21,64.73,1.16,10,963.25,563.25,58.47
724,3,359,0,1,BetaBuds,Audio,25,52.43,0.052,49.7,58.44,-14.95,24.83,0.916,16,795.26,395.26,49.7
724,3,359,0,1,GammaBand,Wearables,18,47.6,0.078,43.89,51.6,-14.95,58.3,1.065,41,1799.38,1061.38,58.99
724,3,359,0,1,DeltaDock,Accessories,30,74.77,0.06,70.28,66.21,6.15,22.97,0.683,2,140.57,80.57,57.32
724,3,359,0,1,EpsilonCam,Imaging,55,144.22,0.089,131.38,144.79,-9.26,53.22,0.991,3,394.15,229.15,58.14
724,3,359,0,1,ZetaHub,Accessories,22,49.88,0.045,47.64,49.83,-4.4,74.87,0.968,31,1476.7,794.7,53.82
724,3,359,0,1,EtaDesk,Furniture,80,205.23,0.071,190.66,222.53,-14.32,26.95,1.085,2,381.32,221.32,58.04
724,3,359,0,1,ThetaMat,Accessories,15,31.62,0.06,29.72,27.19,9.32,19.58,0.563,27,802.52,397.52,49.53
725,4,360,0,1,AlphaWatch,Wearables,40,69.37,0.017,68.19,60.54,12.64,20.7,0.816,5,340.95,140.95,41.34
725,4,360,0,1,BetaBuds,Audio,25,57.81,0.043,55.32,61.99,-10.75,20.76,0.588,10,553.24,303.24,54.81
725,4,360,0,1,GammaBand,Wearables,18,43.68,0.112,38.79,52.62,-26.29,48.88,0.918,41,1590.3,852.3,53.59
725,4,360,0,1,DeltaDock,Accessories,30,81.59,0.065,76.29,70.56,8.12,37.23,0.628,3,228.86,138.86,60.67
725,4,360,0,1,EpsilonCam,Imaging,55,111.04,0.048,105.71,120.26,-12.1,19.62,0.594,3,317.13,152.13,47.97
725,4,360,0,1,ZetaHub,Accessories,22,52.36,0.104,46.91,55.35,-15.24,0.1,0.5,3,140.74,74.74,53.11
725,4,360,0,1,EtaDesk,Furniture,80,151.09,0.011,149.43,159.95,-6.58,50.78,1.16,10,1494.28,694.28,46.46
725,4,360,0,1,ThetaMat,Accessories,15,28.68,0.062,26.9,34.25,-21.45,37.13,1.088,84,2259.75,999.75,44.24
726,5,361,1,1,AlphaWatch,Wearables,40,104.51,0.079,96.25,90.07,6.87,37.84,1.009,8,770.03,450.03,58.44
726,5,361,1,1,BetaBuds,Audio,25,49.81,0.152,42.24,46.22,-8.61,9.56,0.529,11,464.63,189.63,40.81
726,5,361,1,1,GammaBand,Wearables,18,36.9,0.117,32.58,34.48,-5.5,110.95,1.409,123,4007.67,1793.67,44.76
726,5,361,1,1,DeltaDock,Accessories,30,78.97,0.131,68.62,85.95,-20.16,26.24,0.529,2,137.25,77.25,56.28
726,5,361,1,1,EpsilonCam,Imaging,55,126.47,0.046,120.65,113.28,6.51,34.01,0.756,8,965.22,525.22,54.41
726,5,361,1,1,ZetaHub,Accessories,22,42.86,0.201,34.25,52.73,-35.06,89.01,1.033,82,2808.1,1004.1,35.76
726,5,361,1,1,EtaDesk,Furniture,80,189.46,0.01,187.57,190.79,-1.69,90.78,1.322,7,1312.96,752.96,57.35
726,5,361,1,1,ThetaMat,Accessories,15,32.86,0.039,31.58,31.66,-0.26,15.23,0.77,23,726.3,381.3,52.5
727,6,362,1,0,AlphaWatch,Wearables,40,89.58,0.005,89.13,86.6,2.92,7.93,0.5,2,178.26,98.26,55.12
727,6,362,1,0,BetaBuds,Audio,25,56.52,0.057,53.3,55.14,-3.34,38.25,0.948,16,852.77,452.77,53.09
727,6,362,1,0,GammaBand,Wearables,18,44.94,0.012,44.4,47.15,-5.83,25.08,0.619,10,444.01,264.01,59.46
727,6,362,1,0,DeltaDock,Accessories,30,80.4,0.112,71.4,88.84,-19.64,1.1,0.5,1,71.4,41.4,57.98
727,6,362,1,0,EpsilonCam,Imaging,55,101.22,0.016,99.6,118.12,-15.68,19.18,0.983,7,697.2,312.2,44.78
727,6,362,1,0,ZetaHub,Accessories,22,43.76,0.009,43.37,54.15,-19.91,21.49,0.5,12,520.39,256.39,49.27
727,6,362,1,0,EtaDesk,Furniture,80,186.59,0.106,166.81,181.74,-8.21,0.97,0.584,1,166.81,86.81,52.04
727,6,362,1,0,ThetaMat,Accessories,15,38.86,0.065,36.33,49.39,-26.43,50.66,0.888,64,2325.38,1365.38,58.72
728,0,363,0,0,AlphaWatch,Wearables,40,73.87,0.042,70.77,93.18,-24.05,6.22,0.5,4,283.07,123.07,43.48
728,0,363,0,0,BetaBuds,Audio,25,49.77,0.088,45.39,56.37,-19.48,132.74,1.5,47,2133.34,958.34,44.92
728,0,363,0,0,GammaBand,Wearables,18,44.33,0.129,38.61,39.85,-3.11,10.3,0.742,15,579.17,309.17,53.38
728,0,363,0,0,DeltaDock,Accessories,30,71.26,0.102,63.99,72.24,-11.42,3.83,0.516,1,63.99,33.99,53.12
728,0,363,0,0,EpsilonCam,Imaging,55,132.49,0.026,129.05,124.32,3.8,24.59,0.622,2,258.09,148.09,57.38
728,0,363,0,0,ZetaHub,Accessories,22,56.92,0.13,49.52,60.98,-18.79,5.45,0.54,5,247.6,137.6,55.57
728,0,363,0,0,EtaDesk,Furniture,80,206.75,0.047,197.03,209.45,-5.93,57.67,0.745,2,394.07,234.07,59.4
728,0,363,0,0,ThetaMat,Accessories,15,25.17,0.022,24.62,23.07,6.7,18.16,0.763,49,1206.2,471.2,39.06
729,1,364,0,0,AlphaWatch,Wearables,40,79.17,0.042,75.84,72.89,4.05,32.11,0.991,8,606.76,286.76,47.26
729,1,364,0,0,BetaBuds,Audio,25,64.84,0.105,58.03,53.71,8.05,40.85,0.664,8,464.25,264.25,56.92
729,1,364,0,0,GammaBand,Wearables,18,31.59,0.124,27.67,32.85,-15.76,22.67,0.5,30,830.19,290.19,34.95
729,1,364,0,0,DeltaDock,Accessories,30,53.88,0.203,42.94,56.23,-23.63,92.17,1.379,13,558.25,168.25,30.14
729,1,364,0,0,EpsilonCam,Imaging,55,117.51,0.013,115.98,110.23,5.22,23.39,0.644,3,347.95,182.95,52.58
729,1,364,0,0,ZetaHub,Accessories,22,43.66,0.16,36.67,37.42,-1.99,8.52,0.611,15,550.12,220.12,40.01
729,1,364,0,0,EtaDesk,Furniture,80,152.36,0.126,133.16,158.04,-15.74,15.8,0.599,2,266.33,106.33,39.92
729,1,364,0,0,ThetaMat,Accessories,15,39.62,0.057,37.36,46.49,-19.64,24.01,0.538,23,859.32,514.32,59.85
